config,n,w,b,white_piece,black_piece,positions,quiet_positions,always_win_stm,always_win_white,quiet_always_win_stm,quiet_always_win_white,deepest_white,deepest_black,deepest_white_quiet,deepest_black_quiet,wtm_win,wtm_draw,wtm_loss,btm_win,btm_draw,btm_loss,wtm_win_pct,wtm_draw_pct,wtm_loss_pct,btm_win_pct,btm_draw_pct,btm_loss_pct,q_wtm_win,q_wtm_draw,q_wtm_loss,q_btm_win,q_btm_draw,q_btm_loss,q_wtm_win_pct,q_wtm_draw_pct,q_wtm_loss_pct,q_btm_win_pct,q_btm_draw_pct,q_btm_loss_pct,deepest_white_pos,deepest_white_quiet_pos
BBBBvB,3,4,1,bishop,bishop,630,121,0,0,0,0,3,0,3,0,573,57,0,373,257,0,90.952381,9.047619,0.000000,59.206349,40.793651,0.000000,64,57,0,64,57,0,52.892562,47.107438,0.000000,52.892562,47.107438,0.000000,"wBa1,wBb1,wBc1,wBb2,bBb3","wBa1,wBb1,wBc1,wBb2,bBb3"
BBBBvB,4,4,1,bishop,bishop,21840,6780,0,0,0,0,9,0,9,0,17584,4256,0,10416,11424,0,80.512821,19.487179,0.000000,47.692308,52.307692,0.000000,2524,4256,0,2524,4256,0,37.227139,62.772861,0.000000,37.227139,62.772861,0.000000,"wBa1,wBb1,wBc1,wBa2,bBd1","wBa1,wBb1,wBc1,wBa2,bBd1"
BBBBvB,5,4,1,bishop,bishop,265650,103820,0,0,0,0,11,0,11,0,196179,69471,0,99675,165975,0,73.848673,26.151327,0.000000,37.521174,62.478826,0.000000,34349,69471,0,30605,73215,0,33.085147,66.914853,0.000000,29.478906,70.521094,0.000000,"wBb1,wBc1,wBd1,wBa3,bBe1","wBb1,wBc1,wBd1,wBa3,bBe1"
BBBBvB,6,4,1,bishop,bishop,1884960,853600,0,0,0,0,9,0,9,0,1181364,703596,0,394848,1490112,0,62.673160,37.326840,0.000000,20.947288,79.052712,0.000000,150004,703596,0,121852,731748,0,17.573102,82.426898,0.000000,14.275070,85.724930,0.000000,"wBa1,wBb1,wBd1,wBa2,bBf1","wBa1,wBb1,wBd1,wBa2,bBf1"
BBBBvB,7,4,1,bishop,bishop,9534420,4797985,0,0,0,0,13,0,13,0,5635322,3899098,0,1970610,7563810,0,59.105032,40.894968,0.000000,20.668378,79.331622,0.000000,898887,3899098,0,804471,3993514,0,18.734677,81.265323,0.000000,16.766851,83.233149,0.000000,"wBa1,wBb1,wBc1,wBa3,bBg3","wBa1,wBb1,wBc1,wBa3,bBg3"
BBBBvB,8,4,1,bishop,bishop,38122560,20779040,0,0,0,0,15,0,15,0,18651200,19471360,0,2059592,36062968,0,48.924311,51.075689,0.000000,5.402554,94.597446,0.000000,1307680,19471360,0,514208,20264832,0,6.293265,93.706735,0.000000,2.474648,97.525352,0.000000,"wBh1,wBg2,wBb7,wBa8,bBe2","wBh1,wBg2,wBb7,wBa8,bBe2"
BBBBvB,9,4,1,bishop,bishop,128107980,74358056,0,0,0,0,17,0,17,0,57873486,70234494,0,6096014,122011966,0,45.175551,54.824449,0.000000,4.758497,95.241503,0.000000,4123562,70234494,0,2117898,72240158,0,5.545548,94.454452,0.000000,2.848243,97.151757,0.000000,"wBh1,wBg2,wBb7,wBa8,bBg4","wBh1,wBg2,wBb7,wBa8,bBg4"
BBBBvB,10,4,1,bishop,bishop,376437600,na,0,0,na,na,19,0,19,na,152492052,223945548,0,4534816,371902784,0,40.509251,59.490749,0.000000,1.204666,98.795334,0.000000,na,na,na,na,na,na,na,na,na,na,na,na,"wBa1,wBb2,wBc3,wBd4,bBh2","wBa1,wBb2,wBc3,wBd4,bBh2"
BBBBvB,11,4,1,bishop,bishop,993962970,na,0,0,na,na,19,0,19,na,373235825,620727145,0,8278185,985684785,0,37.550275,62.449725,0.000000,0.832846,99.167154,0.000000,na,na,na,na,na,na,na,na,na,na,na,na,"wBb1,wBc2,wBd3,wBe4,bBi2","wBb1,wBc2,wBd3,wBe4,bBi2"
BBBBvB,12,4,1,bishop,bishop,2405042640,na,0,0,na,na,21,0,21,na,841969192,1563073448,0,14252408,2390790232,0,35.008493,64.991507,0.000000,0.592605,99.407395,0.000000,na,na,na,na,na,na,na,na,na,na,na,na,"wBa1,wBb2,wBc3,wBd4,bBi1","wBa1,wBb2,wBc3,wBd4,bBi1"
BBBBvK,3,4,1,bishop,king,630,4,0,0,0,1,7,0,3,0,605,25,0,428,202,0,96.031746,3.968254,0.000000,67.936508,32.063492,0.000000,4,0,0,4,0,0,100.000000,0.000000,0.000000,100.000000,0.000000,0.000000,"wBa1,wBb2,wBc2,wBa3,bKa2","wBb1,wBc1,wBa2,wBa3,bKc3"
BBBBvK,4,4,1,bishop,king,21840,1908,0,0,0,0,7,0,7,0,20708,1132,0,16464,5376,0,94.816850,5.183150,0.000000,75.384615,24.615385,0.000000,1792,116,0,1792,116,0,93.920335,6.079665,0.000000,93.920335,6.079665,0.000000,"wBa1,wBb1,wBc1,wBb2,bKa4","wBa1,wBb1,wBc1,wBb2,bKa4"
BBBBvK,5,4,1,bishop,king,265650,49303,0,0,0,0,13,0,11,0,249714,15936,0,208648,57002,0,94.001129,5.998871,0.000000,78.542443,21.457557,0.000000,44504,4799,0,44504,4799,0,90.266312,9.733688,0.000000,90.266312,9.733688,0.000000,"wBb1,wBe2,wBa3,wBd3,bKb3","wBb1,wBc1,wBd1,wBa2,bKc3"
BBBBvK,6,4,1,bishop,king,1884960,519472,0,0,0,0,15,0,15,0,1762100,122860,0,1525920,359040,0,93.482090,6.517910,0.000000,80.952381,19.047619,0.000000,461636,57836,0,461636,57836,0,88.866387,11.133613,0.000000,88.866387,11.133613,0.000000,"wBc1,wBd1,wBd2,wBa3,bKd3","wBb1,wBd1,wBa3,wBf3,bKd4"
BBBBvK,7,4,1,bishop,king,9534420,3360028,0,0,0,0,19,0,17,0,8867051,667369,0,7856892,1677528,0,93.000424,6.999576,0.000000,82.405558,17.594442,0.000000,2962184,397844,0,2962184,397844,0,88.159503,11.840497,0.000000,88.159503,11.840497,0.000000,"wBd1,wBe2,wBa4,wBf4,bKe4","wBc1,wBd1,wBe1,wBd2,bKc5"
BBBBvK,8,4,1,bishop,king,38122560,15886504,0,0,0,0,21,0,21,0,35306912,2815648,0,31828320,6294240,0,92.614221,7.385779,0.000000,83.489461,16.510539,0.000000,13955552,1930952,0,13955552,1930952,0,87.845331,12.154669,0.000000,87.845331,12.154669,0.000000,"wBe1,wBe2,wBh2,wBa3,bKe3","wBd2,wBb3,wBh3,wBa4,bKe4"
BBBBvK,9,4,1,bishop,king,128107980,60287299,0,0,0,0,25,0,23,0,118192292,9915688,0,107905304,20202676,0,92.259898,7.740102,0.000000,84.229963,15.770037,0.000000,52842856,7444443,0,52842856,7444443,0,87.651722,12.348278,0.000000,87.651722,12.348278,0.000000,"wBe1,wBe2,wBa5,wBi5,bKe3","wBe1,wBd2,wBe2,wBa3,bKd4"
BBBBvK,10,4,1,bishop,king,376437600,na,0,0,na,na,27,0,25,na,346172288,30265312,0,319236960,57200640,0,91.960072,8.039928,0.000000,84.804749,15.195251,0.000000,na,na,na,na,na,na,na,na,na,na,na,na,"wBe1,wBf3,wBj4,wBa5,bKf4","wBd1,wBf1,wBg1,wBa4,bKe4"
BBBBvK,11,4,1,bishop,king,993962970,na,0,0,na,na,29,0,27,na,911331657,82631313,0,847130260,146832710,0,91.686681,8.313319,0.000000,85.227547,14.772453,0.000000,na,na,na,na,na,na,na,na,na,na,na,na,"wBg1,wBf2,wBa3,wBf3,bKf4","wBd1,wBe1,wBg1,wBd2,bKe5"
BBBBvK,12,4,1,bishop,king,2405042640,na,0,0,na,na,31,0,29,na,2199388180,205654460,0,2057937840,347104800,0,91.449031,8.550969,0.000000,85.567624,14.432376,0.000000,na,na,na,na,na,na,na,na,na,na,na,na,"wBf1,wBe2,wBg2,wBf4,bKf5","wBc1,wBe1,wBg1,wBh1,bKf6"
BBBBvN,3,4,1,bishop,knight,630,9,0,0,0,0,3,0,3,0,625,5,0,560,70,0,99.206349,0.793651,0.000000,88.888889,11.111111,0.000000,8,1,0,8,1,0,88.888889,11.111111,0.000000,88.888889,11.111111,0.000000,"wBa1,wBb1,wBc1,wBb2,bNb3","wBb1,wBc1,wBa2,wBa3,bNa1"
BBBBvN,4,4,1,bishop,knight,21840,1908,0,1,0,1,5,0,5,0,21840,0,0,21840,0,0,100.000000,0.000000,0.000000,100.000000,0.000000,0.000000,1908,0,0,1908,0,0,100.000000,0.000000,0.000000,100.000000,0.000000,0.000000,"wBa1,wBc1,wBd1,wBb2,bNb4","wBa1,wBc1,wBd1,wBb2,bNb4"
BBBBvN,5,4,1,bishop,knight,265650,44614,0,1,0,1,7,0,7,0,265650,0,0,265650,0,0,100.000000,0.000000,0.000000,100.000000,0.000000,0.000000,44614,0,0,44614,0,0,100.000000,0.000000,0.000000,100.000000,0.000000,0.000000,"wBa1,wBc1,wBe1,wBb2,bNd3","wBc1,wBa2,wBe2,wBc4,bNc5"
BBBBvN,6,4,1,bishop,knight,1884960,455164,0,1,0,1,9,0,9,0,1884960,0,0,1884960,0,0,100.000000,0.000000,0.000000,100.000000,0.000000,0.000000,455164,0,0,455164,0,0,100.000000,0.000000,0.000000,100.000000,0.000000,0.000000,"wBb1,wBe1,wBa3,wBb4,bNe3","wBb1,wBe1,wBa3,wBb4,bNe3"
BBBBvN,7,4,1,bishop,knight,9534420,2941195,0,1,0,1,11,0,11,0,9534420,0,0,9534420,0,0,100.000000,0.000000,0.000000,100.000000,0.000000,0.000000,2941195,0,0,2941195,0,0,100.000000,0.000000,0.000000,100.000000,0.000000,0.000000,"wBf1,wBe2,wBb5,wBa6,bNc3","wBf1,wBe2,wBb5,wBa6,bNe5"
BBBBvN,8,4,1,bishop,knight,38122560,14050416,0,1,0,1,13,0,13,0,38122560,0,0,38122560,0,0,100.000000,0.000000,0.000000,100.000000,0.000000,0.000000,14050416,0,0,14050416,0,0,100.000000,0.000000,0.000000,100.000000,0.000000,0.000000,"wBe1,wBh1,wBg2,wBa8,bNd3","wBe1,wBh1,wBg2,wBa8,bNc4"
BBBBvN,9,4,1,bishop,knight,128107980,54025298,0,0,0,1,13,0,13,0,128107980,0,0,128107476,504,0,100.000000,0.000000,0.000000,99.999607,0.000393,0.000000,54025298,0,0,54025298,0,0,100.000000,0.000000,0.000000,100.000000,0.000000,0.000000,"wBb1,wBd1,wBe1,wBf1,bNd7","wBb1,wBd1,wBe1,wBf1,bNd7"
BBBBvN,10,4,1,bishop,knight,376437600,na,0,1,na,na,15,0,15,na,376437600,0,0,376437600,0,0,100.000000,0.000000,0.000000,100.000000,0.000000,0.000000,na,na,na,na,na,na,na,na,na,na,na,na,"wBc1,wBd1,wBe1,wBf1,bNd6","wBc1,wBd1,wBe1,wBf1,bNd6"
BBBBvN,11,4,1,bishop,knight,993962970,na,0,0,na,na,17,0,17,na,993962970,0,0,993961434,1536,0,100.000000,0.000000,0.000000,99.999845,0.000155,0.000000,na,na,na,na,na,na,na,na,na,na,na,na,"wBd1,wBe1,wBf1,wBg1,bNf6","wBd1,wBe1,wBf1,wBg1,bNf6"
BBBBvN,12,4,1,bishop,knight,2405042640,na,0,0,na,na,19,0,19,na,2405042640,0,0,2405039544,3096,0,100.000000,0.000000,0.000000,99.999871,0.000129,0.000000,na,na,na,na,na,na,na,na,na,na,na,na,"wBd1,wBg1,wBe2,wBf2,bNg5","wBd1,wBg1,wBe2,wBf2,bNg5"
BBBBvQ,3,4,1,bishop,queen,630,0,0,0,na,na,5,11,0,0,549,81,0,176,346,108,87.142857,12.857143,0.000000,27.936508,54.920635,17.142857,0,0,0,0,0,0,0.000000,0.000000,0.000000,0.000000,0.000000,0.000000,"wBc1,wBa2,wBc2,wBa3,bQa1",
BBBBvQ,4,4,1,bishop,queen,21840,184,0,0,0,0,21,0,9,0,17140,4700,0,3216,18624,0,78.479853,21.520147,0.000000,14.725275,85.274725,0.000000,72,112,0,72,112,0,39.130435,60.869565,0.000000,39.130435,60.869565,0.000000,"wBc1,wBd2,wBb3,wBa4,bQa1","wBb1,wBc1,wBa2,wBa3,bQd4"
BBBBvQ,5,4,1,bishop,queen,265650,9670,0,0,0,0,15,0,13,0,165070,100580,0,1464,264186,0,62.138152,37.861848,0.000000,0.551101,99.448899,0.000000,264,9406,0,44,9626,0,2.730093,97.269907,0.000000,0.455016,99.544984,0.000000,"wBa1,wBb1,wBb2,wBc2,bQe1","wBa1,wBb1,wBb2,wBc2,bQe3"
BBBBvQ,6,4,1,bishop,queen,1884960,140900,0,0,0,0,3,0,0,0,1031480,853480,0,160,1884800,0,54.721586,45.278414,0.000000,0.008488,99.991512,0.000000,0,140900,0,0,140900,0,0.000000,100.000000,0.000000,0.000000,100.000000,0.000000,"wBb1,wBe1,wBa2,wBd2,bQa1",
BBBBvQ,7,4,1,bishop,queen,9534420,1115546,0,0,0,0,3,0,0,0,4736639,4797781,0,212,9534208,0,49.679362,50.320638,0.000000,0.002224,99.997776,0.000000,0,1115546,0,0,1115546,0,0.000000,100.000000,0.000000,0.000000,100.000000,0.000000,"wBb1,wBe1,wBa2,wBd2,bQa1",
BBBBvQ,8,4,1,bishop,queen,38122560,6083240,0,0,0,0,3,0,0,0,17343816,20778744,0,276,38122284,0,45.494888,54.505112,0.000000,0.000724,99.999276,0.000000,0,6083240,0,0,6083240,0,0.000000,100.000000,0.000000,0.000000,100.000000,0.000000,"wBb1,wBe1,wBa2,wBd2,bQa1",
BBBBvQ,9,4,1,bishop,queen,128107980,25711884,0,0,0,0,3,0,0,0,53750364,74357616,0,352,128107628,0,41.957077,58.042923,0.000000,0.000275,99.999725,0.000000,0,25711884,0,0,25711884,0,0.000000,100.000000,0.000000,0.000000,100.000000,0.000000,"wBb1,wBe1,wBa2,wBd2,bQa1",
BBBBvQ,10,4,1,bishop,queen,376437600,na,0,0,na,na,3,0,0,na,146537080,229900520,0,432,376437168,0,38.927323,61.072677,0.000000,0.000115,99.999885,0.000000,na,na,na,na,na,na,na,na,na,na,na,na,"wBb1,wBe1,wBa2,wBd2,bQa1",
BBBBvQ,11,4,1,bishop,queen,993962970,na,0,0,na,na,3,0,0,na,360832941,633130029,0,524,993962446,0,36.302453,63.697547,0.000000,0.000053,99.999947,0.000000,na,na,na,na,na,na,na,na,na,na,na,na,"wBb1,wBe1,wBa2,wBd2,bQa1",
BBBBvQ,12,4,1,bishop,queen,2405042640,na,0,0,na,na,3,0,0,na,817886388,1587156252,0,620,2405042020,0,34.007147,65.992853,0.000000,0.000026,99.999974,0.000000,na,na,na,na,na,na,na,na,na,na,na,na,"wBb1,wBe1,wBa2,wBd2,bQa1",
BBBBvR,3,4,1,bishop,rook,630,0,0,0,na,na,5,0,0,0,625,5,0,630,0,0,99.206349,0.793651,0.000000,100.000000,0.000000,0.000000,0,0,0,0,0,0,0.000000,0.000000,0.000000,0.000000,0.000000,0.000000,"wBa1,wBc1,wBb2,wBa3,bRb1",
BBBBvR,4,4,1,bishop,rook,21840,184,0,0,0,1,9,0,5,0,21840,0,0,21456,384,0,100.000000,0.000000,0.000000,98.241758,1.758242,0.000000,184,0,0,184,0,0,100.000000,0.000000,0.000000,100.000000,0.000000,0.000000,"wBb1,wBd1,wBa2,wBa4,bRb2","wBa1,wBc1,wBa2,wBb2,bRd3"
BBBBvR,5,4,1,bishop,rook,265650,9670,0,0,0,1,15,0,15,0,265650,0,0,248372,17278,0,100.000000,0.000000,0.000000,93.495953,6.504047,0.000000,9670,0,0,9670,0,0,100.000000,0.000000,0.000000,100.000000,0.000000,0.000000,"wBb1,wBd1,wBa2,wBc2,bRe3","wBb1,wBd1,wBa2,wBc2,bRe3"
BBBBvR,6,4,1,bishop,rook,1884960,140900,0,0,0,0,21,0,21,0,1851496,33464,0,1022800,862160,0,98.224684,1.775316,0.000000,54.261098,45.738902,0.000000,140900,0,0,134980,5920,0,100.000000,0.000000,0.000000,95.798439,4.201561,0.000000,"wBb1,wBf1,wBe2,wBa6,bRc1","wBf1,wBa2,wBe2,wBa6,bRb4"
BBBBvR,7,4,1,bishop,rook,9534420,1115546,0,0,0,0,43,0,43,0,9328464,205956,0,5098552,4435868,0,97.839869,2.160131,0.000000,53.475219,46.524781,0.000000,1115546,0,0,1047234,68312,0,100.000000,0.000000,0.000000,93.876362,6.123638,0.000000,"wBb1,wBf1,wBf3,wBa4,bRa1","wBb1,wBf1,wBc2,wBa6,bRd5"
BBBBvR,8,4,1,bishop,rook,38122560,6083240,0,0,0,0,49,0,47,0,34650252,3472308,0,17234516,20888044,0,90.891724,9.108276,0.000000,45.208181,54.791819,0.000000,5267376,815864,0,4781152,1302088,0,86.588331,13.411669,0.000000,78.595485,21.404515,0.000000,"wBe1,wBf1,wBa3,wBa5,bRf6","wBa3,wBa4,wBh4,wBa5,bRe6"
BBBBvR,9,4,1,bishop,rook,128107980,25711884,0,0,0,0,31,0,9,0,55244464,72863516,0,134597,127973383,0,43.123359,56.876641,0.000000,0.105065,99.894935,0.000000,872,25711012,0,32,25711852,0,0.003391,99.996609,0.000000,0.000124,99.999876,0.000000,"wBd1,wBh1,wBa2,wBe2,bRa1","wBc3,wBg3,wBc4,wBe4,bRd1"
BBBBvR,10,4,1,bishop,rook,376437600,na,0,0,na,na,31,0,0,na,149014048,227423552,0,190828,376246772,0,39.585325,60.414675,0.000000,0.050693,99.949307,0.000000,na,na,na,na,na,na,na,na,na,na,na,na,"wBd1,wBh1,wBa2,wBe2,bRa1",
BBBBvR,11,4,1,bishop,rook,993962970,na,0,0,na,na,31,0,0,na,364749597,629213373,0,263129,993699841,0,36.696498,63.303502,0.000000,0.026473,99.973527,0.000000,na,na,na,na,na,na,na,na,na,na,na,na,"wBd1,wBh1,wBa2,wBe2,bRa1",
BBBBvR,12,4,1,bishop,rook,2405042640,na,0,0,na,na,31,0,0,na,823838384,1581204256,0,354268,2404688372,0,34.254627,65.745373,0.000000,0.014730,99.985270,0.000000,na,na,na,na,na,na,na,na,na,na,na,na,"wBd1,wBh1,wBa2,wBe2,bRa1",
BBBvB,3,3,1,bishop,bishop,504,164,0,0,0,0,3,0,3,0,396,108,0,196,308,0,78.571429,21.428571,0.000000,38.888889,61.111111,0.000000,56,108,0,56,108,0,34.146341,65.853659,0.000000,34.146341,65.853659,0.000000,"wBa1,wBb1,wBc1,bBb3","wBa1,wBb1,wBc1,bBb3"
BBBvB,4,3,1,bishop,bishop,7280,3120,0,0,0,0,9,0,9,0,4816,2464,0,2096,5184,0,66.153846,33.846154,0.000000,28.791209,71.208791,0.000000,656,2464,0,656,2464,0,21.025641,78.974359,0.000000,21.025641,78.974359,0.000000,"wBa1,wBb1,wBa2,bBd1","wBa1,wBb1,wBa2,bBd1"
BBBvB,5,3,1,bishop,bishop,50600,25328,0,0,0,0,11,0,11,0,30228,20372,0,10872,39728,0,59.739130,40.260870,0.000000,21.486166,78.513834,0.000000,4956,20372,0,4332,20996,0,19.567277,80.432723,0.000000,17.103601,82.896399,0.000000,"wBb1,wBc1,wBa3,bBe1","wBb1,wBc1,wBa3,bBe1"
BBBvB,6,3,1,bishop,bishop,235620,130912,0,0,0,0,9,0,9,0,114084,121536,0,18924,216696,0,48.418640,51.581360,0.000000,8.031576,91.968424,0.000000,9376,121536,0,6064,124848,0,7.162063,92.837937,0.000000,4.632119,95.367881,0.000000,"wBb1,wBd1,wBa2,bBf1","wBb1,wBd1,wBa2,bBf1"
BBBvB,7,3,1,bishop,bishop,847504,508228,0,0,0,0,13,0,13,0,376152,471352,0,64420,783084,0,44.383507,55.616493,0.000000,7.601144,92.398856,0.000000,36876,471352,0,28892,479336,0,7.255799,92.744201,0.000000,5.684850,94.315150,0.000000,"wBa1,wBc1,wBa3,bBg3","wBa1,wBc1,wBa3,bBg3"
BBBvB,8,3,1,bishop,bishop,2541504,1615840,0,0,0,0,11,0,11,0,959568,1581936,0,28160,2513344,0,37.755911,62.244089,0.000000,1.108005,98.891995,0.000000,33904,1581936,0,0,1615840,0,2.098228,97.901772,0.000000,0.000000,100.000000,0.000000,"wBb1,wBc2,wBd3,bBg2","wBb1,wBc2,wBd3,bBg2"
BBBvB,9,3,1,bishop,bishop,6654960,4431840,0,0,0,0,13,0,13,0,2289960,4365000,0,47220,6607740,0,34.409824,65.590176,0.000000,0.709546,99.290454,0.000000,66840,4365000,0,0,4431840,0,1.508177,98.491823,0.000000,0.000000,100.000000,0.000000,"wBa1,wBb2,wBc3,bBg1","wBa1,wBb2,wBc3,bBg1"
BBBvB,10,3,1,bishop,bishop,15684900,na,0,0,na,na,13,0,13,na,4960644,10724256,0,74348,15610552,0,31.626877,68.373123,0.000000,0.474010,99.525990,0.000000,na,na,na,na,na,na,na,na,na,na,na,na,"wBb1,wBc2,wBd3,bBh1","wBb1,wBc2,wBd3,bBh1"
BBBvB,11,3,1,bishop,bishop,33981640,na,0,0,na,na,13,0,13,na,9943860,24037780,0,111408,33870232,0,29.262449,70.737551,0.000000,0.327848,99.672152,0.000000,na,na,na,na,na,na,na,na,na,na,na,na,"wBa1,wBb2,wBc3,bBi1","wBa1,wBb2,wBc3,bBi1"
BBBvB,12,3,1,bishop,bishop,68715504,na,0,0,na,na,13,0,13,na,18715840,49999664,0,160656,68554848,0,27.236706,72.763294,0.000000,0.233799,99.766201,0.000000,na,na,na,na,na,na,na,na,na,na,na,na,"wBb1,wBc2,wBd3,bBj1","wBb1,wBc2,wBd3,bBj1"
BBBvBB,3,3,2,bishop,bishop,1260,148,0,0,0,0,5,5,5,0,592,668,0,106,1150,4,46.984127,53.015873,0.000000,8.412698,91.269841,0.317460,24,124,0,24,124,0,16.216216,83.783784,0.000000,16.216216,83.783784,0.000000,"wBa1,wBb1,wBa2,bBc2,bBb3","wBb1,wBc1,wBa3,bBa1,bBb3"
BBBvBB,4,3,2,bishop,bishop,43680,8108,0,0,0,0,11,7,9,0,10560,33120,0,520,43128,32,24.175824,75.824176,0.000000,1.190476,98.736264,0.073260,108,8000,0,76,8032,0,1.332018,98.667982,0.000000,0.937346,99.062654,0.000000,"wBa1,wBb1,wBa2,bBd1,bBb2","wBc1,wBd2,wBa3,bBa1,bBd4"
BBBvBB,5,3,2,bishop,bishop,531300,133316,0,0,0,0,17,9,17,0,82698,448602,0,5434,525830,36,15.565217,84.434783,0.000000,1.022774,98.970450,0.006776,900,132416,0,644,132672,0,0.675088,99.324912,0.000000,0.483063,99.516937,0.000000,"wBc1,wBa3,wBe3,bBa1,bBc3","wBc1,wBa3,wBe3,bBa1,bBc3"
BBBvBB,6,3,2,bishop,bishop,3769920,1164260,0,0,0,0,13,0,11,0,163940,3605980,0,604,3769316,0,4.348633,95.651367,0.000000,0.016022,99.983978,0.000000,260,1164000,0,20,1164240,0,0.022332,99.977668,0.000000,0.001718,99.998282,0.000000,"wBb2,wBd2,wBa3,bBa1,bBf6","wBa1,wBb2,wBc3,bBf2,bBe3"
BBBvBB,7,3,2,bishop,bishop,19068840,6859768,0,0,0,0,17,0,15,0,739096,18329744,0,1150,19067690,0,3.875936,96.124064,0.000000,0.006031,99.993969,0.000000,240,6859528,0,0,6859768,0,0.003499,99.996501,0.000000,0.000000,100.000000,0.000000,"wBb2,wBd2,wBa3,bBa1,bBg7","wBa1,wBb2,wBc3,bBg1,bBa7"
BBBvBB,8,3,2,bishop,bishop,76245120,30831960,0,0,0,0,13,0,0,0,481700,75763420,0,60,76245060,0,0.631778,99.368222,0.000000,0.000079,99.999921,0.000000,0,30831960,0,0,30831960,0,0.000000,100.000000,0.000000,0.000000,100.000000,0.000000,"wBb1,wBd1,wBd3,bBf1,bBc2",
BBBvBB,9,3,2,bishop,bishop,256215960,113677560,0,0,0,0,13,0,0,0,960102,255255858,0,102,256215858,0,0.374724,99.625276,0.000000,0.000040,99.999960,0.000000,0,113677560,0,0,113677560,0,0.000000,100.000000,0.000000,0.000000,100.000000,0.000000,"wBa1,wBb2,wBc3,bBg1,bBd4",
BBBvBB,10,3,2,bishop,bishop,752875200,na,0,0,na,na,13,0,0,na,1754084,751121116,0,140,752875060,0,0.232985,99.767015,0.000000,0.000019,99.999981,0.000000,na,na,na,na,na,na,na,na,na,na,na,na,"wBb1,wBc2,wBd3,bBh1,bBe4",
BBBvBB,11,3,2,bishop,bishop,1987925940,na,0,0,na,na,13,0,0,na,2990206,1984935734,0,224,1987925716,0,0.150418,99.849582,0.000000,0.000011,99.999989,0.000000,na,na,na,na,na,na,na,na,na,na,na,na,"wBa1,wBb2,wBc3,bBi1,bBe5",
BBBvBB,12,3,2,bishop,bishop,4810085280,na,0,0,na,na,13,0,0,na,4837688,4805247592,0,276,4810085004,0,0.100574,99.899426,0.000000,0.000006,99.999994,0.000000,na,na,na,na,na,na,na,na,na,na,na,na,"wBb1,wBc2,wBd3,bBj1,bBf5",
BBBvK,3,3,1,bishop,king,504,20,0,0,0,1,7,9,5,0,444,60,0,140,228,136,88.095238,11.904762,0.000000,27.777778,45.238095,26.984127,20,0,0,20,0,0,100.000000,0.000000,0.000000,100.000000,0.000000,0.000000,"wBc1,wBa2,wBb2,bKc2","wBb1,wBc1,wBa3,bKc3"
BBBvK,4,3,1,bishop,king,7280,1232,0,0,0,0,11,0,9,0,6336,944,0,2728,4552,0,87.032967,12.967033,0.000000,37.472527,62.527473,0.000000,1008,224,0,1008,224,0,81.818182,18.181818,0.000000,81.818182,18.181818,0.000000,"wBc1,wBd1,wBa4,bKb1","wBa1,wBb1,wBc1,bKb3"
BBBvK,5,3,1,bishop,king,50600,14556,0,0,0,0,17,0,17,0,43456,7144,0,22544,28056,0,85.881423,14.118577,0.000000,44.553360,55.446640,0.000000,11312,3244,0,11312,3244,0,77.713658,22.286342,0.000000,77.713658,22.286342,0.000000,"wBc1,wBa2,wBe2,bKc2","wBc1,wBa2,wBe2,bKc3"
BBBvK,6,3,1,bishop,king,235620,90352,0,0,0,0,19,0,19,0,200180,35440,0,118944,116676,0,84.958832,15.041168,0.000000,50.481283,49.518717,0.000000,68944,21408,0,68944,21408,0,76.306003,23.693997,0.000000,76.306003,23.693997,0.000000,"wBd1,wBf2,wBa3,bKd2","wBd1,wBf2,wBa3,bKc3"
BBBvK,7,3,1,bishop,king,847504,389372,0,0,0,0,25,0,23,0,712812,134692,0,465640,381864,0,84.107214,15.892786,0.000000,54.942514,45.057486,0.000000,294420,94952,0,294420,94952,0,75.614066,24.385934,0.000000,75.614066,24.385934,0.000000,"wBd2,wBa4,wBg4,bKd3","wBd2,wBb3,wBf3,bKd4"
BBBvK,8,3,1,bishop,king,2541504,1321712,0,0,0,0,27,0,25,0,2119648,421856,0,1484968,1056536,0,83.401325,16.598675,0.000000,58.428710,41.571290,0.000000,995424,326288,0,995424,326288,0,75.313230,24.686770,0.000000,75.313230,24.686770,0.000000,"wBa4,wBb4,wBg4,bKc4","wBc1,wBd1,wBe1,bKd3"
BBBvK,9,3,1,bishop,king,6654960,3787636,0,0,0,0,31,0,29,0,5508400,1146560,0,4066004,2588956,0,82.771346,17.228654,0.000000,61.097347,38.902653,0.000000,2845616,942020,0,2845616,942020,0,75.129078,24.870922,0.000000,75.129078,24.870922,0.000000,"wBe3,wBb5,wBh5,bKe4","wBi2,wBe3,wBa4,bKd5"
BBBvK,10,3,1,bishop,king,15684900,na,0,0,na,na,33,0,31,na,12898564,2786336,0,9914720,5770180,0,82.235551,17.764449,0.000000,63.211879,36.788121,0.000000,na,na,na,na,na,na,na,na,na,na,na,na,"wBc5,wBh5,wBb6,bKg5","wBd1,wBe1,wBg1,bKf4"
BBBvK,11,3,1,bishop,king,33981640,na,0,0,na,na,37,0,35,na,27782604,6199036,0,22047444,11934196,0,81.757690,18.242310,0.000000,64.880459,35.119541,0.000000,na,na,na,na,na,na,na,na,na,na,na,na,"wBf4,wBc6,wBi6,bKf5","wBa4,wBf4,wBk4,bKe6"
BBBvK,12,3,1,bishop,king,68715504,na,0,0,na,na,39,0,37,na,55895008,12820496,0,45513480,23202024,0,81.342644,18.657356,0.000000,66.234659,33.765341,0.000000,na,na,na,na,na,na,na,na,na,na,na,na,"wBd6,wBi6,wBc7,bKh6","wBf1,wBi1,wBe2,bKg5"
BBBvKK,3,3,2,bishop,king,1260,0,0,0,na,na,9,11,0,0,404,454,402,0,34,1226,32.063492,36.031746,31.904762,0.000000,2.698413,97.301587,0,0,0,0,0,0,0.000000,0.000000,0.000000,0.000000,0.000000,0.000000,"wBa1,wBb1,wBb2,bKc2,bKa3",
BBBvKK,4,3,2,bishop,king,43680,1200,0,0,0,0,13,35,11,25,16420,26996,264,112,20596,22972,37.591575,61.804029,0.604396,0.256410,47.152015,52.591575,8,1184,8,0,1184,16,0.666667,98.666667,0.666667,0.000000,98.666667,1.333333,"wBa1,wBb1,wBb2,bKd1,bKd4","wBb1,wBc1,wBa2,bKa4,bKd4"
BBBvKK,5,3,2,bishop,king,531300,43674,0,0,0,0,25,27,25,0,215976,315320,4,4350,499560,27390,40.650480,59.348767,0.000753,0.818746,94.025974,5.155280,2364,41310,0,334,43340,0,5.412831,94.587169,0.000000,0.764757,99.235243,0.000000,"wBc1,wBc2,wBa3,bKa5,bKe5","wBc1,wBc2,wBa3,bKa5,bKe5"
BBBvKK,6,3,2,bishop,king,3769920,552924,0,0,0,0,25,0,25,0,1548028,2221892,0,42128,3727792,0,41.062622,58.937378,0.000000,1.117477,98.882523,0.000000,13584,539340,0,36,552888,0,2.456757,97.543243,0.000000,0.006511,99.993489,0.000000,"wBe1,wBa3,wBa4,bKb6,bKf6","wBe1,wBa3,wBa4,bKb6,bKf6"
BBBvKK,7,3,2,bishop,king,19068840,4020622,0,0,0,0,31,0,31,0,7764262,11304578,0,290510,18778330,0,40.717013,59.282987,0.000000,1.523480,98.476520,0.000000,101436,3919186,0,1676,4018946,0,2.522893,97.477107,0.000000,0.041685,99.958315,0.000000,"wBa1,wBd1,wBc2,bKg3,bKa7","wBa1,wBd1,wBc2,bKg3,bKa7"
BBBvKK,8,3,2,bishop,king,76245120,20611388,0,0,0,0,35,0,35,0,30328208,45916912,0,1400844,74844276,0,39.777245,60.222755,0.000000,1.837290,98.162710,0.000000,534444,20076944,0,9164,20602224,0,2.592955,97.407045,0.000000,0.044461,99.955539,0.000000,"wBf1,wBa2,wBa3,bKh1,bKh8","wBf1,wBa2,wBa3,bKh1,bKh8"
BBBvKK,9,3,2,bishop,king,256215960,82986686,0,0,0,0,69,0,69,0,98954514,157261446,0,5297294,250918666,0,38.621526,61.378474,0.000000,2.067511,97.932489,0.000000,2494868,80491818,0,75220,82911466,0,3.006347,96.993653,0.000000,0.090641,99.909359,0.000000,"wBd1,wBe1,wBa2,bKa1,bKi6","wBe1,wBb3,wBc4,bKa1,bKi6"
BBBvKK,10,3,2,bishop,king,752875200,na,0,0,na,na,67,0,65,na,280453700,472421500,0,16371796,736503404,0,37.251021,62.748979,0.000000,2.174570,97.825430,0.000000,na,na,na,na,na,na,na,na,na,na,na,na,"wBb2,wBg2,wBe4,bKa2,bKi10","wBg1,wBh1,wBe2,bKc1,bKj10"
BBBvKK,11,3,2,bishop,king,1987925940,na,0,0,na,na,71,0,71,na,711816144,1276109796,0,43595008,1944330932,0,35.806975,64.193025,0.000000,2.192990,97.807010,0.000000,na,na,na,na,na,na,na,na,na,na,na,na,"wBe1,wBc2,wBe4,bKi1,bKa11","wBe1,wBc2,wBe4,bKi1,bKa11"
BBBvKK,12,3,2,bishop,king,4810085280,na,0,0,na,na,73,0,73,na,1654238232,3155847048,0,103958292,4706126988,0,34.391037,65.608963,0.000000,2.161257,97.838743,0.000000,na,na,na,na,na,na,na,na,na,na,na,na,"wBk1,wBb2,wBi2,bKl1,bKf10","wBb2,wBi2,wBc3,bKh4,bKa12"
BBBvN,3,3,1,bishop,knight,504,36,0,0,0,0,11,0,5,0,500,4,0,432,72,0,99.206349,0.793651,0.000000,85.714286,14.285714,0.000000,32,4,0,32,4,0,88.888889,11.111111,0.000000,88.888889,11.111111,0.000000,"wBa1,wBc1,wBb2,bNb3","wBb1,wBc1,wBa3,bNa1"
BBBvN,4,3,1,bishop,knight,7280,1232,0,0,0,1,7,0,7,0,7280,0,0,7272,8,0,100.000000,0.000000,0.000000,99.890110,0.109890,0.000000,1232,0,0,1232,0,0,100.000000,0.000000,0.000000,100.000000,0.000000,0.000000,"wBa1,wBc1,wBb2,bNb3","wBa1,wBd1,wBa4,bNc1"
BBBvN,5,3,1,bishop,knight,50600,13336,0,0,0,1,7,0,7,0,50600,0,0,50576,24,0,100.000000,0.000000,0.000000,99.952569,0.047431,0.000000,13336,0,0,13336,0,0,100.000000,0.000000,0.000000,100.000000,0.000000,0.000000,"wBa1,wBc1,wBe1,bNb3","wBa1,wBb1,wBb2,bNd5"
BBBvN,6,3,1,bishop,knight,235620,80984,0,0,0,1,9,0,9,0,235620,0,0,235596,24,0,100.000000,0.000000,0.000000,99.989814,0.010186,0.000000,80984,0,0,80984,0,0,100.000000,0.000000,0.000000,100.000000,0.000000,0.000000,"wBc1,wBd1,wBa2,bNb5","wBc1,wBd1,wBa2,bNb5"
BBBvN,7,3,1,bishop,knight,847504,349988,0,0,0,1,15,0,11,0,847504,0,0,785500,62004,0,100.000000,0.000000,0.000000,92.683928,7.316072,0.000000,349988,0,0,349988,0,0,100.000000,0.000000,0.000000,100.000000,0.000000,0.000000,"wBd2,wBg3,wBc5,bNe4","wBc1,wBd1,wBe1,bNc4"
BBBvN,8,3,1,bishop,knight,2541504,1200208,0,0,0,1,19,0,13,0,2541504,0,0,2365288,176216,0,100.000000,0.000000,0.000000,93.066468,6.933532,0.000000,1200208,0,0,1200208,0,0,100.000000,0.000000,0.000000,100.000000,0.000000,0.000000,"wBe2,wBa4,wBe4,bNc3","wBb1,wBc1,wBd1,bNb5"
BBBvN,9,3,1,bishop,knight,6654960,3478840,0,0,0,0,27,0,15,0,6654856,104,0,6037900,617060,0,99.998437,0.001563,0.000000,90.727818,9.272182,0.000000,3478840,0,0,3478736,104,0,100.000000,0.000000,0.000000,99.997010,0.002990,0.000000,"wBd4,wBh4,wBd6,bNf5","wBb1,wBc1,wBd1,bNb5"
BBBvN,10,3,1,bishop,knight,15684900,na,0,0,na,na,39,0,19,na,15684900,0,0,14776556,908344,0,100.000000,0.000000,0.000000,94.208800,5.791200,0.000000,na,na,na,na,na,na,na,na,na,na,na,na,"wBg4,wBc6,wBg6,bNe5","wBd1,wBe1,wBa5,bNf5"
BBBvN,11,3,1,bishop,knight,33981640,na,0,0,na,na,43,0,21,na,33981320,320,0,31362220,2619420,0,99.999058,0.000942,0.000000,92.291661,7.708339,0.000000,na,na,na,na,na,na,na,na,na,na,na,na,"wBe5,wBi5,wBe7,bNg6","wBc1,wBd1,wBe1,bNc5"
BBBvN,12,3,1,bishop,knight,68715504,na,0,0,na,na,31,0,23,na,68714872,632,0,62543416,6172088,0,99.999080,0.000920,0.000000,91.017911,8.982089,0.000000,na,na,na,na,na,na,na,na,na,na,na,na,"wBe2,wBi2,wBe4,bNg3","wBc1,wBd1,wBf1,bNe4"
BBBvNN,3,3,2,bishop,knight,1260,0,0,0,na,na,13,15,0,0,1192,52,16,968,204,88,94.603175,4.126984,1.269841,76.825397,16.190476,6.984127,0,0,0,0,0,0,0.000000,0.000000,0.000000,0.000000,0.000000,0.000000,"wBa1,wBc1,wBb2,bNb1,bNa2",
BBBvNN,4,3,2,bishop,knight,43680,1408,0,0,0,1,15,15,13,0,43472,208,0,29840,12816,1024,99.523810,0.476190,0.000000,68.315018,29.340659,2.344322,1408,0,0,1408,0,0,100.000000,0.000000,0.000000,100.000000,0.000000,0.000000,"wBa1,wBc1,wBa2,bNc2,bNb4","wBa1,wBd1,wBa4,bNb1,bNc1"
BBBvNN,5,3,2,bishop,knight,531300,38804,0,0,0,0,25,23,15,0,529192,2108,0,355288,171560,4452,99.603237,0.396763,0.000000,66.871447,32.290608,0.837945,38804,0,0,38460,344,0,100.000000,0.000000,0.000000,99.113493,0.886507,0.000000,"wBd2,wBe2,wBa3,bNb3,bNd4","wBa1,wBc1,wBe1,bNc4,bNc5"
BBBvNN,6,3,2,bishop,knight,3769920,451936,0,0,0,0,31,0,25,0,3753960,15960,0,2641396,1128524,0,99.576649,0.423351,0.000000,70.065041,29.934959,0.000000,451936,0,0,450800,1136,0,100.000000,0.000000,0.000000,99.748637,0.251363,0.000000,"wBa1,wBe1,wBc2,bNa3,bNf3","wBf1,wBe2,wBb5,bNa2,bNc2"
BBBvNN,7,3,2,bishop,knight,19068840,3276060,0,0,0,0,45,0,43,0,18250416,818424,0,9753060,9315780,0,95.708056,4.291944,0.000000,51.146583,48.853417,0.000000,3203916,72144,0,2812428,463632,0,97.797843,2.202157,0.000000,85.847878,14.152122,0.000000,"wBa2,wBe2,wBb3,bNe1,bNc3","wBf1,wBa2,wBe2,bNa4,bNe7"
BBBvNN,8,3,2,bishop,knight,76245120,17088964,0,0,0,0,67,0,67,0,71533128,4711992,0,38581184,37663936,0,93.819943,6.180057,0.000000,50.601513,49.398487,0.000000,15920248,1168716,0,13552092,3536872,0,93.160990,6.839010,0.000000,79.303181,20.696819,0.000000,"wBc2,wBa4,wBg4,bNf1,bNc7","wBc2,wBa4,wBg4,bNf1,bNc7"
BBBvNN,9,3,2,bishop,knight,256215960,70269640,0,0,0,0,63,0,63,0,229634944,26581016,0,128621044,127594916,0,89.625542,10.374458,0.000000,50.200247,49.799753,0.000000,59926108,10343532,0,52835184,17434456,0,85.280226,14.719774,0.000000,75.189205,24.810795,0.000000,"wBc1,wBe1,wBb2,bNa9,bNb9","wBc1,wBe1,wBb2,bNa9,bNb9"
BBBvNN,10,3,2,bishop,knight,752875200,na,0,0,na,na,67,0,67,na,681459340,71415860,0,416606912,336268288,0,90.514250,9.485750,0.000000,55.335454,44.664546,0.000000,na,na,na,na,na,na,na,na,na,na,na,na,"wBa1,wBi1,wBd2,bNh1,bNi3","wBa1,wBi1,wBd2,bNh1,bNi3"
BBBvNN,11,3,2,bishop,knight,1987925940,na,0,0,na,na,69,0,69,na,1755944258,231981682,0,1119702344,868223596,0,88.330467,11.669533,0.000000,56.325154,43.674846,0.000000,na,na,na,na,na,na,na,na,na,na,na,na,"wBb1,wBc2,wBg2,bNc1,bNd6","wBb1,wBc2,wBg2,bNc1,bNd6"
BBBvNN,12,3,2,bishop,knight,4810085280,na,0,0,na,na,91,0,91,na,4182817564,627267716,0,2770852064,2039233216,0,86.959322,13.040678,0.000000,57.605051,42.394949,0.000000,na,na,na,na,na,na,na,na,na,na,na,na,"wBd1,wBh1,wBe2,bNa7,bNh9","wBd1,wBh1,wBe2,bNa7,bNh9"
BBBvQ,3,3,1,bishop,queen,504,0,0,0,na,na,3,9,0,0,364,92,48,16,224,264,72.222222,18.253968,9.523810,3.174603,44.444444,52.380952,0,0,0,0,0,0,0.000000,0.000000,0.000000,0.000000,0.000000,0.000000,"wBa1,wBb1,wBc1,bQb3",
BBBvQ,4,3,1,bishop,queen,7280,256,0,0,0,0,1,13,0,0,4160,3120,0,0,4716,2564,57.142857,42.857143,0.000000,0.000000,64.780220,35.219780,0,256,0,0,256,0,0.000000,100.000000,0.000000,0.000000,100.000000,0.000000,"wBa1,wBb1,wBc1,bQa2",
BBBvQ,5,3,1,bishop,queen,50600,4536,0,0,0,0,1,11,0,0,25272,25328,0,0,48424,2176,49.944664,50.055336,0.000000,0.000000,95.699605,4.300395,0,4536,0,0,4536,0,0.000000,100.000000,0.000000,0.000000,100.000000,0.000000,"wBa1,wBb1,wBc1,bQa2",
BBBvQ,6,3,1,bishop,queen,235620,34832,0,0,0,0,1,0,0,0,104708,130912,0,0,235620,0,44.439351,55.560649,0.000000,0.000000,100.000000,0.000000,0,34832,0,0,34832,0,0.000000,100.000000,0.000000,0.000000,100.000000,0.000000,"wBa1,wBb1,wBc1,bQa2",
BBBvQ,7,3,1,bishop,queen,847504,172680,0,0,0,0,1,0,0,0,339276,508228,0,0,847504,0,40.032377,59.967623,0.000000,0.000000,100.000000,0.000000,0,172680,0,0,172680,0,0.000000,100.000000,0.000000,0.000000,100.000000,0.000000,"wBa1,wBb1,wBc1,bQa2",
BBBvQ,8,3,1,bishop,queen,2541504,648832,0,0,0,0,1,0,0,0,925664,1615840,0,0,2541504,0,36.421898,63.578102,0.000000,0.000000,100.000000,0.000000,0,648832,0,0,648832,0,0.000000,100.000000,0.000000,0.000000,100.000000,0.000000,"wBa1,wBb1,wBc1,bQa2",
BBBvQ,9,3,1,bishop,queen,6654960,2010032,0,0,0,0,1,0,0,0,2223120,4431840,0,0,6654960,0,33.405460,66.594540,0.000000,0.000000,100.000000,0.000000,0,2010032,0,0,2010032,0,0.000000,100.000000,0.000000,0.000000,100.000000,0.000000,"wBa1,wBb1,wBc1,bQa2",
BBBvQ,10,3,1,bishop,queen,15684900,na,0,0,na,na,1,0,0,na,4838564,10846336,0,0,15684900,0,30.848549,69.151451,0.000000,0.000000,100.000000,0.000000,na,na,na,na,na,na,na,na,na,na,na,na,"wBa1,wBb1,wBc1,bQa2",
BBBvQ,11,3,1,bishop,queen,33981640,na,0,0,na,na,1,0,0,na,9736804,24244836,0,0,33981640,0,28.653132,71.346868,0.000000,0.000000,100.000000,0.000000,na,na,na,na,na,na,na,na,na,na,na,na,"wBa1,wBb1,wBc1,bQa2",
BBBvQ,12,3,1,bishop,queen,68715504,na,0,0,na,na,1,0,0,na,18380128,50335376,0,0,68715504,0,26.748153,73.251847,0.000000,0.000000,100.000000,0.000000,na,na,na,na,na,na,na,na,na,na,na,na,"wBa1,wBb1,wBc1,bQa2",
BBBvQQ,3,3,2,bishop,queen,1260,0,0,0,na,na,3,11,0,0,40,486,734,0,2,1258,3.174603,38.571429,58.253968,0.000000,0.158730,99.841270,0,0,0,0,0,0,0.000000,0.000000,0.000000,0.000000,0.000000,0.000000,"wBa1,wBb1,wBc1,bQb2,bQb3",
BBBvQQ,4,3,2,bishop,queen,43680,16,0,0,0,0,0,15,0,11,0,24644,19036,0,876,42804,0.000000,56.419414,43.580586,0.000000,2.005495,97.994505,0,0,16,0,0,16,0.000000,0.000000,100.000000,0.000000,0.000000,100.000000,,
BBBvQQ,5,3,2,bishop,queen,531300,3504,0,0,0,0,0,23,0,19,0,429138,102162,0,46824,484476,0.000000,80.771316,19.228684,0.000000,8.813100,91.186900,0,1312,2192,0,1100,2404,0.000000,37.442922,62.557078,0.000000,31.392694,68.607306,,
BBBvQQ,6,3,2,bishop,queen,3769920,75712,0,0,0,0,0,49,0,45,0,3468648,301272,0,1198792,2571128,0.000000,92.008531,7.991469,0.000000,31.798871,68.201129,0,63308,12404,0,48968,26744,0.000000,83.616864,16.383136,0.000000,64.676669,35.323331,,
BBBvQQ,7,3,2,bishop,queen,19068840,762484,0,0,0,0,0,37,0,37,0,19012848,55992,0,10071332,8997508,0.000000,99.706369,0.293631,0.000000,52.815651,47.184349,0,762484,0,0,739892,22592,0.000000,100.000000,0.000000,0.000000,97.037053,2.962947,,
BBBvQQ,8,3,2,bishop,queen,76245120,4868192,0,0,0,0,0,23,0,0,0,76243352,1768,0,46729912,29515208,0.000000,99.997681,0.002319,0.000000,61.289053,38.710947,0,4868192,0,0,4868192,0,0.000000,100.000000,0.000000,0.000000,100.000000,0.000000,,
BBBvQQ,9,3,2,bishop,queen,256215960,23106896,0,0,0,0,0,27,0,0,0,256213540,2420,0,158270828,97945132,0.000000,99.999055,0.000945,0.000000,61.772431,38.227569,0,23106896,0,0,23106896,0,0.000000,100.000000,0.000000,0.000000,100.000000,0.000000,,
BBBvQQ,10,3,2,bishop,queen,752875200,na,0,0,na,na,0,31,0,na,0,752871536,3664,0,468527268,284347932,0.000000,99.999513,0.000487,0.000000,62.231731,37.768269,na,na,na,na,na,na,na,na,na,na,na,na,,
BBBvQQ,11,3,2,bishop,queen,1987925940,na,0,0,na,na,0,41,0,na,0,1987921100,4840,0,1249891044,738034896,0.000000,99.999757,0.000243,0.000000,62.874125,37.125875,na,na,na,na,na,na,na,na,na,na,na,na,,
BBBvQQ,12,3,2,bishop,queen,4810085280,na,0,0,na,na,0,0,0,na,0,4810085280,0,0,4810085280,0,0.000000,100.000000,0.000000,0.000000,100.000000,0.000000,na,na,na,na,na,na,na,na,na,na,na,na,,
BBBvR,3,3,1,bishop,rook,504,0,0,0,na,na,5,7,0,0,500,4,0,348,116,40,99.206349,0.793651,0.000000,69.047619,23.015873,7.936508,0,0,0,0,0,0,0.000000,0.000000,0.000000,0.000000,0.000000,0.000000,"wBa1,wBc1,wBb2,bRa2",
BBBvR,4,3,1,bishop,rook,7280,256,0,0,0,0,11,0,9,0,7144,136,0,3896,3384,0,98.131868,1.868132,0.000000,53.516484,46.483516,0.000000,256,0,0,240,16,0,100.000000,0.000000,0.000000,93.750000,6.250000,0.000000,"wBc1,wBd1,wBa3,bRd4","wBb1,wBc1,wBa3,bRd4"
BBBvR,5,3,1,bishop,rook,50600,4536,0,0,0,0,21,0,17,0,47204,3396,0,22548,28052,0,93.288538,6.711462,0.000000,44.561265,55.438735,0.000000,3992,544,0,3592,944,0,88.007055,11.992945,0.000000,79.188713,20.811287,0.000000,"wBa2,wBe3,wBa4,bRe1","wBe1,wBd2,wBa5,bRb3"
BBBvR,6,3,1,bishop,rook,235620,34832,0,0,0,0,9,0,7,0,111948,123672,0,944,234676,0,47.512096,52.487904,0.000000,0.400645,99.599355,0.000000,88,34744,0,0,34832,0,0.252641,99.747359,0.000000,0.000000,100.000000,0.000000,"wBc1,wBe1,wBa5,bRa1","wBa2,wBf2,wBa3,bRb5"
BBBvR,7,3,1,bishop,rook,847504,172680,0,0,0,0,9,0,0,0,350396,497108,0,1176,846328,0,41.344466,58.655534,0.000000,0.138760,99.861240,0.000000,0,172680,0,0,172680,0,0.000000,100.000000,0.000000,0.000000,100.000000,0.000000,"wBc1,wBe1,wBa5,bRa1",
BBBvR,8,3,1,bishop,rook,2541504,648832,0,0,0,0,9,0,0,0,942912,1598592,0,1512,2539992,0,37.100551,62.899449,0.000000,0.059492,99.940508,0.000000,0,648832,0,0,648832,0,0.000000,100.000000,0.000000,0.000000,100.000000,0.000000,"wBc1,wBe1,wBa5,bRa1",
BBBvR,9,3,1,bishop,rook,6654960,2010032,0,0,0,0,9,0,0,0,2248344,4406616,0,1888,6653072,0,33.784486,66.215514,0.000000,0.028370,99.971630,0.000000,0,2010032,0,0,2010032,0,0.000000,100.000000,0.000000,0.000000,100.000000,0.000000,"wBc1,wBe1,wBa5,bRa1",
BBBvR,10,3,1,bishop,rook,15684900,na,0,0,na,na,9,0,0,na,4873844,10811056,0,2304,15682596,0,31.073478,68.926522,0.000000,0.014689,99.985311,0.000000,na,na,na,na,na,na,na,na,na,na,na,na,"wBc1,wBe1,wBa5,bRa1",
BBBvR,11,3,1,bishop,rook,33981640,na,0,0,na,na,9,0,0,na,9784484,24197156,0,2760,33978880,0,28.793443,71.206557,0.000000,0.008122,99.991878,0.000000,na,na,na,na,na,na,na,na,na,na,na,na,"wBc1,wBe1,wBa5,bRa1",
BBBvR,12,3,1,bishop,rook,68715504,na,0,0,na,na,9,0,0,na,18442768,50272736,0,3256,68712248,0,26.839311,73.160689,0.000000,0.004738,99.995262,0.000000,na,na,na,na,na,na,na,na,na,na,na,na,"wBc1,wBe1,wBa5,bRa1",
BBBvRR,3,3,2,bishop,rook,1260,0,0,0,na,na,7,15,0,0,718,468,74,4,360,896,56.984127,37.142857,5.873016,0.317460,28.571429,71.111111,0,0,0,0,0,0,0.000000,0.000000,0.000000,0.000000,0.000000,0.000000,"wBa1,wBc1,wBa2,bRb2,bRa3",
BBBvRR,4,3,2,bishop,rook,43680,16,0,0,0,0,13,17,0,15,18400,24512,768,36,19792,23852,42.124542,56.117216,1.758242,0.082418,45.311355,54.606227,0,16,0,0,8,8,0.000000,100.000000,0.000000,0.000000,50.000000,50.000000,"wBc1,wBd1,wBb2,bRa3,bRa4",
BBBvRR,5,3,2,bishop,rook,531300,3504,0,0,0,0,23,33,0,33,176830,349676,4794,260,340964,190076,33.282515,65.815170,0.902315,0.048937,64.175419,35.775645,0,3504,0,0,3440,64,0.000000,100.000000,0.000000,0.000000,98.173516,1.826484,"wBb1,wBd1,wBa3,bRa2,bRc5",
BBBvRR,6,3,2,bishop,rook,3769920,75712,0,0,0,0,9,11,0,0,13276,3756644,0,0,3768888,1032,0.352156,99.647844,0.000000,0.000000,99.972625,0.027375,0,75712,0,0,75712,0,0.000000,100.000000,0.000000,0.000000,100.000000,0.000000,"wBe1,wBb2,wBd2,bRa1,bRa5",
BBBvRR,7,3,2,bishop,rook,19068840,762484,0,0,0,0,9,0,0,0,20064,19048776,0,0,19068840,0,0.105219,99.894781,0.000000,0.000000,100.000000,0.000000,0,762484,0,0,762484,0,0.000000,100.000000,0.000000,0.000000,100.000000,0.000000,"wBe1,wBb2,wBd2,bRa1,bRa5",
BBBvRR,8,3,2,bishop,rook,76245120,4868192,0,0,0,0,9,0,0,0,30796,76214324,0,0,76245120,0,0.040391,99.959609,0.000000,0.000000,100.000000,0.000000,0,4868192,0,0,4868192,0,0.000000,100.000000,0.000000,0.000000,100.000000,0.000000,"wBe1,wBb2,wBd2,bRa1,bRa5",
BBBvRR,9,3,2,bishop,rook,256215960,23106896,0,0,0,0,9,0,0,0,44720,256171240,0,0,256215960,0,0.017454,99.982546,0.000000,0.000000,100.000000,0.000000,0,23106896,0,0,23106896,0,0.000000,100.000000,0.000000,0.000000,100.000000,0.000000,"wBe1,wBb2,wBd2,bRa1,bRa5",
BBBvRR,10,3,2,bishop,rook,752875200,na,0,0,na,na,9,0,0,na,62212,752812988,0,0,752875200,0,0.008263,99.991737,0.000000,0.000000,100.000000,0.000000,na,na,na,na,na,na,na,na,na,na,na,na,"wBe1,wBb2,wBd2,bRa1,bRa5",
BBBvRR,11,3,2,bishop,rook,1987925940,na,0,0,na,na,9,0,0,na,83696,1987842244,0,0,1987925940,0,0.004210,99.995790,0.000000,0.000000,100.000000,0.000000,na,na,na,na,na,na,na,na,na,na,na,na,"wBe1,wBb2,wBd2,bRa1,bRa5",
BBBvRR,12,3,2,bishop,rook,4810085280,na,0,0,na,na,9,0,0,na,109548,4809975732,0,0,4810085280,0,0.002277,99.997723,0.000000,0.000000,100.000000,0.000000,na,na,na,na,na,na,na,na,na,na,na,na,"wBe1,wBb2,wBd2,bRa1,bRa5",
BBvB,3,2,1,bishop,bishop,252,126,0,0,0,0,3,3,3,0,150,102,0,46,202,4,59.523810,40.476190,0.000000,18.253968,80.158730,1.587302,24,102,0,24,102,0,19.047619,80.952381,0.000000,19.047619,80.952381,0.000000,"wBa1,wBb1,bBb3","wBa1,wBb1,bBb3"
BBvB,4,2,1,bishop,bishop,1680,972,0,0,0,0,9,0,9,0,784,896,0,192,1488,0,46.666667,53.333333,0.000000,11.428571,88.571429,0.000000,76,896,0,76,896,0,7.818930,92.181070,0.000000,7.818930,92.181070,0.000000,"wBb1,wBa2,bBd1","wBb1,wBa2,bBd1"
BBvB,5,2,1,bishop,bishop,6900,4384,0,0,0,0,13,0,13,0,2854,4046,0,546,6354,0,41.362319,58.637681,0.000000,7.913043,92.086957,0.000000,338,4046,0,290,4094,0,7.709854,92.290146,0.000000,6.614964,93.385036,0.000000,"wBa3,wBe3,bBc3","wBa3,wBe3,bBc3"
BBvB,6,2,1,bishop,bishop,21420,14536,0,0,0,0,7,0,7,0,7068,14352,0,184,21236,0,32.997199,67.002801,0.000000,0.859010,99.140990,0.000000,184,14352,0,0,14536,0,1.265823,98.734177,0.000000,0.000000,100.000000,0.000000,"wBa1,wBb2,bBe1","wBa1,wBb2,bBe1"
BBvB,7,2,1,bishop,bishop,55272,39398,0,0,0,0,7,0,7,0,16198,39074,0,268,55004,0,29.305978,70.694022,0.000000,0.484875,99.515125,0.000000,324,39074,0,0,39398,0,0.822377,99.177623,0.000000,0.000000,100.000000,0.000000,"wBb1,wBc2,bBf1","wBb1,wBc2,bBf1"
BBvB,8,2,1,bishop,bishop,124992,92552,0,0,0,0,7,0,7,0,32992,92000,0,372,124620,0,26.395289,73.604711,0.000000,0.297619,99.702381,0.000000,552,92000,0,0,92552,0,0.596421,99.403579,0.000000,0.000000,100.000000,0.000000,"wBa1,wBb2,bBg1","wBa1,wBb2,bBg1"
BBvB,9,2,1,bishop,bishop,255960,195376,0,0,0,0,7,0,7,0,61416,194544,0,488,255472,0,23.994374,76.005626,0.000000,0.190655,99.809345,0.000000,832,194544,0,0,195376,0,0.425846,99.574154,0.000000,0.000000,100.000000,0.000000,"wBb1,wBc2,bBh1","wBb1,wBc2,bBh1"
BBvB,10,2,1,bishop,bishop,485100,na,0,0,na,na,7,0,7,na,106752,378348,0,624,484476,0,22.006184,77.993816,0.000000,0.128633,99.871367,0.000000,na,na,na,na,na,na,na,na,na,na,na,na,"wBa1,wBb2,bBi1","wBa1,wBb2,bBi1"
BBvB,11,2,1,bishop,bishop,863940,na,0,0,na,na,7,0,7,na,175530,688410,0,772,863168,0,20.317383,79.682617,0.000000,0.089358,99.910642,0.000000,na,na,na,na,na,na,na,na,na,na,na,na,"wBb1,wBc2,bBj1","wBb1,wBc2,bBj1"
BBvB,12,2,1,bishop,bishop,1462032,na,0,0,na,na,7,0,7,na,275948,1186084,0,940,1461092,0,18.874279,81.125721,0.000000,0.064294,99.935706,0.000000,na,na,na,na,na,na,na,na,na,na,na,na,"wBa1,wBb2,bBk1","wBa1,wBb2,bBk1"
BBvB,3,2,1,bishop+bishop,bishop,504,252,0,0,0,0,3,3,3,na,300,204,0,92,404,8,59.523810,40.476190,0.000000,18.253968,80.158730,1.587302,48,204,0,48,204,0,19.047619,80.952381,0.000000,19.047619,80.952381,0.000000,"wBa1,wBb1,bBb3","wBa1,wBb1,bBb3"
BBvB,4,2,1,bishop+bishop,bishop,3360,1944,0,0,0,0,9,0,9,na,1568,1792,0,384,2976,0,46.666667,53.333333,0.000000,11.428571,88.571429,0.000000,152,1792,0,152,1792,0,7.818930,92.181070,0.000000,7.818930,92.181070,0.000000,"wBb1,wBa2,bBd1","wBb1,wBa2,bBd1"
BBvB,5,2,1,bishop+bishop,bishop,13800,8768,0,0,0,0,13,0,13,na,5708,8092,0,1092,12708,0,41.362319,58.637681,0.000000,7.913043,92.086957,0.000000,676,8092,0,580,8188,0,7.709854,92.290146,0.000000,6.614964,93.385036,0.000000,"wBc1,wBc5,bBc3","wBc1,wBc5,bBc3"
BBvB,6,2,1,bishop+bishop,bishop,42840,29072,0,0,0,0,7,0,7,na,14136,28704,0,368,42472,0,32.997199,67.002801,0.000000,0.859010,99.140990,0.000000,368,28704,0,0,29072,0,1.265823,98.734177,0.000000,0.000000,100.000000,0.000000,"wBa1,wBb2,bBe1","wBa1,wBb2,bBe1"
BBvB,7,2,1,bishop+bishop,bishop,110544,78796,0,0,0,0,7,0,7,na,32396,78148,0,536,110008,0,29.305978,70.694022,0.000000,0.484875,99.515125,0.000000,648,78148,0,0,78796,0,0.822377,99.177623,0.000000,0.000000,100.000000,0.000000,"wBb1,wBc2,bBf1","wBb1,wBc2,bBf1"
BBvB,8,2,1,bishop+bishop,bishop,249984,185104,0,0,0,0,7,0,7,na,65984,184000,0,744,249240,0,26.395289,73.604711,0.000000,0.297619,99.702381,0.000000,1104,184000,0,0,185104,0,0.596421,99.403579,0.000000,0.000000,100.000000,0.000000,"wBa1,wBb2,bBg1","wBa1,wBb2,bBg1"
BBvB,9,2,1,bishop+bishop,bishop,511920,390752,0,0,0,0,7,0,7,na,122832,389088,0,976,510944,0,23.994374,76.005626,0.000000,0.190655,99.809345,0.000000,1664,389088,0,0,390752,0,0.425846,99.574154,0.000000,0.000000,100.000000,0.000000,"wBb1,wBc2,bBh1","wBb1,wBc2,bBh1"
BBvB,10,2,1,bishop+bishop,bishop,970200,759160,0,0,0,0,7,0,7,na,213504,756696,0,1248,968952,0,22.006184,77.993816,0.000000,0.128633,99.871367,0.000000,2464,756696,0,0,759160,0,0.324569,99.675431,0.000000,0.000000,100.000000,0.000000,"wBa1,wBb2,bBi1","wBa1,wBb2,bBi1"
BBvB,11,2,1,bishop+bishop,bishop,1727880,1380220,0,0,0,0,7,0,7,na,351060,1376820,0,1544,1726336,0,20.317383,79.682617,0.000000,0.089358,99.910642,0.000000,3400,1376820,0,0,1380220,0,0.246338,99.753662,0.000000,0.000000,100.000000,0.000000,"wBb1,wBc2,bBj1","wBb1,wBc2,bBj1"
BBvB,12,2,1,bishop+bishop,bishop,2924064,2376808,0,0,0,0,7,0,7,na,551896,2372168,0,1880,2922184,0,18.874279,81.125721,0.000000,0.064294,99.935706,0.000000,4640,2372168,0,0,2376808,0,0.195220,99.804780,0.000000,0.000000,100.000000,0.000000,"wBa1,wBb2,bBk1","wBa1,wBb2,bBk1"
BBvBB,3,2,2,bishop,bishop,756,186,0,0,0,0,5,5,0,0,94,656,6,6,656,94,12.433862,86.772487,0.793651,0.793651,86.772487,12.433862,0,184,2,2,184,0,0.000000,98.924731,1.075269,1.075269,98.924731,0.000000,"wBa1,wBb2,bBc1,bBa3",
BBvBB,4,2,2,bishop,bishop,10920,3608,0,0,0,0,9,9,5,5,500,10412,8,8,10412,500,4.578755,95.347985,0.073260,0.073260,95.347985,4.578755,4,3596,8,8,3596,4,0.110865,99.667406,0.221729,0.221729,99.667406,0.110865,"wBb1,wBa2,bBd1,bBd3","wBd1,wBa4,bBb1,bBd3"
BBvBB,5,2,2,bishop,bishop,75900,30424,0,0,0,0,15,15,9,9,2646,73250,4,4,73250,2646,3.486166,96.508564,0.005270,0.005270,96.508564,3.486166,16,30404,4,4,30404,16,0.052590,99.934262,0.013148,0.013148,99.934262,0.052590,"wBc1,wBa3,bBa1,bBe3","wBe1,wBb2,bBe3,bBc5"
BBvBB,6,2,2,bishop,bishop,353430,162130,0,0,0,0,7,7,0,0,1232,352198,0,0,352198,1232,0.348584,99.651416,0.000000,0.000000,99.651416,0.348584,0,162130,0,0,162130,0,0.000000,100.000000,0.000000,0.000000,100.000000,0.000000,"wBb1,wBd1,bBc2,bBf5",
BBvBB,7,2,2,bishop,bishop,1271256,644474,0,0,0,0,7,7,0,0,2316,1268940,0,0,1268940,2316,0.182182,99.817818,0.000000,0.000000,99.817818,0.182182,0,644474,0,0,644474,0,0.000000,100.000000,0.000000,0.000000,100.000000,0.000000,"wBb1,wBd1,bBc2,bBg6",
BBvBB,8,2,2,bishop,bishop,3812256,2087456,0,0,0,0,7,7,0,0,3962,3808294,0,0,3808294,3962,0.103928,99.896072,0.000000,0.000000,99.896072,0.103928,0,2087456,0,0,2087456,0,0.000000,100.000000,0.000000,0.000000,100.000000,0.000000,"wBb1,wBd1,bBc2,bBh7",
BBvBB,9,2,2,bishop,bishop,9982440,5811552,0,0,0,0,7,7,0,0,6154,9976286,0,0,9976286,6154,0.061648,99.938352,0.000000,0.000000,99.938352,0.061648,0,5811552,0,0,5811552,0,0.000000,100.000000,0.000000,0.000000,100.000000,0.000000,"wBb1,wBd1,bBc2,bBi8",
BBvBB,10,2,2,bishop,bishop,23527350,na,0,0,na,na,7,7,0,na,9124,23518226,0,0,23518226,9124,0.038780,99.961220,0.000000,0.000000,99.961220,0.038780,na,na,na,na,na,na,na,na,na,na,na,na,"wBb1,wBd1,bBc2,bBj9",
BBvBB,11,2,2,bishop,bishop,50972460,na,0,0,na,na,7,7,0,na,12808,50959652,0,0,50959652,12808,0.025127,99.974873,0.000000,0.000000,99.974873,0.025127,na,na,na,na,na,na,na,na,na,na,na,na,"wBb1,wBd1,bBc2,bBk10",
BBvBB,12,2,2,bishop,bishop,103073256,na,0,0,na,na,7,7,0,na,17486,103055770,0,0,103055770,17486,0.016965,99.983035,0.000000,0.000000,99.983035,0.016965,na,na,na,na,na,na,na,na,na,na,na,na,"wBb1,wBd1,bBc2,bBl11",
BBvK,3,2,1,bishop,king,252,36,0,0,0,0,1,7,0,7,126,72,54,0,70,182,50.000000,28.571429,21.428571,0.000000,27.777778,72.222222,0,16,20,0,24,12,0.000000,44.444444,55.555556,0.000000,66.666667,33.333333,"wBa1,wBb1,bKa2",
BBvK,4,2,1,bishop,king,1680,528,0,0,0,0,1,0,0,0,708,972,0,0,1680,0,42.142857,57.857143,0.000000,0.000000,100.000000,0.000000,0,528,0,0,528,0,0.000000,100.000000,0.000000,0.000000,100.000000,0.000000,"wBa1,wBb1,bKa2",
BBvK,5,2,1,bishop,king,6900,3038,0,0,0,0,1,0,0,0,2516,4384,0,0,6900,0,36.463768,63.536232,0.000000,0.000000,100.000000,0.000000,0,3038,0,0,3038,0,0.000000,100.000000,0.000000,0.000000,100.000000,0.000000,"wBa1,wBb1,bKa2",
BBvK,6,2,1,bishop,king,21420,11364,0,0,0,0,1,0,0,0,6884,14536,0,0,21420,0,32.138189,67.861811,0.000000,0.000000,100.000000,0.000000,0,11364,0,0,11364,0,0.000000,100.000000,0.000000,0.000000,100.000000,0.000000,"wBa1,wBb1,bKa2",
BBvK,7,2,1,bishop,king,55272,33004,0,0,0,0,1,0,0,0,15874,39398,0,0,55272,0,28.719786,71.280214,0.000000,0.000000,100.000000,0.000000,0,33004,0,0,33004,0,0.000000,100.000000,0.000000,0.000000,100.000000,0.000000,"wBa1,wBb1,bKa2",
BBvK,8,2,1,bishop,king,124992,80972,0,0,0,0,1,0,0,0,32440,92552,0,0,124992,0,25.953661,74.046339,0.000000,0.000000,100.000000,0.000000,0,80972,0,0,80972,0,0.000000,100.000000,0.000000,0.000000,100.000000,0.000000,"wBa1,wBb1,bKa2",
BBvK,9,2,1,bishop,king,255960,175982,0,0,0,0,1,0,0,0,60584,195376,0,0,255960,0,23.669323,76.330677,0.000000,0.000000,100.000000,0.000000,0,175982,0,0,175982,0,0.000000,100.000000,0.000000,0.000000,100.000000,0.000000,"wBa1,wBb1,bKa2",
BBvK,10,2,1,bishop,king,485100,na,0,0,na,na,1,0,0,na,105520,379580,0,0,485100,0,21.752216,78.247784,0.000000,0.000000,100.000000,0.000000,na,na,na,na,na,na,na,na,na,na,na,na,"wBa1,wBb1,bKa2",
BBvK,11,2,1,bishop,king,863940,na,0,0,na,na,1,0,0,na,173830,690110,0,0,863940,0,20.120610,79.879390,0.000000,0.000000,100.000000,0.000000,na,na,na,na,na,na,na,na,na,na,na,na,"wBa1,wBb1,bKa2",
BBvK,12,2,1,bishop,king,1462032,na,0,0,na,na,1,0,0,na,273628,1188404,0,0,1462032,0,18.715596,81.284404,0.000000,0.000000,100.000000,0.000000,na,na,na,na,na,na,na,na,na,na,na,na,"wBa1,wBb1,bKa2",
BBvK,3,2,1,bishop+bishop,king,504,72,0,0,0,0,1,7,0,na,252,144,108,0,140,364,50.000000,28.571429,21.428571,0.000000,27.777778,72.222222,0,32,40,0,48,24,0.000000,44.444444,55.555556,0.000000,66.666667,33.333333,"wBa1,wBb1,bKa2",
BBvK,4,2,1,bishop+bishop,king,3360,1056,0,0,0,0,1,0,0,na,1416,1944,0,0,3360,0,42.142857,57.857143,0.000000,0.000000,100.000000,0.000000,0,1056,0,0,1056,0,0.000000,100.000000,0.000000,0.000000,100.000000,0.000000,"wBa1,wBb1,bKa2",
BBvK,5,2,1,bishop+bishop,king,13800,6076,0,0,0,0,1,0,0,na,5032,8768,0,0,13800,0,36.463768,63.536232,0.000000,0.000000,100.000000,0.000000,0,6076,0,0,6076,0,0.000000,100.000000,0.000000,0.000000,100.000000,0.000000,"wBa1,wBb1,bKa2",
BBvK,6,2,1,bishop+bishop,king,42840,22728,0,0,0,0,1,0,0,na,13768,29072,0,0,42840,0,32.138189,67.861811,0.000000,0.000000,100.000000,0.000000,0,22728,0,0,22728,0,0.000000,100.000000,0.000000,0.000000,100.000000,0.000000,"wBa1,wBb1,bKa2",
BBvK,7,2,1,bishop+bishop,king,110544,66008,0,0,0,0,1,0,0,na,31748,78796,0,0,110544,0,28.719786,71.280214,0.000000,0.000000,100.000000,0.000000,0,66008,0,0,66008,0,0.000000,100.000000,0.000000,0.000000,100.000000,0.000000,"wBa1,wBb1,bKa2",
BBvK,8,2,1,bishop+bishop,king,249984,161944,0,0,0,0,1,0,0,na,64880,185104,0,0,249984,0,25.953661,74.046339,0.000000,0.000000,100.000000,0.000000,0,161944,0,0,161944,0,0.000000,100.000000,0.000000,0.000000,100.000000,0.000000,"wBa1,wBb1,bKa2",
BBvK,9,2,1,bishop+bishop,king,511920,351964,0,0,0,0,1,0,0,na,121168,390752,0,0,511920,0,23.669323,76.330677,0.000000,0.000000,100.000000,0.000000,0,351964,0,0,351964,0,0.000000,100.000000,0.000000,0.000000,100.000000,0.000000,"wBa1,wBb1,bKa2",
BBvK,10,2,1,bishop+bishop,king,970200,697968,0,0,0,0,1,0,0,na,211040,759160,0,0,970200,0,21.752216,78.247784,0.000000,0.000000,100.000000,0.000000,0,697968,0,0,697968,0,0.000000,100.000000,0.000000,0.000000,100.000000,0.000000,"wBa1,wBb1,bKa2",
BBvK,11,2,1,bishop+bishop,king,1727880,1288136,0,0,0,0,1,0,0,na,347660,1380220,0,0,1727880,0,20.120610,79.879390,0.000000,0.000000,100.000000,0.000000,0,1288136,0,0,1288136,0,0.000000,100.000000,0.000000,0.000000,100.000000,0.000000,"wBa1,wBb1,bKa2",
BBvK,12,2,1,bishop+bishop,king,2924064,2243440,0,0,0,0,1,0,0,na,547256,2376808,0,0,2924064,0,18.715596,81.284404,0.000000,0.000000,100.000000,0.000000,0,2243440,0,0,2243440,0,0.000000,100.000000,0.000000,0.000000,100.000000,0.000000,"wBa1,wBb1,bKa2",
BBvKK,3,2,2,bishop,king,756,10,0,0,0,0,0,7,0,5,0,144,612,0,0,756,0.000000,19.047619,80.952381,0.000000,0.000000,100.000000,0,0,10,0,0,10,0.000000,0.000000,100.000000,0.000000,0.000000,100.000000,,
BBvKK,4,2,2,bishop,king,10920,1038,0,0,0,0,0,35,0,29,0,7416,3504,0,596,10324,0.000000,67.912088,32.087912,0.000000,5.457875,94.542125,0,88,950,0,12,1026,0.000000,8.477842,91.522158,0.000000,1.156069,98.843931,,
BBvKK,5,2,2,bishop,king,75900,14536,0,0,0,0,0,27,0,27,0,73272,2628,0,32792,43108,0.000000,96.537549,3.462451,0.000000,43.204216,56.795784,0,14066,470,0,12518,2018,0.000000,96.766648,3.233352,0.000000,86.117226,13.882774,,
BBvKK,6,2,2,bishop,king,353430,98888,0,0,0,0,0,5,0,0,0,353430,0,0,352654,776,0.000000,100.000000,0.000000,0.000000,99.780437,0.219563,0,98888,0,0,98888,0,0.000000,100.000000,0.000000,0.000000,100.000000,0.000000,,
BBvKK,7,2,2,bishop,king,1271256,451802,0,0,0,0,0,5,0,0,0,1271256,0,0,1270480,776,0.000000,100.000000,0.000000,0.000000,99.938958,0.061042,0,451802,0,0,451802,0,0.000000,100.000000,0.000000,0.000000,100.000000,0.000000,,
BBvKK,8,2,2,bishop,king,3812256,1596838,0,0,0,0,0,5,0,0,0,3812256,0,0,3811480,776,0.000000,100.000000,0.000000,0.000000,99.979645,0.020355,0,1596838,0,0,1596838,0,0.000000,100.000000,0.000000,0.000000,100.000000,0.000000,,
BBvKK,9,2,2,bishop,king,9982440,4713344,0,0,0,0,0,5,0,0,0,9982440,0,0,9981664,776,0.000000,100.000000,0.000000,0.000000,99.992226,0.007774,0,4713344,0,0,4713344,0,0.000000,100.000000,0.000000,0.000000,100.000000,0.000000,,
BBvKK,10,2,2,bishop,king,23527350,na,0,0,na,na,0,5,0,na,0,23527350,0,0,23526574,776,0.000000,100.000000,0.000000,0.000000,99.996702,0.003298,na,na,na,na,na,na,na,na,na,na,na,na,,
BBvKK,11,2,2,bishop,king,50972460,na,0,0,na,na,0,5,0,na,0,50972460,0,0,50971684,776,0.000000,100.000000,0.000000,0.000000,99.998478,0.001522,na,na,na,na,na,na,na,na,na,na,na,na,,
BBvKK,12,2,2,bishop,king,103073256,na,0,0,na,na,0,5,0,na,0,103073256,0,0,103072480,776,0.000000,100.000000,0.000000,0.000000,99.999247,0.000753,na,na,na,na,na,na,na,na,na,na,na,na,,
BBvN,3,2,1,bishop,knight,252,54,0,0,0,0,9,0,9,0,230,22,0,184,68,0,91.269841,8.730159,0.000000,73.015873,26.984127,0.000000,44,10,0,48,6,0,81.481481,18.518519,0.000000,88.888889,11.111111,0.000000,"wBc1,wBa3,bNa1","wBc1,wBa3,bNa1"
BBvN,4,2,1,bishop,knight,1680,528,0,0,0,0,7,3,7,0,1676,4,0,1280,376,24,99.761905,0.238095,0.000000,76.190476,22.380952,1.428571,528,0,0,520,8,0,100.000000,0.000000,0.000000,98.484848,1.515152,0.000000,"wBa1,wBb1,bNc1","wBa1,wBb1,bNc1"
BBvN,5,2,1,bishop,knight,6900,2836,0,0,0,0,11,3,9,0,6896,4,0,5516,1360,24,99.942029,0.057971,0.000000,79.942029,19.710145,0.347826,2836,0,0,2820,16,0,100.000000,0.000000,0.000000,99.435825,0.564175,0.000000,"wBa1,wBc1,bNb3","wBa1,wBc1,bNa5"
BBvN,6,2,1,bishop,knight,21420,10484,0,0,0,0,17,0,17,0,21416,4,0,17700,3720,0,99.981326,0.018674,0.000000,82.633053,17.366947,0.000000,10484,0,0,10468,16,0,100.000000,0.000000,0.000000,99.847386,0.152614,0.000000,"wBd1,wBa3,bNf4","wBd1,wBa3,bNf4"
BBvN,7,2,1,bishop,knight,55272,30594,0,0,0,0,19,0,19,0,42288,12984,0,25072,30200,0,76.508901,23.491099,0.000000,45.361123,54.638877,0.000000,19662,10932,0,15930,14664,0,64.267503,35.732497,0.000000,52.069033,47.930967,0.000000,"wBc1,wBe1,bNd3","wBg1,wBa7,bNd3"
BBvN,8,2,1,bishop,knight,124992,75708,0,0,0,0,23,0,23,0,90492,34500,0,56624,68368,0,72.398233,27.601767,0.000000,45.302099,54.697901,0.000000,45820,29888,0,38668,37040,0,60.522006,39.477994,0.000000,51.075184,48.924816,0.000000,"wBa1,wBc1,bNb3","wBa1,wBe1,bNb5"
BBvN,9,2,1,bishop,knight,255960,165972,0,0,0,0,31,0,31,0,143224,112736,0,63504,192456,0,55.955618,44.044382,0.000000,24.810127,75.189873,0.000000,67040,98932,0,45980,119992,0,40.392355,59.607645,0.000000,27.703468,72.296532,0.000000,"wBa1,wBc1,bNb3","wBa1,wBe1,bNc4"
BBvN,10,2,1,bishop,knight,485100,na,0,0,na,na,47,0,45,na,323192,161908,0,222844,262256,0,66.623789,33.376211,0.000000,45.937745,54.062255,0.000000,na,na,na,na,na,na,na,na,na,na,na,na,"wBc1,wBg1,bNe2","wBc1,wBe1,bNd4"
BBvN,11,2,1,bishop,knight,863940,na,0,0,na,na,51,0,49,na,417818,446122,0,209118,654822,0,48.361923,51.638077,0.000000,24.205153,75.794847,0.000000,na,na,na,na,na,na,na,na,na,na,na,na,"wBe1,wBg1,bNf3","wBe1,wBg1,bNf4"
BBvN,12,2,1,bishop,knight,1462032,na,0,0,na,na,35,0,35,na,455460,1006572,0,25096,1436936,0,31.152533,68.847467,0.000000,1.716515,98.283485,0.000000,na,na,na,na,na,na,na,na,na,na,na,na,"wBa2,wBe4,bNl2","wBa2,wBe4,bNl2"
BBvN,3,2,1,bishop+bishop,knight,504,108,0,0,0,0,9,0,9,na,460,44,0,368,136,0,91.269841,8.730159,0.000000,73.015873,26.984127,0.000000,88,20,0,96,12,0,81.481481,18.518519,0.000000,88.888889,11.111111,0.000000,"wBa1,wBc3,bNc1","wBa1,wBc3,bNc1"
BBvN,4,2,1,bishop+bishop,knight,3360,1056,0,0,0,0,7,3,7,na,3352,8,0,2560,752,48,99.761905,0.238095,0.000000,76.190476,22.380952,1.428571,1056,0,0,1040,16,0,100.000000,0.000000,0.000000,98.484848,1.515152,0.000000,"wBa1,wBb1,bNc1","wBa1,wBb1,bNc1"
BBvN,5,2,1,bishop+bishop,knight,13800,5672,0,0,0,0,11,3,9,na,13792,8,0,11032,2720,48,99.942029,0.057971,0.000000,79.942029,19.710145,0.347826,5672,0,0,5640,32,0,100.000000,0.000000,0.000000,99.435825,0.564175,0.000000,"wBa1,wBc1,bNb3","wBa1,wBc1,bNa5"
BBvN,6,2,1,bishop+bishop,knight,42840,20968,0,0,0,0,17,0,17,na,42832,8,0,35400,7440,0,99.981326,0.018674,0.000000,82.633053,17.366947,0.000000,20968,0,0,20936,32,0,100.000000,0.000000,0.000000,99.847386,0.152614,0.000000,"wBc1,wBf3,bNa4","wBc1,wBf3,bNa4"
BBvN,7,2,1,bishop+bishop,knight,110544,61188,0,0,0,0,19,0,19,na,84576,25968,0,50144,60400,0,76.508901,23.491099,0.000000,45.361123,54.638877,0.000000,39324,21864,0,31860,29328,0,64.267503,35.732497,0.000000,52.069033,47.930967,0.000000,"wBa1,wBb2,bNd3","wBa1,wBg7,bNd3"
BBvN,8,2,1,bishop+bishop,knight,249984,151416,0,0,0,0,23,0,23,na,180984,69000,0,113248,136736,0,72.398233,27.601767,0.000000,45.302099,54.697901,0.000000,91640,59776,0,77336,74080,0,60.522006,39.477994,0.000000,51.075184,48.924816,0.000000,"wBa1,wBc1,bNb3","wBa1,wBe1,bNb5"
BBvN,9,2,1,bishop+bishop,knight,511920,331944,0,0,0,0,31,0,31,na,286448,225472,0,127008,384912,0,55.955618,44.044382,0.000000,24.810127,75.189873,0.000000,134080,197864,0,91960,239984,0,40.392355,59.607645,0.000000,27.703468,72.296532,0.000000,"wBa1,wBc1,bNb3","wBa1,wBe1,bNc4"
BBvN,10,2,1,bishop+bishop,knight,970200,663344,0,0,0,0,47,0,45,na,646384,323816,0,445688,524512,0,66.623789,33.376211,0.000000,45.937745,54.062255,0.000000,371024,292320,0,334112,329232,0,55.932367,44.067633,0.000000,50.367833,49.632167,0.000000,"wBc1,wBg1,bNe2","wBc1,wBe1,bNd4"
BBvN,11,2,1,bishop+bishop,knight,1727880,1232276,0,0,0,0,51,0,49,na,835636,892244,0,418236,1309644,0,48.361923,51.638077,0.000000,24.205153,75.794847,0.000000,419888,812388,0,324008,908268,0,34.074185,65.925815,0.000000,26.293460,73.706540,0.000000,"wBe1,wBg1,bNf3","wBe1,wBg1,bNf4"
BBvN,12,2,1,bishop+bishop,knight,2924064,2158000,0,0,0,0,35,0,35,na,910920,2013144,0,50192,2873872,0,31.152533,68.847467,0.000000,1.716515,98.283485,0.000000,307032,1850968,0,41368,2116632,0,14.227618,85.772382,0.000000,1.916960,98.083040,0.000000,"wBa1,wBf4,bNa8","wBa1,wBf4,bNa8"
BBvNN,3,2,2,bishop,knight,756,18,0,0,0,0,13,13,9,13,610,122,24,322,236,198,80.687831,16.137566,3.174603,42.592593,31.216931,26.190476,10,4,4,12,4,2,55.555556,22.222222,22.222222,66.666667,22.222222,11.111111,"wBa1,wBc1,bNb1,bNa2","wBc1,wBa3,bNa1,bNc3"
BBvNN,4,2,2,bishop,knight,10920,1080,0,0,0,0,23,15,23,15,7020,3644,256,1188,4956,4776,64.285714,33.369963,2.344322,10.879121,45.384615,43.736264,424,628,28,312,720,48,39.259259,58.148148,2.592593,28.888889,66.666667,4.444444,"wBa2,wBd2,bNd1,bNa3","wBa2,wBd2,bNd1,bNa3"
BBvNN,5,2,2,bishop,knight,75900,13092,0,0,0,0,25,23,25,21,40564,34570,766,2766,45938,27196,53.444005,45.546772,1.009223,3.644269,60.524374,35.831357,2196,10882,14,430,12446,216,16.773602,83.119462,0.106936,3.284449,95.065689,1.649863,"wBb1,wBc1,bNa5,bNb5","wBb1,wBc1,bNa5,bNb5"
BBvNN,6,2,2,bishop,knight,353430,85394,0,0,0,0,33,7,33,0,175278,178152,0,10272,339330,3828,49.593413,50.406587,0.000000,2.906375,96.010525,1.083100,11166,74228,0,1252,84142,0,13.075860,86.924140,0.000000,1.466145,98.533855,0.000000,"wBb1,wBc1,bNd5,bNc6","wBb1,wBc1,bNd5,bNc6"
BBvNN,7,2,2,bishop,knight,1271256,391270,0,0,0,0,21,7,21,0,264648,1006608,0,5004,1265128,1124,20.817837,79.182163,0.000000,0.393626,99.517957,0.088416,6594,384676,0,870,390400,0,1.685281,98.314719,0.000000,0.222353,99.777647,0.000000,"wBa1,wBc1,bNe1,bNb2","wBa1,wBc1,bNg1,bNf2"
BBvNN,8,2,2,bishop,knight,3812256,1402672,0,0,0,0,25,3,25,0,724370,3087886,0,15326,3796390,540,19.001085,80.998915,0.000000,0.402019,99.583816,0.014165,17334,1385338,0,1142,1401530,0,1.235784,98.764216,0.000000,0.081416,99.918584,0.000000,"wBa1,wBc1,bNe1,bNb2","wBa1,wBc1,bNb1,bNh3"
BBvNN,9,2,2,bishop,knight,9982440,4205484,0,0,0,0,33,3,33,0,993960,8988480,0,24130,9957770,540,9.957085,90.042915,0.000000,0.241724,99.752866,0.005409,26564,4178920,0,850,4204634,0,0.631651,99.368349,0.000000,0.020212,99.979788,0.000000,"wBa1,wBc1,bNi1,bNh2","wBa1,wBc1,bNi1,bNh2"
BBvNN,10,2,2,bishop,knight,23527350,na,0,0,na,na,49,3,49,na,3960914,19566436,0,106562,23420248,540,16.835360,83.164640,0.000000,0.452928,99.544777,0.002295,na,na,na,na,na,na,na,na,na,na,na,na,"wBa1,wBe1,bNj8,bNh10","wBa1,wBe1,bNj8,bNh10"
BBvNN,11,2,2,bishop,knight,50972460,na,0,0,na,na,53,3,53,na,4330466,46641994,0,127724,50844196,540,8.495697,91.504303,0.000000,0.250575,99.748366,0.001059,na,na,na,na,na,na,na,na,na,na,na,na,"wBa1,wBg1,bNk7,bNg11","wBa1,wBg1,bNk7,bNg11"
BBvNN,12,2,2,bishop,knight,103073256,na,0,0,na,na,35,3,7,na,708336,102364920,0,1318,103071398,540,0.687216,99.312784,0.000000,0.001279,99.998197,0.000524,na,na,na,na,na,na,na,na,na,na,na,na,"wBb1,wBd1,bNk1,bNe4","wBe1,wBf1,bNc1,bNa2"
BBvQ,3,2,1,bishop,queen,252,8,0,0,0,0,1,5,0,5,126,44,82,0,46,206,50.000000,17.460317,32.539683,0.000000,18.253968,81.746032,0,4,4,0,4,4,0.000000,50.000000,50.000000,0.000000,50.000000,50.000000,"wBa1,wBb1,bQa2",
BBvQ,4,2,1,bishop,queen,1680,204,0,0,0,0,1,11,0,11,708,504,468,0,400,1280,42.142857,30.000000,27.857143,0.000000,23.809524,76.190476,0,104,100,0,100,104,0.000000,50.980392,49.019608,0.000000,49.019608,50.980392,"wBa1,wBb1,bQa2",
BBvQ,5,2,1,bishop,queen,6900,1444,0,0,0,0,1,11,0,11,2516,4220,164,0,3634,3266,36.463768,61.159420,2.376812,0.000000,52.666667,47.333333,0,1396,48,0,1232,212,0.000000,96.675900,3.324100,0.000000,85.318560,14.681440,"wBa1,wBb1,bQa2",
BBvQ,6,2,1,bishop,queen,21420,6116,0,0,0,0,1,0,0,0,6884,14536,0,0,21420,0,32.138189,67.861811,0.000000,0.000000,100.000000,0.000000,0,6116,0,0,6116,0,0.000000,100.000000,0.000000,0.000000,100.000000,0.000000,"wBa1,wBb1,bQa2",
BBvQ,7,2,1,bishop,queen,55272,19364,0,0,0,0,1,0,0,0,15874,39398,0,0,55272,0,28.719786,71.280214,0.000000,0.000000,100.000000,0.000000,0,19364,0,0,19364,0,0.000000,100.000000,0.000000,0.000000,100.000000,0.000000,"wBa1,wBb1,bQa2",
BBvQ,8,2,1,bishop,queen,124992,50664,0,0,0,0,1,0,0,0,32440,92552,0,0,124992,0,25.953661,74.046339,0.000000,0.000000,100.000000,0.000000,0,50664,0,0,50664,0,0.000000,100.000000,0.000000,0.000000,100.000000,0.000000,"wBa1,wBb1,bQa2",
BBvQ,9,2,1,bishop,queen,255960,115768,0,0,0,0,1,0,0,0,60584,195376,0,0,255960,0,23.669323,76.330677,0.000000,0.000000,100.000000,0.000000,0,115768,0,0,115768,0,0.000000,100.000000,0.000000,0.000000,100.000000,0.000000,"wBa1,wBb1,bQa2",
BBvQ,10,2,1,bishop,queen,485100,na,0,0,na,na,1,0,0,na,105520,379580,0,0,485100,0,21.752216,78.247784,0.000000,0.000000,100.000000,0.000000,na,na,na,na,na,na,na,na,na,na,na,na,"wBa1,wBb1,bQa2",
BBvQ,11,2,1,bishop,queen,863940,na,0,0,na,na,1,0,0,na,173830,690110,0,0,863940,0,20.120610,79.879390,0.000000,0.000000,100.000000,0.000000,na,na,na,na,na,na,na,na,na,na,na,na,"wBa1,wBb1,bQa2",
BBvQ,12,2,1,bishop,queen,1462032,na,0,0,na,na,1,0,0,na,273628,1188404,0,0,1462032,0,18.715596,81.284404,0.000000,0.000000,100.000000,0.000000,na,na,na,na,na,na,na,na,na,na,na,na,"wBa1,wBb1,bQa2",
BBvQ,3,2,1,bishop+bishop,queen,504,16,0,0,0,0,1,5,0,na,252,88,164,0,92,412,50.000000,17.460317,32.539683,0.000000,18.253968,81.746032,0,8,8,0,8,8,0.000000,50.000000,50.000000,0.000000,50.000000,50.000000,"wBa1,wBb1,bQa2",
BBvQ,4,2,1,bishop+bishop,queen,3360,408,0,0,0,0,1,11,0,na,1416,1008,936,0,800,2560,42.142857,30.000000,27.857143,0.000000,23.809524,76.190476,0,208,200,0,200,208,0.000000,50.980392,49.019608,0.000000,49.019608,50.980392,"wBa1,wBb1,bQa2",
BBvQ,5,2,1,bishop+bishop,queen,13800,2888,0,0,0,0,1,11,0,na,5032,8440,328,0,7268,6532,36.463768,61.159420,2.376812,0.000000,52.666667,47.333333,0,2792,96,0,2464,424,0.000000,96.675900,3.324100,0.000000,85.318560,14.681440,"wBa1,wBb1,bQa2",
BBvQ,6,2,1,bishop+bishop,queen,42840,12232,0,0,0,0,1,0,0,na,13768,29072,0,0,42840,0,32.138189,67.861811,0.000000,0.000000,100.000000,0.000000,0,12232,0,0,12232,0,0.000000,100.000000,0.000000,0.000000,100.000000,0.000000,"wBa1,wBb1,bQa2",
BBvQ,7,2,1,bishop+bishop,queen,110544,38728,0,0,0,0,1,0,0,na,31748,78796,0,0,110544,0,28.719786,71.280214,0.000000,0.000000,100.000000,0.000000,0,38728,0,0,38728,0,0.000000,100.000000,0.000000,0.000000,100.000000,0.000000,"wBa1,wBb1,bQa2",
BBvQ,8,2,1,bishop+bishop,queen,249984,101328,0,0,0,0,1,0,0,na,64880,185104,0,0,249984,0,25.953661,74.046339,0.000000,0.000000,100.000000,0.000000,0,101328,0,0,101328,0,0.000000,100.000000,0.000000,0.000000,100.000000,0.000000,"wBa1,wBb1,bQa2",
BBvQ,9,2,1,bishop+bishop,queen,511920,231536,0,0,0,0,1,0,0,na,121168,390752,0,0,511920,0,23.669323,76.330677,0.000000,0.000000,100.000000,0.000000,0,231536,0,0,231536,0,0.000000,100.000000,0.000000,0.000000,100.000000,0.000000,"wBa1,wBb1,bQa2",
BBvQ,10,2,1,bishop+bishop,queen,970200,478000,0,0,0,0,1,0,0,na,211040,759160,0,0,970200,0,21.752216,78.247784,0.000000,0.000000,100.000000,0.000000,0,478000,0,0,478000,0,0.000000,100.000000,0.000000,0.000000,100.000000,0.000000,"wBa1,wBb1,bQa2",
BBvQ,11,2,1,bishop+bishop,queen,1727880,911840,0,0,0,0,1,0,0,na,347660,1380220,0,0,1727880,0,20.120610,79.879390,0.000000,0.000000,100.000000,0.000000,0,911840,0,0,911840,0,0.000000,100.000000,0.000000,0.000000,100.000000,0.000000,"wBa1,wBb1,bQa2",
BBvQ,12,2,1,bishop+bishop,queen,2924064,1632680,0,0,0,0,1,0,0,na,547256,2376808,0,0,2924064,0,18.715596,81.284404,0.000000,0.000000,100.000000,0.000000,0,1632680,0,0,1632680,0,0.000000,100.000000,0.000000,0.000000,100.000000,0.000000,"wBa1,wBb1,bQa2",
BBvQQ,3,2,2,bishop,queen,756,0,0,0,na,na,0,5,0,0,0,76,680,0,0,756,0.000000,10.052910,89.947090,0.000000,0.000000,100.000000,0,0,0,0,0,0,0.000000,0.000000,0.000000,0.000000,0.000000,0.000000,,
BBvQQ,4,2,2,bishop,queen,10920,112,0,0,0,0,0,7,0,7,0,1380,9540,0,0,10920,0.000000,12.637363,87.362637,0.000000,0.000000,100.000000,0,0,112,0,0,112,0.000000,0.000000,100.000000,0.000000,0.000000,100.000000,,
BBvQQ,5,2,2,bishop,queen,75900,3004,0,0,0,0,0,13,0,11,0,24636,51264,0,40,75860,0.000000,32.458498,67.541502,0.000000,0.052701,99.947299,0,0,3004,0,0,3004,0.000000,0.000000,100.000000,0.000000,0.000000,100.000000,,
BBvQQ,6,2,2,bishop,queen,353430,27464,0,0,0,0,0,21,0,21,0,217952,135478,0,15520,337910,0.000000,61.667657,38.332343,0.000000,4.391251,95.608749,0,5624,21840,0,1424,26040,0.000000,20.477716,79.522284,0.000000,5.184969,94.815031,,
BBvQQ,7,2,2,bishop,queen,1271256,152332,0,0,0,0,0,35,0,33,0,886814,384442,0,113248,1158008,0.000000,69.758884,30.241116,0.000000,8.908355,91.091645,0,68268,84064,0,33224,119108,0.000000,44.815272,55.184728,0.000000,21.810257,78.189743,,
BBvQQ,8,2,2,bishop,queen,3812256,617632,0,0,0,0,0,23,0,23,0,2787552,1024704,0,605300,3206956,0.000000,73.120798,26.879202,0.000000,15.877737,84.122263,0,322328,295304,0,285852,331780,0.000000,52.187710,47.812290,0.000000,46.281928,53.718072,,
BBvQQ,9,2,2,bishop,queen,9982440,2024680,0,0,0,0,0,27,0,27,0,7139214,2843226,0,1780684,8201756,0.000000,71.517725,28.482275,0.000000,17.838164,82.161836,0,1050906,973774,0,982288,1042392,0.000000,51.904795,48.095205,0.000000,48.515716,51.484284,,
BBvQQ,10,2,2,bishop,queen,23527350,na,0,0,na,na,0,31,0,na,0,16476072,7051278,0,4547452,18979898,0.000000,70.029442,29.970558,0.000000,19.328365,80.671635,na,na,na,na,na,na,na,na,na,na,na,na,,
BBvQQ,11,2,2,bishop,queen,50972460,na,0,0,na,na,0,39,0,na,0,35016454,15956006,0,10515796,40456664,0.000000,68.696810,31.303190,0.000000,20.630348,79.369652,na,na,na,na,na,na,na,na,na,na,na,na,,
BBvQQ,12,2,2,bishop,queen,103073256,na,0,0,na,na,0,37,0,na,0,103073256,0,0,102603488,469768,0.000000,100.000000,0.000000,0.000000,99.544239,0.455761,na,na,na,na,na,na,na,na,na,na,na,na,,
BBvR,3,2,1,bishop,rook,252,8,0,0,0,0,5,7,3,7,168,64,20,46,100,106,66.666667,25.396825,7.936508,18.253968,39.682540,42.063492,4,0,4,4,0,4,50.000000,0.000000,50.000000,50.000000,0.000000,50.000000,"wBa1,wBb2,bRc2","wBa1,wBc1,bRb3"
BBvR,4,2,1,bishop,rook,1680,204,0,0,0,0,5,9,0,0,796,884,0,20,1452,208,47.380952,52.619048,0.000000,1.190476,86.428571,12.380952,0,204,0,0,204,0,0.000000,100.000000,0.000000,0.000000,100.000000,0.000000,"wBd2,wBa3,bRa1",
BBvR,5,2,1,bishop,rook,6900,1444,0,0,0,0,5,0,0,0,2644,4256,0,20,6880,0,38.318841,61.681159,0.000000,0.289855,99.710145,0.000000,0,1444,0,0,1444,0,0.000000,100.000000,0.000000,0.000000,100.000000,0.000000,"wBd2,wBa3,bRa1",
BBvR,6,2,1,bishop,rook,21420,6116,0,0,0,0,5,0,0,0,7052,14368,0,20,21400,0,32.922502,67.077498,0.000000,0.093371,99.906629,0.000000,0,6116,0,0,6116,0,0.000000,100.000000,0.000000,0.000000,100.000000,0.000000,"wBd2,wBa3,bRa1",
BBvR,7,2,1,bishop,rook,55272,19364,0,0,0,0,5,0,0,0,16082,39190,0,20,55252,0,29.096107,70.903893,0.000000,0.036185,99.963815,0.000000,0,19364,0,0,19364,0,0.000000,100.000000,0.000000,0.000000,100.000000,0.000000,"wBd2,wBa3,bRa1",
BBvR,8,2,1,bishop,rook,124992,50664,0,0,0,0,5,0,0,0,32688,92304,0,20,124972,0,26.152074,73.847926,0.000000,0.016001,99.983999,0.000000,0,50664,0,0,50664,0,0.000000,100.000000,0.000000,0.000000,100.000000,0.000000,"wBd2,wBa3,bRa1",
BBvR,9,2,1,bishop,rook,255960,115768,0,0,0,0,5,0,0,0,60872,195088,0,20,255940,0,23.781841,76.218159,0.000000,0.007814,99.992186,0.000000,0,115768,0,0,115768,0,0.000000,100.000000,0.000000,0.000000,100.000000,0.000000,"wBd2,wBa3,bRa1",
BBvR,10,2,1,bishop,rook,485100,na,0,0,na,na,5,0,0,na,105848,379252,0,20,485080,0,21.819831,78.180169,0.000000,0.004123,99.995877,0.000000,na,na,na,na,na,na,na,na,na,na,na,na,"wBd2,wBa3,bRa1",
BBvR,11,2,1,bishop,rook,863940,na,0,0,na,na,5,0,0,na,174198,689742,0,20,863920,0,20.163206,79.836794,0.000000,0.002315,99.997685,0.000000,na,na,na,na,na,na,na,na,na,na,na,na,"wBd2,wBa3,bRa1",
BBvR,12,2,1,bishop,rook,1462032,na,0,0,na,na,5,0,0,na,274036,1187996,0,20,1462012,0,18.743502,81.256498,0.000000,0.001368,99.998632,0.000000,na,na,na,na,na,na,na,na,na,na,na,na,"wBd2,wBa3,bRa1",
BBvR,3,2,1,bishop+bishop,rook,504,16,0,0,0,0,5,7,3,na,336,128,40,92,200,212,66.666667,25.396825,7.936508,18.253968,39.682540,42.063492,8,0,8,8,0,8,50.000000,0.000000,50.000000,50.000000,0.000000,50.000000,"wBa1,wBb2,bRc2","wBa1,wBc1,bRb3"
BBvR,4,2,1,bishop+bishop,rook,3360,408,0,0,0,0,5,9,0,na,1592,1768,0,40,2904,416,47.380952,52.619048,0.000000,1.190476,86.428571,12.380952,0,408,0,0,408,0,0.000000,100.000000,0.000000,0.000000,100.000000,0.000000,"wBb1,wBc4,bRd1",
BBvR,5,2,1,bishop+bishop,rook,13800,2888,0,0,0,0,5,0,0,na,5288,8512,0,40,13760,0,38.318841,61.681159,0.000000,0.289855,99.710145,0.000000,0,2888,0,0,2888,0,0.000000,100.000000,0.000000,0.000000,100.000000,0.000000,"wBc1,wBb4,bRa1",
BBvR,6,2,1,bishop+bishop,rook,42840,12232,0,0,0,0,5,0,0,na,14104,28736,0,40,42800,0,32.922502,67.077498,0.000000,0.093371,99.906629,0.000000,0,12232,0,0,12232,0,0.000000,100.000000,0.000000,0.000000,100.000000,0.000000,"wBc1,wBb4,bRa1",
BBvR,7,2,1,bishop+bishop,rook,110544,38728,0,0,0,0,5,0,0,na,32164,78380,0,40,110504,0,29.096107,70.903893,0.000000,0.036185,99.963815,0.000000,0,38728,0,0,38728,0,0.000000,100.000000,0.000000,0.000000,100.000000,0.000000,"wBc1,wBb4,bRa1",
BBvR,8,2,1,bishop+bishop,rook,249984,101328,0,0,0,0,5,0,0,na,65376,184608,0,40,249944,0,26.152074,73.847926,0.000000,0.016001,99.983999,0.000000,0,101328,0,0,101328,0,0.000000,100.000000,0.000000,0.000000,100.000000,0.000000,"wBc1,wBb4,bRa1",
BBvR,9,2,1,bishop+bishop,rook,511920,231536,0,0,0,0,5,0,0,na,121744,390176,0,40,511880,0,23.781841,76.218159,0.000000,0.007814,99.992186,0.000000,0,231536,0,0,231536,0,0.000000,100.000000,0.000000,0.000000,100.000000,0.000000,"wBc1,wBb4,bRa1",
BBvR,10,2,1,bishop+bishop,rook,970200,478000,0,0,0,0,5,0,0,na,211696,758504,0,40,970160,0,21.819831,78.180169,0.000000,0.004123,99.995877,0.000000,0,478000,0,0,478000,0,0.000000,100.000000,0.000000,0.000000,100.000000,0.000000,"wBc1,wBb4,bRa1",
BBvR,11,2,1,bishop+bishop,rook,1727880,911840,0,0,0,0,5,0,0,na,348396,1379484,0,40,1727840,0,20.163206,79.836794,0.000000,0.002315,99.997685,0.000000,0,911840,0,0,911840,0,0.000000,100.000000,0.000000,0.000000,100.000000,0.000000,"wBc1,wBb4,bRa1",
BBvR,12,2,1,bishop+bishop,rook,2924064,1632680,0,0,0,0,5,0,0,na,548072,2375992,0,40,2924024,0,18.743502,81.256498,0.000000,0.001368,99.998632,0.000000,0,1632680,0,0,1632680,0,0.000000,100.000000,0.000000,0.000000,100.000000,0.000000,"wBc1,wBb4,bRa1",
BBvRR,3,2,2,bishop,rook,756,0,0,0,na,na,7,13,0,0,72,292,392,0,16,740,9.523810,38.624339,51.851852,0.000000,2.116402,97.883598,0,0,0,0,0,0,0.000000,0.000000,0.000000,0.000000,0.000000,0.000000,"wBa1,wBc1,bRb2,bRa3",
BBvRR,4,2,2,bishop,rook,10920,112,0,0,0,0,5,15,0,13,96,6528,4296,0,504,10416,0.879121,59.780220,39.340659,0.000000,4.615385,95.384615,0,0,112,0,0,112,0.000000,0.000000,100.000000,0.000000,0.000000,100.000000,"wBc1,wBb2,bRa1,bRa3",
BBvRR,5,2,2,bishop,rook,75900,3004,0,0,0,0,5,29,0,29,136,54768,20996,0,10952,64948,0.179183,72.158103,27.662714,0.000000,14.429513,85.570487,0,880,2124,0,364,2640,0.000000,29.294274,70.705726,0.000000,12.117177,87.882823,"wBc1,wBb2,bRa1,bRa3",
BBvRR,6,2,2,bishop,rook,353430,27464,0,0,0,0,5,13,0,0,176,353166,88,0,266682,86748,0.049798,99.925303,0.024899,0.000000,75.455394,24.544606,0,27464,0,0,27464,0,0.000000,100.000000,0.000000,0.000000,100.000000,0.000000,"wBc1,wBb2,bRa1,bRa3",
BBvRR,7,2,2,bishop,rook,1271256,152332,0,0,0,0,5,17,0,0,216,1271040,0,0,1218266,52990,0.016991,99.983009,0.000000,0.000000,95.831681,4.168319,0,152332,0,0,152332,0,0.000000,100.000000,0.000000,0.000000,100.000000,0.000000,"wBc1,wBb2,bRa1,bRa3",
BBvRR,8,2,2,bishop,rook,3812256,617632,0,0,0,0,5,9,0,0,256,3812000,0,0,3806388,5868,0.006715,99.993285,0.000000,0.000000,99.846075,0.153925,0,617632,0,0,617632,0,0.000000,100.000000,0.000000,0.000000,100.000000,0.000000,"wBc1,wBb2,bRa1,bRa3",
BBvRR,9,2,2,bishop,rook,9982440,2024680,0,0,0,0,5,9,0,0,296,9982144,0,0,9974864,7576,0.002965,99.997035,0.000000,0.000000,99.924107,0.075893,0,2024680,0,0,2024680,0,0.000000,100.000000,0.000000,0.000000,100.000000,0.000000,"wBc1,wBb2,bRa1,bRa3",
BBvRR,10,2,2,bishop,rook,23527350,na,0,0,na,na,5,9,0,na,336,23527014,0,0,23517850,9500,0.001428,99.998572,0.000000,0.000000,99.959621,0.040379,na,na,na,na,na,na,na,na,na,na,na,na,"wBc1,wBb2,bRa1,bRa3",
BBvRR,11,2,2,bishop,rook,50972460,na,0,0,na,na,5,9,0,na,376,50972084,0,0,50960820,11640,0.000738,99.999262,0.000000,0.000000,99.977164,0.022836,na,na,na,na,na,na,na,na,na,na,na,na,"wBc1,wBb2,bRa1,bRa3",
BBvRR,12,2,2,bishop,rook,103073256,na,0,0,na,na,5,9,0,na,416,103072840,0,0,103059260,13996,0.000404,99.999596,0.000000,0.000000,99.986421,0.013579,na,na,na,na,na,na,na,na,na,na,na,na,"wBc1,wBb2,bRa1,bRa3",
BNvB,3,2,1,bishop+knight,bishop,504,172,0,0,0,0,3,9,3,na,264,240,0,112,320,72,52.380952,47.619048,0.000000,22.222222,63.492063,14.285714,32,140,0,36,136,0,18.604651,81.395349,0.000000,20.930233,79.069767,0.000000,"wBa1,wNb1,bBc1","wBa1,wNb1,bBc1"
BNvB,4,2,1,bishop+knight,bishop,3360,1448,0,0,0,0,7,3,7,na,2120,1240,0,960,2352,48,63.095238,36.904762,0.000000,28.571429,70.000000,1.428571,496,952,0,488,960,0,34.254144,65.745856,0.000000,33.701657,66.298343,0.000000,"wBb1,wNc1,bBd1","wBb1,wNc1,bBd1"
BNvB,5,2,1,bishop+knight,bishop,13800,7056,0,0,0,0,15,3,15,na,8024,5776,0,3984,9712,104,58.144928,41.855072,0.000000,28.869565,70.376812,0.753623,2612,4444,0,2500,4556,0,37.018141,62.981859,0.000000,35.430839,64.569161,0.000000,"wBb1,wNe5,bBd5","wBb1,wNe5,bBd5"
BNvB,6,2,1,bishop+knight,bishop,42840,24688,0,0,0,0,5,3,5,na,13076,29764,0,336,42336,168,30.522876,69.477124,0.000000,0.784314,98.823529,0.392157,904,23784,0,96,24592,0,3.661698,96.338302,0.000000,0.388853,99.611147,0.000000,"wBa1,wNc1,bBa3","wBa1,wNc1,bBd6"
BNvB,7,2,1,bishop+knight,bishop,110544,69436,0,0,0,0,7,3,7,na,27524,83020,0,328,109976,240,24.898683,75.101317,0.000000,0.296714,99.486177,0.217108,1036,68400,0,68,69368,0,1.492021,98.507979,0.000000,0.097932,99.902068,0.000000,"wBb1,wNc2,bBd1","wBb1,wNc2,bBg4"
BNvB,8,2,1,bishop+knight,bishop,249984,167424,0,0,0,0,5,3,5,na,52724,197260,0,272,249392,320,21.090950,78.909050,0.000000,0.108807,99.763185,0.128008,904,166520,0,0,167424,0,0.539946,99.460054,0.000000,0.000000,100.000000,0.000000,"wBd1,wNa1,bBb1","wBd1,wNa1,bBb1"
BNvB,9,2,1,bishop+knight,bishop,511920,360176,0,0,0,0,5,3,5,na,95112,416808,0,308,511204,408,18.579466,81.420534,0.000000,0.060166,99.860134,0.079700,1160,359016,0,0,360176,0,0.322065,99.677935,0.000000,0.000000,100.000000,0.000000,"wBd1,wNa1,bBb1","wBd1,wNa1,bBb1"
BNvB,10,2,1,bishop+knight,bishop,970200,709688,0,0,0,0,5,3,5,na,160756,809444,0,344,969352,504,16.569367,83.430633,0.000000,0.035457,99.912595,0.051948,1416,708272,0,0,709688,0,0.199524,99.800476,0.000000,0.000000,100.000000,0.000000,"wBd1,wNa1,bBb1","wBd1,wNa1,bBb1"
BNvB,11,2,1,bishop+knight,bishop,1727880,1304236,0,0,0,0,5,3,5,na,258048,1469832,0,380,1726892,608,14.934370,85.065630,0.000000,0.021992,99.942820,0.035188,1736,1302500,0,0,1304236,0,0.133105,99.866895,0.000000,0.000000,100.000000,0.000000,"wBd1,wNa1,bBb1","wBd1,wNa1,bBb1"
BNvB,12,2,1,bishop+knight,bishop,2924064,2264888,0,0,0,0,5,3,5,na,396972,2527092,0,416,2922928,720,13.576037,86.423963,0.000000,0.014227,99.961150,0.024623,2056,2262832,0,0,2264888,0,0.090777,99.909223,0.000000,0.000000,100.000000,0.000000,"wBd1,wNa1,bBb1","wBd1,wNa1,bBb1"
BNvK,3,2,1,bishop+knight,king,504,48,0,0,0,0,3,11,3,na,240,28,236,8,28,468,47.619048,5.555556,46.825397,1.587302,5.555556,92.857143,8,0,40,8,0,40,16.666667,0.000000,83.333333,16.666667,0.000000,83.333333,"wBa1,wNb1,bKc1","wBa1,wNc1,bKa3"
BNvK,4,2,1,bishop+knight,king,3360,892,0,0,0,0,3,9,3,na,1304,2056,0,8,3076,276,38.809524,61.190476,0.000000,0.238095,91.547619,8.214286,32,860,0,8,884,0,3.587444,96.412556,0.000000,0.896861,99.103139,0.000000,"wBb1,wNa1,bKd1","wBb1,wNa1,bKd1"
BNvK,5,2,1,bishop+knight,king,13800,5612,0,0,0,0,3,3,3,na,4480,9320,0,8,13732,60,32.463768,67.536232,0.000000,0.057971,99.507246,0.434783,72,5540,0,8,5604,0,1.282965,98.717035,0.000000,0.142552,99.857448,0.000000,"wBc1,wNb1,bKa1","wBc1,wNb1,bKe1"
BNvK,6,2,1,bishop+knight,king,42840,22040,0,0,0,0,3,3,3,na,11760,31080,0,8,42772,60,27.450980,72.549020,0.000000,0.018674,99.841270,0.140056,80,21960,0,8,22032,0,0.362976,99.637024,0.000000,0.036298,99.963702,0.000000,"wBc1,wNb1,bKa1","wBc1,wNd1,bKa1"
BNvK,7,2,1,bishop+knight,king,110544,65832,0,0,0,0,3,3,3,na,26152,84392,0,8,110476,60,23.657548,76.342452,0.000000,0.007237,99.938486,0.054277,88,65744,0,8,65824,0,0.133674,99.866326,0.000000,0.012152,99.987848,0.000000,"wBc1,wNb1,bKa1","wBc1,wNd1,bKa1"
BNvK,8,2,1,bishop+knight,king,249984,164268,0,0,0,0,3,3,3,na,51728,198256,0,8,249916,60,20.692524,79.307476,0.000000,0.003200,99.972798,0.024002,96,164172,0,8,164260,0,0.058441,99.941559,0.000000,0.004870,99.995130,0.000000,"wBc1,wNb1,bKa1","wBc1,wNd1,bKa1"
BNvK,9,2,1,bishop+knight,king,511920,360772,0,0,0,0,3,3,3,na,93816,418104,0,8,511852,60,18.326301,81.673699,0.000000,0.001563,99.986717,0.011721,104,360668,0,8,360764,0,0.028827,99.971173,0.000000,0.002217,99.997783,0.000000,"wBc1,wNb1,bKa1","wBc1,wNd1,bKa1"
BNvK,10,2,1,bishop+knight,king,970200,720152,0,0,0,0,3,3,3,na,159160,811040,0,8,970132,60,16.404865,83.595135,0.000000,0.000825,99.992991,0.006184,112,720040,0,8,720144,0,0.015552,99.984448,0.000000,0.001111,99.998889,0.000000,"wBc1,wNb1,bKa1","wBc1,wNd1,bKa1"
BNvK,11,2,1,bishop+knight,king,1727880,1334560,0,0,0,0,3,3,3,na,256080,1471800,0,8,1727812,60,14.820474,85.179526,0.000000,0.000463,99.996065,0.003472,120,1334440,0,8,1334552,0,0.008992,99.991008,0.000000,0.000599,99.999401,0.000000,"wBc1,wNb1,bKa1","wBc1,wNd1,bKa1"
BNvK,12,2,1,bishop+knight,king,2924064,2330172,0,0,0,0,3,3,3,na,394632,2529432,0,8,2923996,60,13.496011,86.503989,0.000000,0.000274,99.997674,0.002052,128,2330044,0,8,2330164,0,0.005493,99.994507,0.000000,0.000343,99.999657,0.000000,"wBc1,wNb1,bKa1","wBc1,wNd1,bKa1"
BNvN,3,2,1,bishop+knight,knight,504,192,0,0,0,0,11,0,9,na,428,76,0,280,224,0,84.920635,15.079365,0.000000,55.555556,44.444444,0.000000,132,60,0,132,60,0,68.750000,31.250000,0.000000,68.750000,31.250000,0.000000,"wBb1,wNb3,bNa3","wBb1,wNa2,bNb3"
BNvN,4,2,1,bishop+knight,knight,3360,1536,0,0,0,0,11,3,11,na,3352,8,0,2412,916,32,99.761905,0.238095,0.000000,71.785714,27.261905,0.952381,1536,0,0,1516,20,0,100.000000,0.000000,0.000000,98.697917,1.302083,0.000000,"wBa1,wNc3,bNc2","wBa1,wNd3,bNb1"
BNvN,5,2,1,bishop+knight,knight,13800,7528,0,0,0,0,15,3,15,na,13792,8,0,10652,3108,40,99.942029,0.057971,0.000000,77.188406,22.521739,0.289855,7528,0,0,7492,36,0,100.000000,0.000000,0.000000,99.521785,0.478215,0.000000,"wBa1,wNc3,bNc2","wBb1,wNa1,bNc1"
BNvN,6,2,1,bishop+knight,knight,42840,26400,0,0,0,0,27,3,27,na,42832,8,0,34612,8196,32,99.981326,0.018674,0.000000,80.793651,19.131653,0.074697,26400,0,0,26364,36,0,100.000000,0.000000,0.000000,99.863636,0.136364,0.000000,"wBb1,wNa1,bNc5","wBb1,wNa1,bNc5"
BNvN,7,2,1,bishop+knight,knight,110544,74328,0,0,0,0,27,3,27,na,46640,63904,0,3176,107336,32,42.191345,57.808655,0.000000,2.873064,97.097988,0.028948,16384,57944,0,2840,71488,0,22.042837,77.957163,0.000000,3.820902,96.179098,0.000000,"wBb1,wNb3,bNf2","wBb1,wNb3,bNf2"
BNvN,8,2,1,bishop+knight,knight,249984,179208,0,0,0,0,9,3,9,na,79184,170800,0,3244,246708,32,31.675627,68.324373,0.000000,1.297683,98.689516,0.012801,21576,157632,0,3032,176176,0,12.039641,87.960359,0.000000,1.691889,98.308111,0.000000,"wBc1,wNe1,bNh2","wBc1,wNe1,bNh2"
BNvN,9,2,1,bishop+knight,knight,511920,385176,0,0,0,0,9,3,9,na,135624,376296,0,4304,507584,32,26.493202,73.506798,0.000000,0.840756,99.152993,0.006251,33088,352088,0,4084,381092,0,8.590359,91.409641,0.000000,1.060295,98.939705,0.000000,"wBc1,wNe4,bNh7","wBc1,wNe4,bNh7"
BNvN,10,2,1,bishop+knight,knight,970200,757848,0,0,0,0,9,3,9,na,220488,749712,0,5596,964572,32,22.726036,77.273964,0.000000,0.576788,99.419913,0.003298,48968,708880,0,5368,752480,0,6.461454,93.538546,0.000000,0.708321,99.291679,0.000000,"wBc1,wNf5,bNc2","wBc1,wNf5,bNc2"
BNvN,11,2,1,bishop+knight,knight,1727880,1390280,0,0,0,0,9,3,9,na,343120,1384760,0,7144,1720704,32,19.857860,80.142140,0.000000,0.413455,99.584693,0.001852,70144,1320136,0,6908,1383372,0,5.045315,94.954685,0.000000,0.496878,99.503122,0.000000,"wBc1,wNf5,bNc2","wBc1,wNf5,bNc2"
BNvN,12,2,1,bishop+knight,knight,2924064,2409648,0,0,0,0,9,3,9,na,514768,2409296,0,8972,2915060,32,17.604539,82.395461,0.000000,0.306833,99.692072,0.001094,97712,2311936,0,8728,2400920,0,4.055032,95.944968,0.000000,0.362211,99.637789,0.000000,"wBc1,wNf5,bNc2","wBc1,wNf5,bNc2"
BNvQ,3,2,1,bishop+knight,queen,504,0,0,0,na,na,1,7,0,na,216,28,260,0,28,476,42.857143,5.555556,51.587302,0.000000,5.555556,94.444444,0,0,0,0,0,0,0.000000,0.000000,0.000000,0.000000,0.000000,0.000000,"wBa1,wNb1,bQb2",
BNvQ,4,2,1,bishop+knight,queen,3360,200,0,0,0,0,1,11,0,na,1256,0,2104,0,0,3360,37.380952,0.000000,62.619048,0.000000,0.000000,100.000000,0,0,200,0,0,200,0.000000,0.000000,100.000000,0.000000,0.000000,100.000000,"wBa1,wNb1,bQb2",
BNvQ,5,2,1,bishop+knight,queen,13800,1944,0,0,0,0,1,13,0,na,4392,4816,4592,0,3772,10028,31.826087,34.898551,33.275362,0.000000,27.333333,72.666667,0,992,952,0,960,984,0.000000,51.028807,48.971193,0.000000,49.382716,50.617284,"wBa1,wNb1,bQb2",
BNvQ,6,2,1,bishop+knight,queen,42840,9448,0,0,0,0,1,9,0,na,11664,31144,32,0,26360,16480,27.226891,72.698413,0.074697,0.000000,61.531279,38.468721,0,9448,0,0,9408,40,0.000000,100.000000,0.000000,0.000000,99.576630,0.423370,"wBa1,wNb1,bQb2",
BNvQ,7,2,1,bishop+knight,queen,110544,32248,0,0,0,0,1,9,0,na,26048,84460,36,0,71860,38684,23.563468,76.403966,0.032566,0.000000,65.005790,34.994210,0,32248,0,0,32176,72,0.000000,100.000000,0.000000,0.000000,99.776730,0.223270,"wBa1,wNb1,bQb2",
BNvQ,8,2,1,bishop+knight,queen,249984,88352,0,0,0,0,1,11,0,na,51616,198328,40,0,169952,80032,20.647721,79.336278,0.016001,0.000000,67.985151,32.014849,0,88352,0,0,88240,112,0.000000,100.000000,0.000000,0.000000,99.873234,0.126766,"wBa1,wNb1,bQb2",
BNvQ,9,2,1,bishop+knight,queen,511920,208128,0,0,0,0,1,13,0,na,93696,418180,44,0,361172,150748,18.302860,81.688545,0.008595,0.000000,70.552430,29.447570,0,208128,0,0,207968,160,0.000000,100.000000,0.000000,0.000000,99.923124,0.076876,"wBa1,wNb1,bQb2",
BNvQ,10,2,1,bishop+knight,queen,970200,438896,0,0,0,0,1,15,0,na,159032,811120,48,0,706064,264136,16.391672,83.603381,0.004947,0.000000,72.775098,27.224902,0,438896,0,0,438680,216,0.000000,100.000000,0.000000,0.000000,99.950786,0.049214,"wBa1,wNb1,bQb2",
BNvQ,11,2,1,bishop+knight,queen,1727880,850256,0,0,0,0,1,15,0,na,255944,1471884,52,0,1290900,436980,14.812603,85.184388,0.003009,0.000000,74.710049,25.289951,0,850256,0,0,849976,280,0.000000,100.000000,0.000000,0.000000,99.967069,0.032931,"wBa1,wNb1,bQb2",
BNvQ,12,2,1,bishop+knight,queen,2924064,1540120,0,0,0,0,1,17,0,na,394488,2529520,56,0,2234120,689944,13.491086,86.506998,0.001915,0.000000,76.404620,23.595380,0,1540120,0,0,1539768,352,0.000000,100.000000,0.000000,0.000000,99.977145,0.022855,"wBa1,wNb1,bQb2",
BNvR,3,2,1,bishop+knight,rook,504,36,0,0,0,0,3,13,0,na,224,160,120,4,168,332,44.444444,31.746032,23.809524,0.793651,33.333333,65.873016,0,28,8,0,20,16,0.000000,77.777778,22.222222,0.000000,55.555556,44.444444,"wBa1,wNc1,bRa3",
BNvR,4,2,1,bishop+knight,rook,3360,520,0,0,0,0,3,11,0,na,1264,2064,32,4,2120,1236,37.619048,61.428571,0.952381,0.119048,63.095238,36.785714,0,520,0,0,516,4,0.000000,100.000000,0.000000,0.000000,99.230769,0.769231,"wBb1,wNb3,bRd1",
BNvR,5,2,1,bishop+knight,rook,13800,3336,0,0,0,0,1,13,0,na,4392,9392,16,0,10140,3660,31.826087,68.057971,0.115942,0.000000,73.478261,26.521739,0,3336,0,0,3324,12,0.000000,100.000000,0.000000,0.000000,99.640288,0.359712,"wBa1,wNb1,bRb2",
BNvR,6,2,1,bishop+knight,rook,42840,13736,0,0,0,0,1,17,0,na,11664,31160,16,0,32644,10196,27.226891,72.735761,0.037348,0.000000,76.199813,23.800187,0,13736,0,0,13716,20,0.000000,100.000000,0.000000,0.000000,99.854397,0.145603,"wBa1,wNb1,bRb2",
BNvR,7,2,1,bishop+knight,rook,110544,42940,0,0,0,0,1,9,0,na,26048,84496,0,0,110020,524,23.563468,76.436532,0.000000,0.000000,99.525981,0.474019,0,42940,0,0,42940,0,0.000000,100.000000,0.000000,0.000000,100.000000,0.000000,"wBa1,wNb1,bRb2",
BNvR,8,2,1,bishop+knight,rook,249984,111456,0,0,0,0,1,3,0,na,51616,198368,0,0,249704,280,20.647721,79.352279,0.000000,0.000000,99.887993,0.112007,0,111456,0,0,111456,0,0.000000,100.000000,0.000000,0.000000,100.000000,0.000000,"wBa1,wNb1,bRb2",
BNvR,9,2,1,bishop+knight,rook,511920,253120,0,0,0,0,1,3,0,na,93696,418224,0,0,511600,320,18.302860,81.697140,0.000000,0.000000,99.937490,0.062510,0,253120,0,0,253120,0,0.000000,100.000000,0.000000,0.000000,100.000000,0.000000,"wBa1,wNb1,bRb2",
BNvR,10,2,1,bishop+knight,rook,970200,519856,0,0,0,0,1,3,0,na,159032,811168,0,0,969840,360,16.391672,83.608328,0.000000,0.000000,99.962894,0.037106,0,519856,0,0,519856,0,0.000000,100.000000,0.000000,0.000000,100.000000,0.000000,"wBa1,wNb1,bRb2",
BNvR,11,2,1,bishop+knight,rook,1727880,987156,0,0,0,0,1,3,0,na,255944,1471936,0,0,1727480,400,14.812603,85.187397,0.000000,0.000000,99.976850,0.023150,0,987156,0,0,987156,0,0.000000,100.000000,0.000000,0.000000,100.000000,0.000000,"wBa1,wNb1,bRb2",
BNvR,12,2,1,bishop+knight,rook,2924064,1760280,0,0,0,0,1,3,0,na,394488,2529576,0,0,2923624,440,13.491086,86.508914,0.000000,0.000000,99.984952,0.015048,0,1760280,0,0,1760280,0,0.000000,100.000000,0.000000,0.000000,100.000000,0.000000,"wBa1,wNb1,bRb2",
BvB,3,1,1,bishop,bishop,72,52,0,0,0,0,1,1,0,0,20,48,4,4,48,20,27.777778,66.666667,5.555556,5.555556,66.666667,27.777778,0,48,4,4,48,0,0.000000,92.307692,7.692308,7.692308,92.307692,0.000000,"wBa1,bBb2",
BvB,4,1,1,bishop,bishop,240,184,0,0,0,0,1,1,0,0,56,184,0,0,184,56,23.333333,76.666667,0.000000,0.000000,76.666667,23.333333,0,184,0,0,184,0,0.000000,100.000000,0.000000,0.000000,100.000000,0.000000,"wBa1,bBb2",
BvB,5,1,1,bishop,bishop,600,480,0,0,0,0,1,1,0,0,120,480,0,0,480,120,20.000000,80.000000,0.000000,0.000000,80.000000,20.000000,0,480,0,0,480,0,0.000000,100.000000,0.000000,0.000000,100.000000,0.000000,"wBa1,bBb2",
BvB,6,1,1,bishop,bishop,1260,1040,0,0,0,0,1,1,0,0,220,1040,0,0,1040,220,17.460317,82.539683,0.000000,0.000000,82.539683,17.460317,0,1040,0,0,1040,0,0.000000,100.000000,0.000000,0.000000,100.000000,0.000000,"wBa1,bBb2",
BvB,7,1,1,bishop,bishop,2352,1988,0,0,0,0,1,1,0,0,364,1988,0,0,1988,364,15.476190,84.523810,0.000000,0.000000,84.523810,15.476190,0,1988,0,0,1988,0,0.000000,100.000000,0.000000,0.000000,100.000000,0.000000,"wBa1,bBb2",
BvB,8,1,1,bishop,bishop,4032,3472,0,0,0,0,1,1,0,0,560,3472,0,0,3472,560,13.888889,86.111111,0.000000,0.000000,86.111111,13.888889,0,3472,0,0,3472,0,0.000000,100.000000,0.000000,0.000000,100.000000,0.000000,"wBa1,bBb2",
BvB,9,1,1,bishop,bishop,6480,5664,0,0,0,0,1,1,0,0,816,5664,0,0,5664,816,12.592593,87.407407,0.000000,0.000000,87.407407,12.592593,0,5664,0,0,5664,0,0.000000,100.000000,0.000000,0.000000,100.000000,0.000000,"wBa1,bBb2",
BvB,10,1,1,bishop,bishop,9900,na,0,0,na,na,1,1,0,na,1140,8760,0,0,8760,1140,11.515152,88.484848,0.000000,0.000000,88.484848,11.515152,na,na,na,na,na,na,na,na,na,na,na,na,"wBa1,bBb2",
BvB,11,1,1,bishop,bishop,14520,na,0,0,na,na,1,1,0,na,1540,12980,0,0,12980,1540,10.606061,89.393939,0.000000,0.000000,89.393939,10.606061,na,na,na,na,na,na,na,na,na,na,na,na,"wBa1,bBb2",
BvB,12,1,1,bishop,bishop,20592,na,0,0,na,na,1,1,0,na,2024,18568,0,0,18568,2024,9.829060,90.170940,0.000000,0.000000,90.170940,9.829060,na,na,na,na,na,na,na,na,na,na,na,na,"wBa1,bBb2",
BvBB,3,1,2,bishop,bishop,252,126,0,0,0,0,3,3,0,3,4,202,46,0,102,150,1.587302,80.158730,18.253968,0.000000,40.476190,59.523810,0,102,24,0,102,24,0.000000,80.952381,19.047619,0.000000,80.952381,19.047619,"wBb1,bBa2,bBc2",
BvBB,4,1,2,bishop,bishop,1680,972,0,0,0,0,0,9,0,9,0,1488,192,0,896,784,0.000000,88.571429,11.428571,0.000000,53.333333,46.666667,0,896,76,0,896,76,0.000000,92.181070,7.818930,0.000000,92.181070,7.818930,,
BvBB,5,1,2,bishop,bishop,6900,4384,0,0,0,0,0,13,0,13,0,6354,546,0,4046,2854,0.000000,92.086957,7.913043,0.000000,58.637681,41.362319,0,4094,290,0,4046,338,0.000000,93.385036,6.614964,0.000000,92.290146,7.709854,,
BvBB,6,1,2,bishop,bishop,21420,14536,0,0,0,0,0,7,0,7,0,21236,184,0,14352,7068,0.000000,99.140990,0.859010,0.000000,67.002801,32.997199,0,14536,0,0,14352,184,0.000000,100.000000,0.000000,0.000000,98.734177,1.265823,,
BvBB,7,1,2,bishop,bishop,55272,39398,0,0,0,0,0,7,0,7,0,55004,268,0,39074,16198,0.000000,99.515125,0.484875,0.000000,70.694022,29.305978,0,39398,0,0,39074,324,0.000000,100.000000,0.000000,0.000000,99.177623,0.822377,,
BvBB,8,1,2,bishop,bishop,124992,92552,0,0,0,0,0,7,0,7,0,124620,372,0,92000,32992,0.000000,99.702381,0.297619,0.000000,73.604711,26.395289,0,92552,0,0,92000,552,0.000000,100.000000,0.000000,0.000000,99.403579,0.596421,,
BvBB,9,1,2,bishop,bishop,255960,195376,0,0,0,0,0,7,0,7,0,255472,488,0,194544,61416,0.000000,99.809345,0.190655,0.000000,76.005626,23.994374,0,195376,0,0,194544,832,0.000000,100.000000,0.000000,0.000000,99.574154,0.425846,,
BvBB,10,1,2,bishop,bishop,485100,na,0,0,na,na,0,7,0,na,0,484476,624,0,378348,106752,0.000000,99.871367,0.128633,0.000000,77.993816,22.006184,na,na,na,na,na,na,na,na,na,na,na,na,,
BvBB,11,1,2,bishop,bishop,863940,na,0,0,na,na,0,7,0,na,0,863168,772,0,688410,175530,0.000000,99.910642,0.089358,0.000000,79.682617,20.317383,na,na,na,na,na,na,na,na,na,na,na,na,,
BvBB,12,1,2,bishop,bishop,1462032,na,0,0,na,na,0,7,0,na,0,1461092,940,0,1186084,275948,0.000000,99.935706,0.064294,0.000000,81.125721,18.874279,na,na,na,na,na,na,na,na,na,na,na,na,,
BvK,3,1,1,bishop,king,72,28,0,0,0,0,1,3,0,3,20,0,52,0,0,72,27.777778,0.000000,72.222222,0.000000,0.000000,100.000000,0,0,28,0,0,28,0.000000,0.000000,100.000000,0.000000,0.000000,100.000000,"wBa1,bKb2",
BvK,4,1,1,bishop,king,240,136,0,0,0,0,1,1,0,0,56,184,0,0,156,84,23.333333,76.666667,0.000000,0.000000,65.000000,35.000000,0,136,0,0,136,0,0.000000,100.000000,0.000000,0.000000,100.000000,0.000000,"wBa1,bKb2",
BvK,5,1,1,bishop,king,600,400,0,0,0,0,1,1,0,0,120,480,0,0,456,144,20.000000,80.000000,0.000000,0.000000,76.000000,24.000000,0,400,0,0,400,0,0.000000,100.000000,0.000000,0.000000,100.000000,0.000000,"wBa1,bKb2",
BvK,6,1,1,bishop,king,1260,920,0,0,0,0,1,1,0,0,220,1040,0,0,1040,220,17.460317,82.539683,0.000000,0.000000,82.539683,17.460317,0,920,0,0,920,0,0.000000,100.000000,0.000000,0.000000,100.000000,0.000000,"wBa1,bKb2",
BvK,7,1,1,bishop,king,2352,1820,0,0,0,0,1,1,0,0,364,1988,0,0,2040,312,15.476190,84.523810,0.000000,0.000000,86.734694,13.265306,0,1820,0,0,1820,0,0.000000,100.000000,0.000000,0.000000,100.000000,0.000000,"wBa1,bKb2",
BvK,8,1,1,bishop,king,4032,3248,0,0,0,0,1,1,0,0,560,3472,0,0,3612,420,13.888889,86.111111,0.000000,0.000000,89.583333,10.416667,0,3248,0,0,3248,0,0.000000,100.000000,0.000000,0.000000,100.000000,0.000000,"wBa1,bKb2",
BvK,9,1,1,bishop,king,6480,5376,0,0,0,0,1,1,0,0,816,5664,0,0,5936,544,12.592593,87.407407,0.000000,0.000000,91.604938,8.395062,0,5376,0,0,5376,0,0.000000,100.000000,0.000000,0.000000,100.000000,0.000000,"wBa1,bKb2",
BvK,10,1,1,bishop,king,9900,na,0,0,na,na,1,1,0,na,1140,8760,0,0,9216,684,11.515152,88.484848,0.000000,0.000000,93.090909,6.909091,na,na,na,na,na,na,na,na,na,na,na,na,"wBa1,bKb2",
BvK,11,1,1,bishop,king,14520,na,0,0,na,na,1,1,0,na,1540,12980,0,0,13680,840,10.606061,89.393939,0.000000,0.000000,94.214876,5.785124,na,na,na,na,na,na,na,na,na,na,na,na,"wBa1,bKb2",
BvK,12,1,1,bishop,king,20592,na,0,0,na,na,1,1,0,na,2024,18568,0,0,19580,1012,9.829060,90.170940,0.000000,0.000000,95.085470,4.914530,na,na,na,na,na,na,na,na,na,na,na,na,"wBa1,bKb2",
BvKK,3,1,2,bishop,king,252,36,0,0,0,0,0,3,0,3,0,0,252,0,0,252,0.000000,0.000000,100.000000,0.000000,0.000000,100.000000,0,0,36,0,0,36,0.000000,0.000000,100.000000,0.000000,0.000000,100.000000,,
BvKK,4,1,2,bishop,king,1680,528,0,0,0,0,0,7,0,7,0,448,1232,0,0,1680,0.000000,26.666667,73.333333,0.000000,0.000000,100.000000,0,0,528,0,0,528,0.000000,0.000000,100.000000,0.000000,0.000000,100.000000,,
BvKK,5,1,2,bishop,king,6900,3038,0,0,0,0,0,11,0,11,0,1908,4992,0,14,6886,0.000000,27.652174,72.347826,0.000000,0.202899,99.797101,0,8,3030,0,0,3038,0.000000,0.263331,99.736669,0.000000,0.000000,100.000000,,
BvKK,6,1,2,bishop,king,21420,11364,0,0,0,0,0,5,0,5,0,21340,80,0,14320,7100,0.000000,99.626517,0.373483,0.000000,66.853408,33.146592,0,11364,0,0,11244,120,0.000000,100.000000,0.000000,0.000000,98.944034,1.055966,,
BvKK,7,1,2,bishop,king,55272,33004,0,0,0,0,0,5,0,5,0,55192,80,0,41280,13992,0.000000,99.855261,0.144739,0.000000,74.685193,25.314807,0,33004,0,0,32884,120,0.000000,100.000000,0.000000,0.000000,99.636408,0.363592,,
BvKK,8,1,2,bishop,king,124992,80972,0,0,0,0,0,5,0,5,0,124912,80,0,99972,25020,0.000000,99.935996,0.064004,0.000000,79.982719,20.017281,0,80972,0,0,80852,120,0.000000,100.000000,0.000000,0.000000,99.851801,0.148199,,
BvKK,9,1,2,bishop,king,255960,175982,0,0,0,0,0,5,0,5,0,255880,80,0,214408,41552,0.000000,99.968745,0.031255,0.000000,83.766213,16.233787,0,175982,0,0,175862,120,0.000000,100.000000,0.000000,0.000000,99.931811,0.068189,,
BvKK,10,1,2,bishop,king,485100,na,0,0,na,na,0,5,0,na,0,485020,80,0,419952,65148,0.000000,99.983509,0.016491,0.000000,86.570192,13.429808,na,na,na,na,na,na,na,na,na,na,na,na,,
BvKK,11,1,2,bishop,king,863940,na,0,0,na,na,0,5,0,na,0,863860,80,0,766380,97560,0.000000,99.990740,0.009260,0.000000,88.707549,11.292451,na,na,na,na,na,na,na,na,na,na,na,na,,
BvKK,12,1,2,bishop,king,1462032,na,0,0,na,na,0,5,0,na,0,1461952,80,0,1321300,140732,0.000000,99.994528,0.005472,0.000000,90.374219,9.625781,na,na,na,na,na,na,na,na,na,na,na,na,,
BvN,3,1,1,bishop,knight,72,36,0,0,0,0,7,1,7,0,48,24,0,28,28,16,66.666667,33.333333,0.000000,38.888889,38.888889,22.222222,20,16,0,20,16,0,55.555556,44.444444,0.000000,55.555556,44.444444,0.000000,"wBb2,bNb1","wBb2,bNb1"
BvN,4,1,1,bishop,knight,240,136,0,0,0,0,3,3,3,0,96,136,8,16,152,72,40.000000,56.666667,3.333333,6.666667,63.333333,30.000000,8,120,8,16,120,0,5.882353,88.235294,5.882353,11.764706,88.235294,0.000000,"wBa1,bNd1","wBa1,bNd1"
BvN,5,1,1,bishop,knight,600,384,0,0,0,0,3,3,3,3,216,380,4,20,460,120,36.000000,63.333333,0.666667,3.333333,76.666667,20.000000,48,332,4,20,356,8,12.500000,86.458333,1.041667,5.208333,92.708333,2.083333,"wBa1,bNd1","wBa1,bNd1"
BvN,6,1,1,bishop,knight,1260,880,0,0,0,0,3,1,3,0,380,880,0,24,1076,160,30.158730,69.841270,0.000000,1.904762,85.396825,12.698413,96,784,0,24,856,0,10.909091,89.090909,0.000000,2.727273,97.272727,0.000000,"wBa1,bNd1","wBa1,bNd1"
BvN,7,1,1,bishop,knight,2352,1748,0,0,0,0,3,1,3,0,596,1756,0,28,2084,240,25.340136,74.659864,0.000000,1.190476,88.605442,10.204082,152,1596,0,28,1720,0,8.695652,91.304348,0.000000,1.601831,98.398169,0.000000,"wBa1,bNd1","wBa1,bNd1"
BvN,8,1,1,bishop,knight,4032,3136,0,0,0,0,3,1,3,0,872,3160,0,32,3664,336,21.626984,78.373016,0.000000,0.793651,90.873016,8.333333,216,2920,0,32,3104,0,6.887755,93.112245,0.000000,1.020408,98.979592,0.000000,"wBa1,bNd1","wBa1,bNd1"
BvN,9,1,1,bishop,knight,6480,5216,0,0,0,0,3,1,3,0,1216,5264,0,36,5996,448,18.765432,81.234568,0.000000,0.555556,92.530864,6.913580,288,4928,0,36,5180,0,5.521472,94.478528,0.000000,0.690184,99.309816,0.000000,"wBa1,bNd1","wBa1,bNd1"
BvN,10,1,1,bishop,knight,9900,na,0,0,na,na,3,1,3,na,1636,8264,0,40,9284,576,16.525253,83.474747,0.000000,0.404040,93.777778,5.818182,na,na,na,na,na,na,na,na,na,na,na,na,"wBa1,bNd1","wBa1,bNd1"
BvN,11,1,1,bishop,knight,14520,na,0,0,na,na,3,1,3,na,2140,12380,0,44,13756,720,14.738292,85.261708,0.000000,0.303030,94.738292,4.958678,na,na,na,na,na,na,na,na,na,na,na,na,"wBa1,bNd1","wBa1,bNd1"
BvN,12,1,1,bishop,knight,20592,na,0,0,na,na,3,1,3,na,2736,17856,0,48,19664,880,13.286713,86.713287,0.000000,0.233100,95.493395,4.273504,na,na,na,na,na,na,na,na,na,na,na,na,"wBa1,bNd1","wBa1,bNd1"
BvNN,3,1,2,bishop,knight,252,54,0,0,0,0,9,7,9,5,70,112,70,24,68,160,27.777778,44.444444,27.777778,9.523810,26.984127,63.492063,4,24,26,2,36,16,7.407407,44.444444,48.148148,3.703704,66.666667,29.629630,"wBa1,bNc1,bNb2","wBa1,bNc1,bNa3"
BvNN,4,1,2,bishop,knight,1680,528,0,0,0,0,3,11,0,11,48,476,1156,0,20,1660,2.857143,28.333333,68.809524,0.000000,1.190476,98.809524,0,28,500,0,0,528,0.000000,5.303030,94.696970,0.000000,0.000000,100.000000,"wBa1,bNd1,bNd4",
BvNN,5,1,2,bishop,knight,6900,2836,0,0,0,0,3,19,0,19,104,1968,4828,0,56,6844,1.507246,28.521739,69.971014,0.000000,0.811594,99.188406,0,112,2724,0,0,2836,0.000000,3.949224,96.050776,0.000000,0.000000,100.000000,"wBa1,bNb2,bNe2",
BvNN,6,1,2,bishop,knight,21420,10484,0,0,0,0,3,7,0,7,168,20892,360,0,13720,7700,0.784314,97.535014,1.680672,0.000000,64.052288,35.947712,0,10236,248,0,9148,1336,0.000000,97.634491,2.365509,0.000000,87.256772,12.743228,"wBa1,bNc3,bNf3",
BvNN,7,1,2,bishop,knight,55272,30594,0,0,0,0,3,7,0,7,240,54936,96,0,43580,11692,0.434216,99.392097,0.173686,0.000000,78.846432,21.153568,0,30554,40,0,30074,520,0.000000,99.869255,0.130745,0.000000,98.300320,1.699680,"wBa1,bNd1,bNd4",
BvNN,8,1,2,bishop,knight,124992,75708,0,0,0,0,3,3,0,3,320,124616,56,0,104516,20476,0.256016,99.699181,0.044803,0.000000,83.618152,16.381848,0,75708,0,0,75476,232,0.000000,100.000000,0.000000,0.000000,99.693559,0.306441,"wBa1,bNd1,bNd4",
BvNN,9,1,2,bishop,knight,255960,165972,0,0,0,0,3,3,0,3,408,255496,56,0,221260,34700,0.159400,99.818722,0.021878,0.000000,86.443194,13.556806,0,165972,0,0,165740,232,0.000000,100.000000,0.000000,0.000000,99.860217,0.139783,"wBa1,bNd1,bNd4",
BvNN,10,1,2,bishop,knight,485100,na,0,0,na,na,3,3,0,na,504,484540,56,0,429736,55364,0.103896,99.884560,0.011544,0.000000,88.587095,11.412905,na,na,na,na,na,na,na,na,na,na,na,na,"wBa1,bNd1,bNd4",
BvNN,11,1,2,bishop,knight,863940,na,0,0,na,na,3,3,0,na,608,863276,56,0,779792,84148,0.070375,99.923143,0.006482,0.000000,90.259972,9.740028,na,na,na,na,na,na,na,na,na,na,na,na,"wBa1,bNd1,bNd4",
BvNN,12,1,2,bishop,knight,1462032,na,0,0,na,na,3,3,0,na,720,1461256,56,0,1339108,122924,0.049247,99.946923,0.003830,0.000000,91.592250,8.407750,na,na,na,na,na,na,na,na,na,na,na,na,"wBa1,bNd1,bNd4",
BvQ,3,1,1,bishop,queen,72,16,0,0,0,0,1,3,0,3,20,0,52,0,0,72,27.777778,0.000000,72.222222,0.000000,0.000000,100.000000,0,0,16,0,0,16,0.000000,0.000000,100.000000,0.000000,0.000000,100.000000,"wBa1,bQb2",
BvQ,4,1,1,bishop,queen,240,88,0,0,0,0,1,5,0,5,56,0,184,0,0,240,23.333333,0.000000,76.666667,0.000000,0.000000,100.000000,0,0,88,0,0,88,0.000000,0.000000,100.000000,0.000000,0.000000,100.000000,"wBa1,bQb2",
BvQ,5,1,1,bishop,queen,600,280,0,0,0,0,1,5,0,5,120,224,256,0,96,504,20.000000,37.333333,42.666667,0.000000,16.000000,84.000000,0,128,152,0,96,184,0.000000,45.714286,54.285714,0.000000,34.285714,65.714286,"wBa1,bQb2",
BvQ,6,1,1,bishop,queen,1260,680,0,0,0,0,1,1,0,0,220,1040,0,0,680,580,17.460317,82.539683,0.000000,0.000000,53.968254,46.031746,0,680,0,0,680,0,0.000000,100.000000,0.000000,0.000000,100.000000,0.000000,"wBa1,bQb2",
BvQ,7,1,1,bishop,queen,2352,1400,0,0,0,0,1,1,0,0,364,1988,0,0,1400,952,15.476190,84.523810,0.000000,0.000000,59.523810,40.476190,0,1400,0,0,1400,0,0.000000,100.000000,0.000000,0.000000,100.000000,0.000000,"wBa1,bQb2",
BvQ,8,1,1,bishop,queen,4032,2576,0,0,0,0,1,1,0,0,560,3472,0,0,2576,1456,13.888889,86.111111,0.000000,0.000000,63.888889,36.111111,0,2576,0,0,2576,0,0.000000,100.000000,0.000000,0.000000,100.000000,0.000000,"wBa1,bQb2",
BvQ,9,1,1,bishop,queen,6480,4368,0,0,0,0,1,1,0,0,816,5664,0,0,4368,2112,12.592593,87.407407,0.000000,0.000000,67.407407,32.592593,0,4368,0,0,4368,0,0.000000,100.000000,0.000000,0.000000,100.000000,0.000000,"wBa1,bQb2",
BvQ,10,1,1,bishop,queen,9900,na,0,0,na,na,1,1,0,na,1140,8760,0,0,6960,2940,11.515152,88.484848,0.000000,0.000000,70.303030,29.696970,na,na,na,na,na,na,na,na,na,na,na,na,"wBa1,bQb2",
BvQ,11,1,1,bishop,queen,14520,na,0,0,na,na,1,1,0,na,1540,12980,0,0,10560,3960,10.606061,89.393939,0.000000,0.000000,72.727273,27.272727,na,na,na,na,na,na,na,na,na,na,na,na,"wBa1,bQb2",
BvQ,12,1,1,bishop,queen,20592,na,0,0,na,na,1,1,0,na,2024,18568,0,0,15400,5192,9.829060,90.170940,0.000000,0.000000,74.786325,25.213675,na,na,na,na,na,na,na,na,na,na,na,na,"wBa1,bQb2",
BvQQ,3,1,2,bishop,queen,252,8,0,0,0,0,0,3,0,3,0,0,252,0,0,252,0.000000,0.000000,100.000000,0.000000,0.000000,100.000000,0,0,8,0,0,8,0.000000,0.000000,100.000000,0.000000,0.000000,100.000000,,
BvQQ,4,1,2,bishop,queen,1680,204,0,0,0,0,0,3,0,3,0,0,1680,0,0,1680,0.000000,0.000000,100.000000,0.000000,0.000000,100.000000,0,0,204,0,0,204,0.000000,0.000000,100.000000,0.000000,0.000000,100.000000,,
BvQQ,5,1,2,bishop,queen,6900,1444,0,0,0,0,0,5,0,5,0,488,6412,0,0,6900,0.000000,7.072464,92.927536,0.000000,0.000000,100.000000,0,0,1444,0,0,1444,0.000000,0.000000,100.000000,0.000000,0.000000,100.000000,,
BvQQ,6,1,2,bishop,queen,21420,6116,0,0,0,0,0,5,0,5,0,3904,17516,0,0,21420,0.000000,18.225957,81.774043,0.000000,0.000000,100.000000,0,0,6116,0,0,6116,0.000000,0.000000,100.000000,0.000000,0.000000,100.000000,,
BvQQ,7,1,2,bishop,queen,55272,19364,0,0,0,0,0,7,0,7,0,9864,45408,0,0,55272,0.000000,17.846287,82.153713,0.000000,0.000000,100.000000,0,0,19364,0,0,19364,0.000000,0.000000,100.000000,0.000000,0.000000,100.000000,,
BvQQ,8,1,2,bishop,queen,124992,50664,0,0,0,0,0,9,0,9,0,21520,103472,0,0,124992,0.000000,17.217102,82.782898,0.000000,0.000000,100.000000,0,0,50664,0,0,50664,0.000000,0.000000,100.000000,0.000000,0.000000,100.000000,,
BvQQ,9,1,2,bishop,queen,255960,115768,0,0,0,0,0,11,0,11,0,42240,213720,0,0,255960,0.000000,16.502579,83.497421,0.000000,0.000000,100.000000,0,0,115768,0,0,115768,0.000000,0.000000,100.000000,0.000000,0.000000,100.000000,,
BvQQ,10,1,2,bishop,queen,485100,na,0,0,na,na,0,15,0,na,0,76480,408620,0,0,485100,0.000000,15.765821,84.234179,0.000000,0.000000,100.000000,na,na,na,na,na,na,na,na,na,na,na,na,,
BvQQ,11,1,2,bishop,queen,863940,na,0,0,na,na,0,27,0,na,0,130000,733940,0,0,863940,0.000000,15.047341,84.952659,0.000000,0.000000,100.000000,na,na,na,na,na,na,na,na,na,na,na,na,,
BvQQ,12,1,2,bishop,queen,1462032,na,0,0,na,na,0,37,0,na,0,1452752,9280,0,739736,722296,0.000000,99.365267,0.634733,0.000000,50.596430,49.403570,na,na,na,na,na,na,na,na,na,na,na,na,,
BvR,3,1,1,bishop,rook,72,16,0,0,0,0,1,5,0,5,20,20,32,0,12,60,27.777778,27.777778,44.444444,0.000000,16.666667,83.333333,0,0,16,0,8,8,0.000000,0.000000,100.000000,0.000000,50.000000,50.000000,"wBa1,bRb2",
BvR,4,1,1,bishop,rook,240,88,0,0,0,0,1,7,0,7,56,144,40,0,72,168,23.333333,60.000000,16.666667,0.000000,30.000000,70.000000,0,64,24,0,40,48,0.000000,72.727273,27.272727,0.000000,45.454545,54.545455,"wBa1,bRb2",
BvR,5,1,1,bishop,rook,600,280,0,0,0,0,1,1,0,0,120,480,0,0,400,200,20.000000,80.000000,0.000000,0.000000,66.666667,33.333333,0,280,0,0,280,0,0.000000,100.000000,0.000000,0.000000,100.000000,0.000000,"wBa1,bRb2",
BvR,6,1,1,bishop,rook,1260,680,0,0,0,0,1,1,0,0,220,1040,0,0,900,360,17.460317,82.539683,0.000000,0.000000,71.428571,28.571429,0,680,0,0,680,0,0.000000,100.000000,0.000000,0.000000,100.000000,0.000000,"wBa1,bRb2",
BvR,7,1,1,bishop,rook,2352,1400,0,0,0,0,1,1,0,0,364,1988,0,0,1764,588,15.476190,84.523810,0.000000,0.000000,75.000000,25.000000,0,1400,0,0,1400,0,0.000000,100.000000,0.000000,0.000000,100.000000,0.000000,"wBa1,bRb2",
BvR,8,1,1,bishop,rook,4032,2576,0,0,0,0,1,1,0,0,560,3472,0,0,3136,896,13.888889,86.111111,0.000000,0.000000,77.777778,22.222222,0,2576,0,0,2576,0,0.000000,100.000000,0.000000,0.000000,100.000000,0.000000,"wBa1,bRb2",
BvR,9,1,1,bishop,rook,6480,4368,0,0,0,0,1,1,0,0,816,5664,0,0,5184,1296,12.592593,87.407407,0.000000,0.000000,80.000000,20.000000,0,4368,0,0,4368,0,0.000000,100.000000,0.000000,0.000000,100.000000,0.000000,"wBa1,bRb2",
BvR,10,1,1,bishop,rook,9900,na,0,0,na,na,1,1,0,na,1140,8760,0,0,8100,1800,11.515152,88.484848,0.000000,0.000000,81.818182,18.181818,na,na,na,na,na,na,na,na,na,na,na,na,"wBa1,bRb2",
BvR,11,1,1,bishop,rook,14520,na,0,0,na,na,1,1,0,na,1540,12980,0,0,12100,2420,10.606061,89.393939,0.000000,0.000000,83.333333,16.666667,na,na,na,na,na,na,na,na,na,na,na,na,"wBa1,bRb2",
BvR,12,1,1,bishop,rook,20592,na,0,0,na,na,1,1,0,na,2024,18568,0,0,17424,3168,9.829060,90.170940,0.000000,0.000000,84.615385,15.384615,na,na,na,na,na,na,na,na,na,na,na,na,"wBa1,bRb2",
BvRR,3,1,2,bishop,rook,252,8,0,0,0,0,0,5,0,3,0,28,224,0,0,252,0.000000,11.111111,88.888889,0.000000,0.000000,100.000000,0,0,8,0,0,8,0.000000,0.000000,100.000000,0.000000,0.000000,100.000000,,
BvRR,4,1,2,bishop,rook,1680,204,0,0,0,0,0,7,0,5,0,232,1448,0,0,1680,0.000000,13.809524,86.190476,0.000000,0.000000,100.000000,0,0,204,0,0,204,0.000000,0.000000,100.000000,0.000000,0.000000,100.000000,,
BvRR,5,1,2,bishop,rook,6900,1444,0,0,0,0,0,9,0,7,0,1616,5284,0,0,6900,0.000000,23.420290,76.579710,0.000000,0.000000,100.000000,0,0,1444,0,0,1444,0.000000,0.000000,100.000000,0.000000,0.000000,100.000000,,
BvRR,6,1,2,bishop,rook,21420,6116,0,0,0,0,0,11,0,11,0,15476,5944,0,3368,18052,0.000000,72.250233,27.749767,0.000000,15.723623,84.276377,0,3588,2528,0,1692,4424,0.000000,58.665795,41.334205,0.000000,27.665141,72.334859,,
BvRR,7,1,2,bishop,rook,55272,19364,0,0,0,0,0,17,0,17,0,52620,2652,0,21646,33626,0.000000,95.201911,4.798089,0.000000,39.162686,60.837314,0,18048,1316,0,13524,5840,0.000000,93.203883,6.796117,0.000000,69.840942,30.159058,,
BvRR,8,1,2,bishop,rook,124992,50664,0,0,0,0,0,9,0,9,0,124680,312,0,71672,53320,0.000000,99.750384,0.249616,0.000000,57.341270,42.658730,0,50664,0,0,49240,1424,0.000000,100.000000,0.000000,0.000000,97.189326,2.810674,,
BvRR,9,1,2,bishop,rook,255960,115768,0,0,0,0,0,9,0,9,0,255612,348,0,158568,97392,0.000000,99.864041,0.135959,0.000000,61.950305,38.049695,0,115768,0,0,113908,1860,0.000000,100.000000,0.000000,0.000000,98.393338,1.606662,,
BvRR,10,1,2,bishop,rook,485100,na,0,0,na,na,0,9,0,na,0,484716,384,0,317992,167108,0.000000,99.920841,0.079159,0.000000,65.551845,34.448155,na,na,na,na,na,na,na,na,na,na,na,na,,
BvRR,11,1,2,bishop,rook,863940,na,0,0,na,na,0,9,0,na,0,863520,420,0,591518,272422,0.000000,99.951386,0.048614,0.000000,68.467486,31.532514,na,na,na,na,na,na,na,na,na,na,na,na,,
BvRR,12,1,2,bishop,rook,1462032,na,0,0,na,na,0,9,0,na,0,1461576,456,0,1036440,425592,0.000000,99.968811,0.031189,0.000000,70.890377,29.109623,na,na,na,na,na,na,na,na,na,na,na,na,,
KBBK,3,3,1,shared,king,340,240,0,0,0,0,1,0,1,na,48,292,0,88,584,0,14.117647,85.882353,0.000000,13.095238,86.904762,0.000000,48,192,0,0,240,0,20.000000,80.000000,0.000000,0.000000,100.000000,0.000000,"wKa1,wBb1,wBc3,bKc1","wKa1,wBb1,wBc3,bKc1"
KBBK,4,3,1,shared,king,8308,6052,0,0,0,0,17,0,15,na,3736,4572,0,3896,10300,0,44.968705,55.031295,0.000000,27.444351,72.555649,0.000000,2664,3388,0,2352,3700,0,44.018506,55.981494,0.000000,38.863186,61.136814,0.000000,"wKa1,wBd2,wBa4,bKd3","wKa1,wBa4,wBb4,bKc1"
KBBK,5,3,1,shared,king,73932,58280,0,0,0,0,21,0,19,na,35168,38764,0,37260,78108,0,47.568035,52.431965,0.000000,32.296651,67.703349,0.000000,27328,30952,0,26396,31884,0,46.890872,53.109128,0.000000,45.291695,54.708305,0.000000,"wKa1,wBe3,wBd5,bKd3","wKa1,wBa2,wBe3,bKc2"
KBBK,6,3,1,shared,king,398672,333552,0,0,0,0,25,0,25,na,193528,205144,0,211624,371816,0,48.543163,51.456837,0.000000,36.271767,63.728233,0.000000,160672,172880,0,158792,174760,0,48.170000,51.830000,0.000000,47.606370,52.393630,0.000000,"wKa1,wBc1,wBf3,bKc2","wKa1,wBc1,wBc6,bKc3"
KBBK,7,3,1,shared,king,1580904,1378580,0,0,0,0,31,0,31,na,774400,806504,0,861944,1343296,0,48.984632,51.015368,0.000000,39.086177,60.913823,0.000000,672360,706220,0,668976,709604,0,48.771925,51.228075,0.000000,48.526455,51.473545,0.000000,"wKa1,wBc1,wBd7,bKc2","wKa1,wBd1,wBe7,bKc3"
KBBK,8,3,1,shared,king,5082028,4562188,0,0,0,0,37,0,35,na,2503608,2578420,0,2814040,4016252,0,49.263955,50.736045,0.000000,41.199410,58.800590,0.000000,2241752,2320436,0,2236384,2325804,0,49.137651,50.862349,0.000000,49.019988,50.980012,0.000000,"wKa1,wBd1,wBh4,bKd2","wKa1,wBa4,wBh4,bKd2"
KBBK,9,3,1,shared,king,14017672,12849556,0,0,0,0,41,0,41,na,6928544,7089128,0,7819548,10469268,0,49.427209,50.572791,0.000000,42.755901,57.244099,0.000000,6340880,6508676,0,6332756,6516800,0,49.347075,50.652925,0.000000,49.283851,50.716149,0.000000,"wKa1,wBe1,wBa4,bKe2","wKb1,wBe3,wBe8,bKe5"
KBBK,10,3,1,shared,king,34397824,32022512,0,0,0,0,47,0,47,na,17043816,17354008,0,19254952,24548696,0,49.549111,50.450889,0.000000,43.957417,56.042583,0.000000,15850048,16172464,0,15838536,16183976,0,49.496579,50.503421,0.000000,49.460629,50.539371,0.000000,"wKa1,wBe2,wBa5,bKe3","wKa1,wBf3,wBf8,bKe5"
KBBK,11,3,1,shared,king,76961068,72491048,0,0,0,0,51,0,51,na,38195232,38765836,0,43107224,52940056,0,49.629290,50.370710,0.000000,44.881254,55.118746,0.000000,35950584,36540464,0,35934696,36556352,0,49.593136,50.406864,0.000000,49.571219,50.428781,0.000000,"wKa1,wBf2,wBa4,bKf3","wKa1,wBe1,wBc6,bKf4"
KBBK,12,3,1,shared,king,159766628,151859764,0,0,0,0,57,0,57,na,79394328,80372300,0,89417784,106597596,0,49.693937,50.306063,0.000000,45.617739,54.382261,0.000000,75426440,76433324,0,75405392,76454372,0,49.668482,50.331518,0.000000,49.654622,50.345378,0.000000,"wKa1,wBe1,wBf3,bKf4","wKa1,wBd1,wBa3,bKf5"
KBBK-capture,3,3,1,shared,king,340,240,0,0,0,0,3,0,3,na,336,4,0,640,32,0,98.823529,1.176471,0.000000,95.238095,4.761905,0.000000,236,4,0,240,0,0,98.333333,1.666667,0.000000,100.000000,0.000000,0.000000,"wKa1,wBc1,wBa3,bKc2","wKa1,wBc1,wBa3,bKc2"
KBBK-capture,4,3,1,shared,king,8308,6052,0,0,0,1,9,0,9,na,8308,0,0,14060,136,0,100.000000,0.000000,0.000000,99.041984,0.958016,0.000000,6052,0,0,6052,0,0,100.000000,0.000000,0.000000,100.000000,0.000000,0.000000,"wKa1,wBc1,wBa3,bKc2","wKa1,wBc1,wBa3,bKc2"
KBBK-capture,5,3,1,shared,king,73932,58280,0,1,0,1,13,0,13,na,73932,0,0,115368,0,0,100.000000,0.000000,0.000000,100.000000,0.000000,0.000000,58280,0,0,58280,0,0,100.000000,0.000000,0.000000,100.000000,0.000000,0.000000,"wKa1,wBd4,wBc5,bKc1","wKa1,wBd4,wBc5,bKc1"
KBBK-capture,6,3,1,shared,king,398672,333552,0,1,0,1,19,0,19,na,398672,0,0,583440,0,0,100.000000,0.000000,0.000000,100.000000,0.000000,0.000000,333552,0,0,333552,0,0,100.000000,0.000000,0.000000,100.000000,0.000000,0.000000,"wKa1,wBd2,wBa3,bKd1","wKa1,wBf2,wBf4,bKc2"
KBBK-capture,7,3,1,shared,king,1580904,1378580,0,0,0,1,25,0,25,na,1580904,0,0,1796132,409108,0,100.000000,0.000000,0.000000,81.448368,18.551632,0.000000,1378580,0,0,1378580,0,0,100.000000,0.000000,0.000000,100.000000,0.000000,0.000000,"wKa1,wBe1,wBc7,bKd1","wKa1,wBe2,wBd7,bKc2"
KBBK-capture,8,3,1,shared,king,5082028,4562188,0,0,0,1,31,0,31,na,5082028,0,0,5734184,1096108,0,100.000000,0.000000,0.000000,83.952253,16.047747,0.000000,4562188,0,0,4562188,0,0,100.000000,0.000000,0.000000,100.000000,0.000000,0.000000,"wKa1,wBe1,wBg1,bKd1","wKa1,wBh1,wBe2,bKc2"
KBBK-capture,9,3,1,shared,king,14017672,12849556,0,0,0,1,37,0,37,na,14017672,0,0,15817940,2470876,0,100.000000,0.000000,0.000000,86.489689,13.510311,0.000000,12849556,0,0,12849556,0,0,100.000000,0.000000,0.000000,100.000000,0.000000,0.000000,"wKa1,wBc1,wBe1,bKd1","wKa1,wBc1,wBd6,bKc3"
KBBK-capture,10,3,1,shared,king,34397824,32022512,0,0,0,1,43,0,43,na,34397824,0,0,38781388,5022260,0,100.000000,0.000000,0.000000,88.534608,11.465392,0.000000,32022512,0,0,32022512,0,0,100.000000,0.000000,0.000000,100.000000,0.000000,0.000000,"wKa1,wBe1,wBi1,bKc1","wKb1,wBh1,wBj1,bKb3"
KBBK-capture,11,3,1,shared,king,76961068,72491048,0,0,0,1,49,0,49,na,76961068,0,0,86612436,9434844,0,100.000000,0.000000,0.000000,90.176875,9.823125,0.000000,72491048,0,0,72491048,0,0,100.000000,0.000000,0.000000,100.000000,0.000000,0.000000,"wKa1,wBg1,wBi1,bKc1","wKa1,wBg1,wBi1,bKc1"
KBBK-capture,12,3,1,shared,king,159766628,151859764,0,0,0,1,57,0,57,na,159766628,0,0,179363944,16651436,0,100.000000,0.000000,0.000000,91.505036,8.494964,0.000000,151859764,0,0,151859764,0,0,100.000000,0.000000,0.000000,100.000000,0.000000,0.000000,"wKa1,wBk1,wBa9,bKc2","wKa1,wBk1,wBa9,bKc2"
KBK,3,2,1,shared,king,164,116,0,0,0,0,0,0,0,na,0,164,0,0,224,0,0.000000,100.000000,0.000000,0.000000,100.000000,0.000000,0,116,0,0,116,0,0.000000,100.000000,0.000000,0.000000,100.000000,0.000000,,
KBK,4,2,1,shared,king,1684,1316,0,0,0,0,0,0,0,na,0,1684,0,0,2184,0,0.000000,100.000000,0.000000,0.000000,100.000000,0.000000,0,1316,0,0,1316,0,0.000000,100.000000,0.000000,0.000000,100.000000,0.000000,,
KBK,5,2,1,shared,king,8424,7152,0,0,0,0,0,0,0,na,0,8424,0,0,10488,0,0.000000,100.000000,0.000000,0.000000,100.000000,0.000000,0,7152,0,0,7152,0,0.000000,100.000000,0.000000,0.000000,100.000000,0.000000,,
KBK,6,2,1,shared,king,29280,26112,0,0,0,0,0,0,0,na,0,29280,0,0,35360,0,0.000000,100.000000,0.000000,0.000000,100.000000,0.000000,0,26112,0,0,26112,0,0.000000,100.000000,0.000000,0.000000,100.000000,0.000000,,
KBK,7,2,1,shared,king,81260,74700,0,0,0,0,0,0,0,na,0,81260,0,0,95880,0,0.000000,100.000000,0.000000,0.000000,100.000000,0.000000,0,74700,0,0,74700,0,0.000000,100.000000,0.000000,0.000000,100.000000,0.000000,,
KBK,8,2,1,shared,king,193284,181236,0,0,0,0,0,0,0,na,0,193284,0,0,223944,0,0.000000,100.000000,0.000000,0.000000,100.000000,0.000000,0,181236,0,0,181236,0,0.000000,100.000000,0.000000,0.000000,100.000000,0.000000,,
KBK,9,2,1,shared,king,410704,390376,0,0,0,0,0,0,0,na,0,410704,0,0,468944,0,0.000000,100.000000,0.000000,0.000000,100.000000,0.000000,0,390376,0,0,390376,0,0.000000,100.000000,0.000000,0.000000,100.000000,0.000000,,
KBK,10,2,1,shared,king,800544,768352,0,0,0,0,0,0,0,na,0,800544,0,0,903168,0,0.000000,100.000000,0.000000,0.000000,100.000000,0.000000,0,768352,0,0,768352,0,0.000000,100.000000,0.000000,0.000000,100.000000,0.000000,,
KBK,11,2,1,shared,king,1457460,1408932,0,0,0,0,0,0,0,na,0,1457460,0,0,1627920,0,0.000000,100.000000,0.000000,0.000000,100.000000,0.000000,0,1408932,0,0,1408932,0,0.000000,100.000000,0.000000,0.000000,100.000000,0.000000,,
KBK,12,2,1,shared,king,2510420,2440100,0,0,0,0,0,0,0,na,0,2510420,0,0,2780360,0,0.000000,100.000000,0.000000,0.000000,100.000000,0.000000,0,2440100,0,0,2440100,0,0.000000,100.000000,0.000000,0.000000,100.000000,0.000000,,
KBK-capture,3,2,1,shared,king,164,116,0,0,0,0,3,0,3,na,156,8,0,144,80,0,95.121951,4.878049,0.000000,64.285714,35.714286,0.000000,108,8,0,100,16,0,93.103448,6.896552,0.000000,86.206897,13.793103,0.000000,"wKa1,wBc3,bKc1","wKa1,wBc3,bKc1"
KBK-capture,4,2,1,shared,king,1684,1316,0,0,0,0,15,0,13,na,1660,24,0,1536,648,0,98.574822,1.425178,0.000000,70.329670,29.670330,0.000000,1308,8,0,1252,64,0,99.392097,0.607903,0.000000,95.136778,4.863222,0.000000,"wKa1,wBd2,bKd3","wKa1,wBa3,bKc2"
KBK-capture,5,2,1,shared,king,8424,7152,0,0,0,1,27,0,27,na,8424,0,0,8328,2160,0,100.000000,0.000000,0.000000,79.405034,20.594966,0.000000,7152,0,0,7152,0,0,100.000000,0.000000,0.000000,100.000000,0.000000,0.000000,"wKa1,wBd2,bKc2","wKa1,wBe3,bKc2"
KBK-capture,6,2,1,shared,king,29280,26112,0,0,0,1,39,0,39,na,29280,0,0,29760,5600,0,100.000000,0.000000,0.000000,84.162896,15.837104,0.000000,26112,0,0,26112,0,0,100.000000,0.000000,0.000000,100.000000,0.000000,0.000000,"wKa1,wBf2,bKc1","wKa1,wBf2,bKc1"
KBK-capture,7,2,1,shared,king,81260,74700,0,0,0,0,31,0,31,na,8636,72624,0,2980,92900,0,10.627615,89.372385,0.000000,3.108052,96.891948,0.000000,8144,66556,0,2632,72068,0,10.902276,89.097724,0.000000,3.523427,96.476573,0.000000,"wKb2,wBa6,bKd1","wKb2,wBa6,bKd1"
KBK-capture,8,2,1,shared,king,193284,181236,0,0,0,0,17,0,17,na,7360,185924,0,1996,221948,0,3.807868,96.192132,0.000000,0.891294,99.108706,0.000000,6904,174332,0,1792,179444,0,3.809398,96.190602,0.000000,0.988766,99.011234,0.000000,"wKc1,wBe1,bKg1","wKc2,wBe1,bKg1"
KBK-capture,9,2,1,shared,king,410704,390376,0,0,0,0,17,0,17,na,9140,401564,0,2380,466564,0,2.225447,97.774553,0.000000,0.507523,99.492477,0.000000,8664,381712,0,2152,388224,0,2.219399,97.780601,0.000000,0.551263,99.448737,0.000000,"wKd1,wBf1,bKh1","wKd1,wBf1,bKh1"
KBK-capture,10,2,1,shared,king,800544,768352,0,0,0,0,17,0,17,na,11168,789376,0,2804,900364,0,1.395051,98.604949,0.000000,0.310463,99.689537,0.000000,10672,757680,0,2552,765800,0,1.388947,98.611053,0.000000,0.332139,99.667861,0.000000,"wKe1,wBg1,bKi1","wKe1,wBg1,bKi1"
KBK-capture,11,2,1,shared,king,1457460,1408932,0,0,0,0,17,0,17,na,13332,1444128,0,3252,1624668,0,0.914742,99.085258,0.000000,0.199764,99.800236,0.000000,12816,1396116,0,2976,1405956,0,0.909625,99.090375,0.000000,0.211224,99.788776,0.000000,"wKf1,wBd1,bKb1","wKf1,wBd1,bKb1"
KBK-capture,12,2,1,shared,king,2510420,2440100,0,0,0,0,17,0,17,na,15744,2494676,0,3740,2776620,0,0.627146,99.372854,0.000000,0.134515,99.865485,0.000000,15208,2424892,0,3440,2436660,0,0.623253,99.376747,0.000000,0.140978,99.859022,0.000000,"wKf1,wBd1,bKb1","wKe2,wBf3,bKc1"
KBNK,3,3,1,shared,king,800,544,0,0,0,0,13,0,13,na,304,496,0,368,976,0,38.000000,62.000000,0.000000,27.380952,72.619048,0.000000,224,320,0,136,408,0,41.176471,58.823529,0.000000,25.000000,75.000000,0.000000,"wKa1,wBc3,wNa2,bKc2","wKa1,wBc3,wNa2,bKc2"
KBNK,4,3,1,shared,king,18240,11880,0,0,0,0,27,0,23,na,17120,1120,0,15560,12832,0,93.859649,6.140351,0.000000,54.804170,45.195830,0.000000,11776,104,0,10016,1864,0,99.124579,0.875421,0.000000,84.309764,15.690236,0.000000,"wKa1,wBd2,wNd1,bKd3","wKa1,wBc4,wNd3,bKc2"
KBNK,5,3,1,shared,king,159288,113456,0,0,0,0,25,0,25,na,80652,78636,0,78928,151808,0,50.632816,49.367184,0.000000,34.207059,65.792941,0.000000,58892,54564,0,55536,57920,0,51.907347,48.092653,0.000000,48.949372,51.050628,0.000000,"wKa1,wBe1,wNc1,bKc2","wKa1,wBc5,wNe4,bKc2"
KBNK,6,3,1,shared,king,855184,660096,0,0,0,0,43,0,43,na,843072,12112,0,839792,327088,0,98.583697,1.416303,0.000000,71.969011,28.030989,0.000000,659568,528,0,638696,21400,0,99.920012,0.079988,0.000000,96.758047,3.241953,0.000000,"wKa1,wBb2,wNf1,bKd3","wKa1,wBb2,wNf1,bKd3"
KBNK,7,3,1,shared,king,3386624,2772240,0,0,0,0,41,0,41,na,1711800,1674824,0,1757376,2653104,0,50.545912,49.454088,0.000000,39.845459,60.154541,0.000000,1412648,1359592,0,1390576,1381664,0,50.956916,49.043084,0.000000,50.160736,49.839264,0.000000,"wKa1,wBa3,wNf1,bKe2","wKa1,wBg3,wNf2,bKe3"
KBNK,8,3,1,shared,king,10875504,9284408,0,0,0,0,65,0,65,na,10822184,53320,0,11188168,2472416,0,99.509724,0.490276,0.000000,81.901096,18.098904,0.000000,9282704,1704,0,9185408,99000,0,99.981647,0.018353,0.000000,98.933696,1.066304,0.000000,"wKa1,wBe1,wNh6,bKc1","wKb1,wBc8,wNb7,bKc6"
KBNK,9,3,1,shared,king,29958264,26366544,0,0,0,0,57,0,57,na,15106620,14851644,0,15789448,20788184,0,50.425552,49.574448,0.000000,43.166950,56.833050,0.000000,13337988,13028556,0,13261184,13105360,0,50.586789,49.413211,0.000000,50.295496,49.704504,0.000000,"wKa1,wBe1,wNh1,bKf1","wKa1,wBe1,wNf2,bKf3"
KBNK,10,3,1,shared,king,73396192,66073680,0,0,0,0,93,0,93,na,73244528,151664,0,76683424,10923872,0,99.793363,0.206637,0.000000,87.530865,12.469135,0.000000,66070424,3256,0,65783288,290392,0,99.995072,0.004928,0.000000,99.560503,0.439497,0.000000,"wKa1,wBe1,wNb10,bKc1","wKc1,wBb4,wNj10,bKd3"
KBNK,11,3,1,shared,king,163918368,150119600,0,0,0,0,77,0,77,na,82486256,81432112,0,86693032,105401528,0,50.321545,49.678455,0.000000,45.130394,54.869606,0.000000,75654648,74464952,0,75458752,74660848,0,50.396249,49.603751,0.000000,50.265756,49.734244,0.000000,"wKa1,wBe1,wNk1,bKc1","wKa1,wBe1,wNk1,bKc1"
KBNK,12,3,1,shared,king,339633248,315210504,0,0,0,0,127,0,125,na,339289928,343320,0,356475592,35555168,0,99.898914,0.101086,0.000000,90.930516,9.069484,0.000000,315205304,5200,0,314540768,669736,0,99.998350,0.001650,0.000000,99.787527,0.212473,0.000000,"wKa1,wBe1,wNc1,bKc2","wKa1,wBe1,wNa12,bKc1"
KBvB,3,2,1,king+bishop,bishop,504,140,0,0,0,1,5,3,5,na,504,0,0,392,104,8,100.000000,0.000000,0.000000,77.777778,20.634921,1.587302,140,0,0,140,0,0,100.000000,0.000000,0.000000,100.000000,0.000000,0.000000,"wKa1,wBb1,bBa3","wKa1,wBb1,bBa3"
KBvB,4,2,1,king+bishop,bishop,3360,1448,0,0,0,0,5,0,5,na,2192,1168,0,964,2396,0,65.238095,34.761905,0.000000,28.690476,71.309524,0.000000,440,1008,0,440,1008,0,30.386740,69.613260,0.000000,30.386740,69.613260,0.000000,"wKa1,wBb1,bBd1","wKa1,wBb1,bBd1"
KBvB,5,2,1,king+bishop,bishop,13800,7328,0,0,0,0,11,0,9,na,8344,5456,0,4032,9768,0,60.463768,39.536232,0.000000,29.217391,70.782609,0.000000,2568,4760,0,2568,4760,0,35.043668,64.956332,0.000000,35.043668,64.956332,0.000000,"wKa1,wBe1,bBd4","wKa1,wBb1,bBe2"
KBvB,6,2,1,king+bishop,bishop,42840,25752,0,0,0,0,7,0,7,na,14152,28688,0,244,42596,0,33.034547,66.965453,0.000000,0.569561,99.430439,0.000000,416,25336,0,0,25752,0,1.615409,98.384591,0.000000,0.000000,100.000000,0.000000,"wKc2,wBc1,bBe1","wKc2,wBc1,bBe1"
KBvB,7,2,1,king+bishop,bishop,110544,72188,0,0,0,0,7,0,7,na,30064,80480,0,280,110264,0,27.196410,72.803590,0.000000,0.253293,99.746707,0.000000,536,71652,0,0,72188,0,0.742506,99.257494,0.000000,0.000000,100.000000,0.000000,"wKd2,wBd1,bBb1","wKd2,wBd1,bBb1"
KBvB,8,2,1,king+bishop,bishop,249984,173232,0,0,0,0,7,0,7,na,57668,192316,0,316,249668,0,23.068676,76.931324,0.000000,0.126408,99.873592,0.000000,656,172576,0,0,173232,0,0.378683,99.621317,0.000000,0.000000,100.000000,0.000000,"wKd2,wBd1,bBb1","wKd2,wBd1,bBb1"
KBvB,9,2,1,king+bishop,bishop,511920,370976,0,0,0,0,7,0,7,na,102428,409492,0,352,511568,0,20.008595,79.991405,0.000000,0.068761,99.931239,0.000000,816,370160,0,0,370976,0,0.219960,99.780040,0.000000,0.000000,100.000000,0.000000,"wKd2,wBd1,bBb1","wKd2,wBd1,bBb1"
KBvB,10,2,1,king+bishop,bishop,970200,728080,0,0,0,0,7,0,7,na,171112,799088,0,388,969812,0,17.636776,82.363224,0.000000,0.039992,99.960008,0.000000,976,727104,0,0,728080,0,0.134051,99.865949,0.000000,0.000000,100.000000,0.000000,"wKd2,wBd1,bBb1","wKd2,wBd1,bBb1"
KBvB,11,2,1,king+bishop,bishop,1727880,1333580,0,0,0,0,7,0,7,na,272176,1455704,0,424,1727456,0,15.752020,84.247980,0.000000,0.024539,99.975461,0.000000,1176,1332404,0,0,1333580,0,0.088184,99.911816,0.000000,0.000000,100.000000,0.000000,"wKd2,wBd1,bBb1","wKd2,wBd1,bBb1"
KBvB,12,2,1,king+bishop,bishop,2924064,2309400,0,0,0,0,7,0,7,na,415700,2508364,0,460,2923604,0,14.216515,85.783485,0.000000,0.015732,99.984268,0.000000,1376,2308024,0,0,2309400,0,0.059583,99.940417,0.000000,0.000000,100.000000,0.000000,"wKd2,wBd1,bBb1","wKd2,wBd1,bBb1"
KBvK,3,2,1,king+bishop,king,504,88,0,0,0,1,5,5,5,na,504,0,0,244,60,200,100.000000,0.000000,0.000000,48.412698,11.904762,39.682540,88,0,0,88,0,0,100.000000,0.000000,0.000000,100.000000,0.000000,0.000000,"wKa1,wBb1,bKb3","wKa1,wBb1,bKb3"
KBvK,4,2,1,king+bishop,king,3360,1236,0,0,0,0,13,0,11,na,3352,8,0,1864,1496,0,99.761905,0.238095,0.000000,55.476190,44.523810,0.000000,1236,0,0,1228,8,0,100.000000,0.000000,0.000000,99.352751,0.647249,0.000000,"wKa1,wBd3,bKc3","wKa1,wBb1,bKb3"
KBvK,5,2,1,king+bishop,king,13800,6996,0,0,0,1,19,0,19,na,13800,0,0,8964,4836,0,100.000000,0.000000,0.000000,64.956522,35.043478,0.000000,6996,0,0,6996,0,0,100.000000,0.000000,0.000000,100.000000,0.000000,0.000000,"wKa1,wBe3,bKc2","wKa1,wBe3,bKc2"
KBvK,6,2,1,king+bishop,king,42840,25856,0,0,0,1,27,0,27,na,42840,0,0,31016,11824,0,100.000000,0.000000,0.000000,72.399627,27.600373,0.000000,25856,0,0,25856,0,0,100.000000,0.000000,0.000000,100.000000,0.000000,0.000000,"wKa1,wBe2,bKc2","wKa1,wBe2,bKc2"
KBvK,7,2,1,king+bishop,king,110544,74320,0,0,0,1,33,0,33,na,110544,0,0,86188,24356,0,100.000000,0.000000,0.000000,77.967144,22.032856,0.000000,74320,0,0,74320,0,0,100.000000,0.000000,0.000000,100.000000,0.000000,0.000000,"wKa1,wBd1,bKc1","wKa1,wBf1,bKc1"
KBvK,8,2,1,king+bishop,king,249984,180708,0,0,0,1,43,0,43,na,249984,0,0,205264,44720,0,100.000000,0.000000,0.000000,82.110855,17.889145,0.000000,180708,0,0,180708,0,0,100.000000,0.000000,0.000000,100.000000,0.000000,0.000000,"wKa1,wBd1,bKc1","wKa1,wBd1,bKa3"
KBvK,9,2,1,king+bishop,king,511920,389676,0,0,0,1,57,0,57,na,511920,0,0,436332,75588,0,100.000000,0.000000,0.000000,85.234412,14.765588,0.000000,389676,0,0,389676,0,0,100.000000,0.000000,0.000000,100.000000,0.000000,0.000000,"wKa1,wBh1,bKc3","wKa1,wBh1,bKc3"
KBvK,10,2,1,king+bishop,king,970200,767456,0,0,0,1,67,0,67,na,970200,0,0,850184,120016,0,100.000000,0.000000,0.000000,87.629767,12.370233,0.000000,767456,0,0,767456,0,0,100.000000,0.000000,0.000000,100.000000,0.000000,0.000000,"wKa1,wBd1,bKc1","wKa1,wBd1,bKa3"
KBvK,11,2,1,king+bishop,king,1727880,1407816,0,0,0,1,79,0,79,na,1727880,0,0,1546436,181444,0,100.000000,0.000000,0.000000,89.499039,10.500961,0.000000,1407816,0,0,1407816,0,0,100.000000,0.000000,0.000000,100.000000,0.000000,0.000000,"wKa1,wBd1,bKc1","wKa1,wBd1,bKa3"
KBvK,12,2,1,king+bishop,king,2924064,2438740,0,0,0,1,93,0,93,na,2924064,0,0,2660368,263696,0,100.000000,0.000000,0.000000,90.981866,9.018134,0.000000,2438740,0,0,2438740,0,0,100.000000,0.000000,0.000000,100.000000,0.000000,0.000000,"wKa1,wBh1,bKc3","wKa1,wBh1,bKc3"
KBvN,3,2,1,king+bishop,knight,504,52,0,0,0,1,3,0,3,na,504,0,0,416,88,0,100.000000,0.000000,0.000000,82.539683,17.460317,0.000000,52,0,0,52,0,0,100.000000,0.000000,0.000000,100.000000,0.000000,0.000000,"wKa1,wBb1,bNc1","wKa1,wBb1,bNc1"
KBvN,4,2,1,king+bishop,knight,3360,892,0,0,0,1,7,3,7,na,3360,0,0,2736,600,24,100.000000,0.000000,0.000000,81.428571,17.857143,0.714286,892,0,0,892,0,0,100.000000,0.000000,0.000000,100.000000,0.000000,0.000000,"wKa1,wBc1,bNc2","wKa1,wBd1,bNd2"
KBvN,5,2,1,king+bishop,knight,13800,5440,0,0,0,0,11,3,11,na,13792,8,0,10976,2800,24,99.942029,0.057971,0.000000,79.536232,20.289855,0.173913,5440,0,0,5416,24,0,100.000000,0.000000,0.000000,99.558824,0.441176,0.000000,"wKa1,wBb1,bNe3","wKa1,wBb1,bNe3"
KBvN,6,2,1,king+bishop,knight,42840,21192,0,0,0,0,17,0,17,na,42824,16,0,35000,7840,0,99.962652,0.037348,0.000000,81.699346,18.300654,0.000000,21192,0,0,21144,48,0,100.000000,0.000000,0.000000,99.773499,0.226501,0.000000,"wKa1,wBb1,bNa4","wKa1,wBb1,bNa4"
KBvN,7,2,1,king+bishop,knight,110544,63396,0,0,0,0,25,0,25,na,110520,24,0,93016,17528,0,99.978289,0.021711,0.000000,84.143870,15.856130,0.000000,63396,0,0,63324,72,0,100.000000,0.000000,0.000000,99.886428,0.113572,0.000000,"wKa1,wBb1,bNd1","wKa1,wBb1,bNd1"
KBvN,8,2,1,king+bishop,knight,249984,158828,0,0,0,0,39,0,39,na,249952,32,0,215952,34032,0,99.987199,0.012801,0.000000,86.386329,13.613671,0.000000,158828,0,0,158732,96,0,100.000000,0.000000,0.000000,99.939557,0.060443,0.000000,"wKa1,wBb1,bNd1","wKa1,wBb1,bNd1"
KBvN,9,2,1,king+bishop,knight,511920,350312,0,0,0,0,29,0,29,na,155328,356592,0,8352,503568,0,30.342241,69.657759,0.000000,1.631505,98.368495,0.000000,41192,309120,0,6316,343996,0,11.758661,88.241339,0.000000,1.802964,98.197036,0.000000,"wKc2,wBa4,bNa2","wKc2,wBa4,bNa2"
KBvN,10,2,1,king+bishop,knight,970200,701960,0,0,0,0,33,0,33,na,241304,728896,0,9168,961032,0,24.871573,75.128427,0.000000,0.944960,99.055040,0.000000,55088,646872,0,7068,694892,0,7.847741,92.152259,0.000000,1.006895,98.993105,0.000000,"wKe3,wBf1,bNj1","wKe3,wBf1,bNj1"
KBvN,11,2,1,king+bishop,knight,1727880,1305132,0,0,0,0,27,0,27,na,368904,1358976,0,11008,1716872,0,21.350094,78.649906,0.000000,0.637081,99.362919,0.000000,76724,1228408,0,8676,1296456,0,5.878639,94.121361,0.000000,0.664760,99.335240,0.000000,"wKd1,wBj5,bNj2","wKd1,wBj5,bNj2"
KBvN,12,2,1,king+bishop,knight,2924064,2285116,0,0,0,0,27,0,27,na,546988,2377076,0,13288,2910776,0,18.706431,81.293569,0.000000,0.454436,99.545564,0.000000,105248,2179868,0,10692,2274424,0,4.605806,95.394194,0.000000,0.467897,99.532103,0.000000,"wKe1,wBk5,bNk2","wKe1,wBk5,bNk2"
KBvQ,3,2,1,king+bishop,queen,504,16,0,0,0,0,5,9,3,na,424,48,32,100,24,380,84.126984,9.523810,6.349206,19.841270,4.761905,75.396825,8,0,8,8,8,0,50.000000,0.000000,50.000000,50.000000,50.000000,0.000000,"wKb1,wBb2,bQb3","wKa1,wBc1,bQb3"
KBvQ,4,2,1,king+bishop,queen,3360,408,0,0,0,0,1,19,0,na,1676,1508,176,0,948,2412,49.880952,44.880952,5.238095,0.000000,28.214286,71.785714,0,392,16,0,320,88,0.000000,96.078431,3.921569,0.000000,78.431373,21.568627,"wKa1,wBb1,bQa2",
KBvQ,5,2,1,king+bishop,queen,13800,2888,0,0,0,0,1,17,0,na,5376,8164,260,0,6144,7656,38.956522,59.159420,1.884058,0.000000,44.521739,55.478261,0,2872,16,0,2592,296,0.000000,99.445983,0.554017,0.000000,89.750693,10.249307,"wKa1,wBb1,bQa2",
KBvQ,6,2,1,king+bishop,queen,42840,12232,0,0,0,0,1,19,0,na,13560,29280,0,0,26840,16000,31.652661,68.347339,0.000000,0.000000,62.651727,37.348273,0,12232,0,0,12232,0,0.000000,100.000000,0.000000,0.000000,100.000000,0.000000,"wKa1,wBb1,bQa2",
KBvQ,7,2,1,king+bishop,queen,110544,38728,0,0,0,0,1,21,0,na,29284,81260,0,0,72424,38120,26.490809,73.509191,0.000000,0.000000,65.515994,34.484006,0,38728,0,0,38728,0,0.000000,100.000000,0.000000,0.000000,100.000000,0.000000,"wKa1,wBb1,bQa2",
KBvQ,8,2,1,king+bishop,queen,249984,101328,0,0,0,0,1,25,0,na,56700,193284,0,0,170548,79436,22.681452,77.318548,0.000000,0.000000,68.223566,31.776434,0,101328,0,0,101328,0,0.000000,100.000000,0.000000,0.000000,100.000000,0.000000,"wKa1,wBb1,bQa2",
KBvQ,9,2,1,king+bishop,queen,511920,231536,0,0,0,0,1,27,0,na,101216,410704,0,0,361728,150192,19.771839,80.228161,0.000000,0.000000,70.661041,29.338959,0,231536,0,0,231536,0,0.000000,100.000000,0.000000,0.000000,100.000000,0.000000,"wKa1,wBb1,bQa2",
KBvQ,10,2,1,king+bishop,queen,970200,478000,0,0,0,0,1,31,0,na,169656,800544,0,0,706488,263712,17.486704,82.513296,0.000000,0.000000,72.818800,27.181200,0,478000,0,0,478000,0,0.000000,100.000000,0.000000,0.000000,100.000000,0.000000,"wKa1,wBb1,bQa2",
KBvQ,11,2,1,king+bishop,queen,1727880,911840,0,0,0,0,1,33,0,na,270420,1457460,0,0,1291080,436800,15.650392,84.349608,0.000000,0.000000,74.720467,25.279533,0,911840,0,0,911840,0,0.000000,100.000000,0.000000,0.000000,100.000000,0.000000,"wKa1,wBb1,bQa2",
KBvQ,12,2,1,king+bishop,queen,2924064,1632680,0,0,0,0,1,37,0,na,413644,2510420,0,0,2233924,690140,14.146202,85.853798,0.000000,0.000000,76.397917,23.602083,0,1632680,0,0,1632680,0,0.000000,100.000000,0.000000,0.000000,100.000000,0.000000,"wKa1,wBb1,bQa2",
KBvR,3,2,1,king+bishop,rook,504,24,0,0,0,1,5,7,3,na,504,0,0,344,56,104,100.000000,0.000000,0.000000,68.253968,11.111111,20.634921,24,0,0,24,0,0,100.000000,0.000000,0.000000,100.000000,0.000000,0.000000,"wKa1,wBb1,bRb3","wKa1,wBb1,bRc3"
KBvR,4,2,1,king+bishop,rook,3360,524,0,0,0,0,15,9,11,na,3328,32,0,1736,1408,216,99.047619,0.952381,0.000000,51.666667,41.904762,6.428571,524,0,0,500,24,0,100.000000,0.000000,0.000000,95.419847,4.580153,0.000000,"wKa1,wBd2,bRc2","wKa1,wBc1,bRb3"
KBvR,5,2,1,king+bishop,rook,13800,3536,0,0,0,0,3,0,0,na,5456,8344,0,32,13768,0,39.536232,60.463768,0.000000,0.231884,99.768116,0.000000,0,3536,0,0,3536,0,0.000000,100.000000,0.000000,0.000000,100.000000,0.000000,"wKb1,wBd2,bRd1",
KBvR,6,2,1,king+bishop,rook,42840,14560,0,0,0,0,3,0,0,na,13640,29200,0,32,42808,0,31.839402,68.160598,0.000000,0.074697,99.925303,0.000000,0,14560,0,0,14560,0,0.000000,100.000000,0.000000,0.000000,100.000000,0.000000,"wKc1,wBa2,bRa1",
KBvR,7,2,1,king+bishop,rook,110544,45160,0,0,0,0,3,0,0,na,29364,81180,0,32,110512,0,26.563178,73.436822,0.000000,0.028948,99.971052,0.000000,0,45160,0,0,45160,0,0.000000,100.000000,0.000000,0.000000,100.000000,0.000000,"wKc1,wBa2,bRa1",
KBvR,8,2,1,king+bishop,rook,249984,116284,0,0,0,0,3,0,0,na,56780,193204,0,32,249952,0,22.713454,77.286546,0.000000,0.012801,99.987199,0.000000,0,116284,0,0,116284,0,0.000000,100.000000,0.000000,0.000000,100.000000,0.000000,"wKc1,wBa2,bRa1",
KBvR,9,2,1,king+bishop,rook,511920,262304,0,0,0,0,3,0,0,na,101296,410624,0,32,511888,0,19.787467,80.212533,0.000000,0.006251,99.993749,0.000000,0,262304,0,0,262304,0,0.000000,100.000000,0.000000,0.000000,100.000000,0.000000,"wKc1,wBa2,bRa1",
KBvR,10,2,1,king+bishop,rook,970200,535776,0,0,0,0,3,0,0,na,169736,800464,0,32,970168,0,17.494949,82.505051,0.000000,0.003298,99.996702,0.000000,0,535776,0,0,535776,0,0.000000,100.000000,0.000000,0.000000,100.000000,0.000000,"wKc1,wBa2,bRa1",
KBvR,11,2,1,king+bishop,rook,1727880,1012920,0,0,0,0,3,0,0,na,270500,1457380,0,32,1727848,0,15.655022,84.344978,0.000000,0.001852,99.998148,0.000000,0,1012920,0,0,1012920,0,0.000000,100.000000,0.000000,0.000000,100.000000,0.000000,"wKc1,wBa2,bRa1",
KBvR,12,2,1,king+bishop,rook,2924064,1799820,0,0,0,0,3,0,0,na,413724,2510340,0,32,2924032,0,14.148938,85.851062,0.000000,0.001094,99.998906,0.000000,0,1799820,0,0,1799820,0,0.000000,100.000000,0.000000,0.000000,100.000000,0.000000,"wKc1,wBa2,bRa1",
KKKKvB,3,4,1,king,bishop,630,4,0,1,0,1,3,0,3,0,630,0,0,630,0,0,100.000000,0.000000,0.000000,100.000000,0.000000,0.000000,4,0,0,4,0,0,100.000000,0.000000,0.000000,100.000000,0.000000,0.000000,"wKa1,wKb1,wKc1,wKa2,bBc3","wKb1,wKc1,wKa2,wKa3,bBc3"
KKKKvB,4,4,1,king,bishop,21840,1908,0,1,0,1,5,0,5,0,21840,0,0,21840,0,0,100.000000,0.000000,0.000000,100.000000,0.000000,0.000000,1908,0,0,1908,0,0,100.000000,0.000000,0.000000,100.000000,0.000000,0.000000,"wKa1,wKb1,wKc1,wKd1,bBa3","wKb1,wKc1,wKd1,wKa2,bBc3"
KKKKvB,5,4,1,king,bishop,265650,49303,0,1,0,1,11,0,9,0,265650,0,0,265650,0,0,100.000000,0.000000,0.000000,100.000000,0.000000,0.000000,49303,0,0,49303,0,0,100.000000,0.000000,0.000000,100.000000,0.000000,0.000000,"wKa1,wKe1,wKa5,wKe5,bBc3","wKa1,wKb1,wKc1,wKd1,bBa5"
KKKKvB,6,4,1,king,bishop,1884960,519472,0,0,0,1,15,0,15,0,1884960,0,0,1879156,5804,0,100.000000,0.000000,0.000000,99.692089,0.307911,0.000000,519472,0,0,519472,0,0,100.000000,0.000000,0.000000,100.000000,0.000000,0.000000,"wKa1,wKb1,wKc1,wKd1,bBf1","wKa1,wKb1,wKc1,wKd1,bBf1"
KKKKvB,7,4,1,king,bishop,9534420,3360028,0,0,0,1,27,0,27,0,9534420,0,0,9498534,35886,0,100.000000,0.000000,0.000000,99.623616,0.376384,0.000000,3360028,0,0,3360028,0,0,100.000000,0.000000,0.000000,100.000000,0.000000,0.000000,"wKf1,wKg1,wKe3,wKa7,bBc5","wKa1,wKg1,wKa7,wKg7,bBd2"
KKKKvB,8,4,1,king,bishop,38122560,15886504,0,0,0,0,37,0,37,0,37665340,457220,0,24850112,13272448,0,98.800658,1.199342,0.000000,65.184793,34.815207,0.000000,15885780,724,0,15518148,368356,0,99.995443,0.004557,0.000000,97.681327,2.318673,0.000000,"wKa1,wKb1,wKc1,wKg1,bBe1","wKa1,wKb1,wKc1,wKg1,bBe1"
KKKKvB,9,4,1,king,bishop,128107980,60287299,0,0,0,0,79,0,79,0,83967684,44140296,0,42241933,85866047,0,65.544460,34.455540,0.000000,32.973694,67.026306,0.000000,30939374,29347925,0,29430970,30856329,0,51.319887,48.680113,0.000000,48.817861,51.182139,0.000000,"wKa1,wKb1,wKa2,wKb2,bBe1","wKa1,wKb1,wKa2,wKb2,bBe1"
KKKKvB,10,4,1,king,bishop,376437600,194248088,0,0,0,0,25,0,25,0,97315368,279122232,0,752652,375684948,0,25.851660,74.148340,0.000000,0.199941,99.800059,0.000000,1134324,193113764,0,296,194247792,0,0.583956,99.416044,0.000000,0.000152,99.999848,0.000000,"wKg3,wKh4,wKa6,wKe6,bBa9","wKj3,wKg4,wKd5,wKb7,bBi1"
KKKKvB,11,4,1,king,bishop,993962970,na,0,0,na,na,25,0,25,na,216285410,777677560,0,1039400,992923570,0,21.759906,78.240094,0.000000,0.104571,99.895429,0.000000,na,na,na,na,na,na,na,na,na,na,na,na,"wKk1,wKd2,wKe3,wKe4,bBb1","wKk1,wKd2,wKe3,wKe5,bBb1"
KKKKvB,12,4,1,king,bishop,2405042640,na,0,0,na,na,29,0,29,na,447316160,1957726480,0,1406828,2403635812,0,18.599095,81.400905,0.000000,0.058495,99.941505,0.000000,na,na,na,na,na,na,na,na,na,na,na,na,"wKj1,wKa8,wKd8,wKe8,bBa11","wKj1,wKc7,wKe8,wKb9,bBa11"
KKKKvK,3,4,1,king,king,630,20,0,1,0,1,3,0,3,0,630,0,0,630,0,0,100.000000,0.000000,0.000000,100.000000,0.000000,0.000000,20,0,0,20,0,0,100.000000,0.000000,0.000000,100.000000,0.000000,0.000000,"wKa1,wKb1,wKc1,wKa2,bKc3","wKa1,wKb1,wKc1,wKa2,bKc3"
KKKKvK,4,4,1,king,king,21840,3800,0,1,0,1,7,0,7,0,21840,0,0,21840,0,0,100.000000,0.000000,0.000000,100.000000,0.000000,0.000000,3800,0,0,3800,0,0,100.000000,0.000000,0.000000,100.000000,0.000000,0.000000,"wKa1,wKb1,wKc1,wKd1,bKa3","wKa1,wKb1,wKc1,wKd1,bKa3"
KKKKvK,5,4,1,king,king,265650,86832,0,1,0,1,13,0,13,0,265650,0,0,265650,0,0,100.000000,0.000000,0.000000,100.000000,0.000000,0.000000,86832,0,0,86832,0,0,100.000000,0.000000,0.000000,100.000000,0.000000,0.000000,"wKa1,wKb1,wKc1,wKd1,bKa3","wKa1,wKb1,wKc1,wKd1,bKa3"
KKKKvK,6,4,1,king,king,1884960,863120,0,1,0,1,17,0,17,0,1884960,0,0,1884960,0,0,100.000000,0.000000,0.000000,100.000000,0.000000,0.000000,863120,0,0,863120,0,0,100.000000,0.000000,0.000000,100.000000,0.000000,0.000000,"wKa1,wKb1,wKc1,wKd1,bKa3","wKa1,wKb1,wKc1,wKd1,bKa3"
KKKKvK,7,4,1,king,king,9534420,5348930,0,1,0,1,23,0,23,0,9534420,0,0,9534420,0,0,100.000000,0.000000,0.000000,100.000000,0.000000,0.000000,5348930,0,0,5348930,0,0,100.000000,0.000000,0.000000,100.000000,0.000000,0.000000,"wKa1,wKb1,wKc1,wKd1,bKf2","wKa1,wKb1,wKc1,wKd1,bKf2"
KKKKvK,8,4,1,king,king,38122560,24411000,0,1,0,1,31,0,31,0,38122560,0,0,38122560,0,0,100.000000,0.000000,0.000000,100.000000,0.000000,0.000000,24411000,0,0,24411000,0,0,100.000000,0.000000,0.000000,100.000000,0.000000,0.000000,"wKa1,wKb1,wKc1,wKd1,bKf2","wKa1,wKb1,wKc1,wKd1,bKf2"
KKKKvK,9,4,1,king,king,128107980,89856410,0,1,0,1,37,0,37,0,128107980,0,0,128107980,0,0,100.000000,0.000000,0.000000,100.000000,0.000000,0.000000,89856410,0,0,89856410,0,0,100.000000,0.000000,0.000000,100.000000,0.000000,0.000000,"wKa1,wKb1,wKc1,wKd1,bKf1","wKa1,wKb1,wKc1,wKd1,bKf1"
KKKKvK,10,4,1,king,king,376437600,281922752,0,1,0,1,47,0,47,0,376437600,0,0,376437600,0,0,100.000000,0.000000,0.000000,100.000000,0.000000,0.000000,281922752,0,0,281922752,0,0,100.000000,0.000000,0.000000,100.000000,0.000000,0.000000,"wKa1,wKb1,wKc1,wKd1,bKf1","wKa1,wKb1,wKc1,wKd1,bKf1"
KKKKvK,11,4,1,king,king,993962970,781611480,0,1,0,1,53,0,53,0,993962970,0,0,993962970,0,0,100.000000,0.000000,0.000000,100.000000,0.000000,0.000000,781611480,0,0,781611480,0,0,100.000000,0.000000,0.000000,100.000000,0.000000,0.000000,"wKa1,wKb1,wKc1,wKd1,bKf1","wKa1,wKb1,wKc1,wKd1,bKf1"
KKKKvK,12,4,1,king,king,2405042640,1963125560,0,1,0,1,63,0,63,0,2405042640,0,0,2405042640,0,0,100.000000,0.000000,0.000000,100.000000,0.000000,0.000000,1963125560,0,0,1963125560,0,0,100.000000,0.000000,0.000000,100.000000,0.000000,0.000000,"wKa1,wKb1,wKc1,wKd1,bKf1","wKa1,wKb1,wKc1,wKd1,bKf1"
KKKKvK,13,4,1,king,king,5411195790,4547775980,0,1,0,1,71,0,71,0,5411195790,0,0,5411195790,0,0,100.000000,0.000000,0.000000,100.000000,0.000000,0.000000,4547775980,0,0,4547775980,0,0,100.000000,0.000000,0.000000,100.000000,0.000000,0.000000,"wKa1,wKb1,wKc1,wKd1,bKf1","wKa1,wKb1,wKc1,wKd1,bKf1"
KKKKvK,14,4,1,king,king,11448265920,9848261520,0,1,0,1,79,0,79,0,11448265920,0,0,11448265920,0,0,100.000000,0.000000,0.000000,100.000000,0.000000,0.000000,9848261520,0,0,9848261520,0,0,100.000000,0.000000,0.000000,100.000000,0.000000,0.000000,"wKa1,wKb1,wKc1,wKd1,bKf1","wKa1,wKb1,wKc1,wKd1,bKf1"
KKKKvKK,6,4,2,king,king,29216880,na,0,1,na,na,29,0,29,na,29216880,0,0,29216880,0,0,100.000000,0.000000,0.000000,100.000000,0.000000,0.000000,na,na,na,na,na,na,na,na,na,na,na,na,"wKa1,wKb1,wKc1,wKd1,bKf2,bKa3","wKa1,wKb1,wKc1,wKd1,bKf2,bKa3"
KKKKvKK,7,4,2,king,king,209757240,na,0,1,na,na,39,0,39,na,209757240,0,0,209757240,0,0,100.000000,0.000000,0.000000,100.000000,0.000000,0.000000,na,na,na,na,na,na,na,na,na,na,na,na,"wKa1,wKb1,wKc1,wKd1,bKf1,bKa3","wKa1,wKb1,wKc1,wKd1,bKf1,bKa3"
KKKKvKK,8,4,2,king,king,1124615520,na,0,1,na,na,51,0,51,na,1124615520,0,0,1124615520,0,0,100.000000,0.000000,0.000000,100.000000,0.000000,0.000000,na,na,na,na,na,na,na,na,na,na,na,na,"wKa1,wKb1,wKa2,wKb2,bKf1,bKd2","wKa1,wKb1,wKa2,wKb2,bKf1,bKd2"
KKKKvN,3,4,1,king,knight,630,0,0,0,na,na,3,0,0,0,630,0,0,560,70,0,100.000000,0.000000,0.000000,88.888889,11.111111,0.000000,0,0,0,0,0,0,0.000000,0.000000,0.000000,0.000000,0.000000,0.000000,"wKa1,wKb1,wKc1,wKa2,bNc3",
KKKKvN,4,4,1,king,knight,21840,1120,0,1,0,1,5,0,3,0,21840,0,0,21840,0,0,100.000000,0.000000,0.000000,100.000000,0.000000,0.000000,1120,0,0,1120,0,0,100.000000,0.000000,0.000000,100.000000,0.000000,0.000000,"wKa1,wKb1,wKc1,wKd1,bNa3","wKa1,wKb1,wKc1,wKd1,bNa4"
KKKKvN,5,4,1,king,knight,265650,38414,0,1,0,1,9,0,9,0,265650,0,0,265650,0,0,100.000000,0.000000,0.000000,100.000000,0.000000,0.000000,38414,0,0,38414,0,0,100.000000,0.000000,0.000000,100.000000,0.000000,0.000000,"wKa1,wKb1,wKc1,wKd1,bNc3","wKa1,wKb1,wKc1,wKd1,bNc5"
KKKKvN,6,4,1,king,knight,1884960,468424,0,1,0,1,13,0,13,0,1884960,0,0,1884960,0,0,100.000000,0.000000,0.000000,100.000000,0.000000,0.000000,468424,0,0,468424,0,0,100.000000,0.000000,0.000000,100.000000,0.000000,0.000000,"wKa1,wKb1,wKc1,wKd1,bNf2","wKa1,wKb1,wKc1,wKd1,bNf3"
KKKKvN,7,4,1,king,knight,9534420,3327544,0,1,0,1,19,0,19,0,9534420,0,0,9534420,0,0,100.000000,0.000000,0.000000,100.000000,0.000000,0.000000,3327544,0,0,3327544,0,0,100.000000,0.000000,0.000000,100.000000,0.000000,0.000000,"wKa1,wKb1,wKc1,wKd1,bNf1","wKa1,wKb1,wKc1,wKd1,bNf1"
KKKKvN,8,4,1,king,knight,38122560,16728992,0,1,0,1,27,0,27,0,38122560,0,0,38122560,0,0,100.000000,0.000000,0.000000,100.000000,0.000000,0.000000,16728992,0,0,16728992,0,0,100.000000,0.000000,0.000000,100.000000,0.000000,0.000000,"wKa1,wKb1,wKc1,wKf1,bNe3","wKa1,wKb1,wKc1,wKg1,bNf4"
KKKKvN,9,4,1,king,knight,128107980,66081160,0,0,0,1,37,0,35,0,128107980,0,0,127906412,201568,0,100.000000,0.000000,0.000000,99.842658,0.157342,0.000000,66081160,0,0,66081160,0,0,100.000000,0.000000,0.000000,100.000000,0.000000,0.000000,"wKa1,wKb1,wKc1,wKi1,bNg2","wKa1,wKb1,wKc1,wKd1,bNf1"
KKKKvN,10,4,1,king,knight,376437600,218556664,0,0,0,1,47,0,47,0,376437600,0,0,376020232,417368,0,100.000000,0.000000,0.000000,99.889127,0.110873,0.000000,218556664,0,0,218556664,0,0,100.000000,0.000000,0.000000,100.000000,0.000000,0.000000,"wKa1,wKb1,wKc1,wKh1,bNf1","wKa1,wKb1,wKc1,wKh1,bNf1"
KKKKvN,11,4,1,king,knight,993962970,630871934,0,0,0,1,73,0,59,0,993962970,0,0,993245706,717264,0,100.000000,0.000000,0.000000,99.927838,0.072162,0.000000,630871934,0,0,630871934,0,0,100.000000,0.000000,0.000000,100.000000,0.000000,0.000000,"wKa1,wKd1,wKh1,wKk1,bNf2","wKa1,wKb1,wKc1,wKh1,bNj1"
KKKKvN,12,4,1,king,knight,2405042640,1635201664,0,0,0,0,95,0,83,0,2393461960,11580680,0,2019517788,385524852,0,99.518483,0.481517,0.000000,83.970145,16.029855,0.000000,1635187828,13836,0,1600993696,34207968,0,99.999154,0.000846,0.000000,97.908028,2.091972,0.000000,"wKb1,wKe2,wKg4,wKf6,bNc3","wKi1,wKj4,wKf6,wKc7,bNf4"
KKKKvN,13,4,1,king,knight,5411195790,3884102122,0,0,0,0,95,0,93,0,5389045458,22150332,0,4633628884,777566906,0,99.590657,0.409343,0.000000,85.630405,14.369595,0.000000,3884073350,28772,0,3817170842,66931280,0,99.999259,0.000741,0.000000,98.276789,1.723211,0.000000,"wKa1,wKb1,wKc1,wKm1,bNl3","wKa1,wKb1,wKc1,wKj1,bNi4"
KKKKvQ,3,4,1,king,queen,630,0,0,1,na,na,3,0,0,0,630,0,0,630,0,0,100.000000,0.000000,0.000000,100.000000,0.000000,0.000000,0,0,0,0,0,0,0.000000,0.000000,0.000000,0.000000,0.000000,0.000000,"wKa1,wKb1,wKc1,wKa2,bQc3",
KKKKvQ,4,4,1,king,queen,21840,184,0,0,0,1,9,0,7,0,21840,0,0,21428,412,0,100.000000,0.000000,0.000000,98.113553,1.886447,0.000000,184,0,0,184,0,0,100.000000,0.000000,0.000000,100.000000,0.000000,0.000000,"wKa1,wKb1,wKc1,wKd1,bQa3","wKa1,wKc1,wKd1,wKa2,bQb4"
KKKKvQ,5,4,1,king,queen,265650,9670,0,0,0,0,25,21,21,0,255658,9992,0,94161,171420,69,96.238660,3.761340,0.000000,35.445511,64.528515,0.025974,9348,322,0,7380,2290,0,96.670114,3.329886,0.000000,76.318511,23.681489,0.000000,"wKd1,wKe1,wKe2,wKa5,bQa3","wKa1,wKb1,wKd1,wKe1,bQc4"
KKKKvQ,6,4,1,king,queen,1884960,140900,0,0,0,0,7,31,5,0,1024104,860856,0,3204,1874360,7396,54.330278,45.669722,0.000000,0.169977,99.437654,0.392369,52,140848,0,0,140900,0,0.036906,99.963094,0.000000,0.000000,100.000000,0.000000,"wKb1,wKf2,wKa3,wKd3,bQd1","wKb2,wKd4,wKf4,wKa5,bQe6"
KKKKvQ,7,4,1,king,queen,9534420,1115546,0,0,0,0,5,37,0,31,4186542,5347877,1,2528,9385639,146253,43.909771,56.090218,0.000010,0.026514,98.439538,1.533948,0,1115546,0,0,1115538,8,0.000000,100.000000,0.000000,0.000000,99.999283,0.000717,"wKd1,wKd2,wKa3,wKb3,bQb1",
KKKKvQ,8,4,1,king,queen,38122560,6083240,0,0,0,0,5,45,0,45,13712680,24407656,2224,2536,36558504,1561520,35.969987,64.024179,0.005834,0.006652,95.897295,4.096052,0,6083208,32,0,6078504,4736,0.000000,99.999474,0.000526,0.000000,99.922147,0.077853,"wKd1,wKd2,wKa3,wKb3,bQb1",
KKKKvQ,9,4,1,king,queen,128107980,25711884,0,0,0,0,5,55,0,55,38252798,89766862,88320,3000,118008397,10096583,29.859809,70.071249,0.068942,0.002342,92.116351,7.881307,0,25703054,8830,0,25573698,138186,0.000000,99.965658,0.034342,0.000000,99.462560,0.537440,"wKd1,wKd2,wKa3,wKb3,bQb1",
KKKKvQ,10,4,1,king,queen,376437600,90187344,0,0,0,0,5,75,0,75,94516272,280627748,1293580,3576,329546304,46887720,25.108085,74.548278,0.343637,0.000950,87.543408,12.455642,0,89965840,221504,0,88483320,1704024,0.000000,99.754396,0.245604,0.000000,98.110573,1.889427,"wKd1,wKd2,wKa3,wKb3,bQb1",
KKKKvQ,11,4,1,king,queen,993962970,na,0,0,na,na,5,81,0,na,212353166,770868034,10741770,4240,816847585,177111145,21.364293,77.555005,1.080701,0.000427,82.180887,17.818686,na,na,na,na,na,na,na,na,na,na,na,na,"wKd1,wKd2,wKa3,wKb3,bQb1",
KKKKvQ,12,4,1,king,queen,2405042640,na,0,0,na,na,5,87,0,na,441919032,1901837236,61286372,4976,1837815632,567222032,18.374686,79.077069,2.548245,0.000207,76.415096,23.584698,na,na,na,na,na,na,na,na,na,na,na,na,"wKd1,wKd2,wKa3,wKb3,bQb1",
KKKKvR,3,4,1,king,rook,630,0,0,1,na,na,3,0,0,0,630,0,0,630,0,0,100.000000,0.000000,0.000000,100.000000,0.000000,0.000000,0,0,0,0,0,0,0.000000,0.000000,0.000000,0.000000,0.000000,0.000000,"wKa1,wKb1,wKc1,wKa2,bRc3",
KKKKvR,4,4,1,king,rook,21840,580,0,1,0,1,7,0,7,0,21840,0,0,21840,0,0,100.000000,0.000000,0.000000,100.000000,0.000000,0.000000,580,0,0,580,0,0,100.000000,0.000000,0.000000,100.000000,0.000000,0.000000,"wKa1,wKb1,wKc1,wKd1,bRa3","wKa1,wKb1,wKc1,wKa2,bRd4"
KKKKvR,5,4,1,king,rook,265650,21927,0,0,0,1,17,0,15,0,265650,0,0,261082,4568,0,100.000000,0.000000,0.000000,98.280444,1.719556,0.000000,21927,0,0,21927,0,0,100.000000,0.000000,0.000000,100.000000,0.000000,0.000000,"wKa1,wKb1,wKd1,wKa4,bRd4","wKa1,wKb1,wKc1,wKd1,bRe3"
KKKKvR,6,4,1,king,rook,1884960,279944,0,0,0,0,31,0,29,0,1823956,61004,0,918664,966296,0,96.763645,3.236355,0.000000,48.736525,51.263475,0.000000,278700,1244,0,259920,20024,0,99.555625,0.444375,0.000000,92.847141,7.152859,0.000000,"wKa1,wKd1,wKf1,wKa4,bRd6","wKa1,wKd1,wKf1,wKa6,bRb4"
KKKKvR,7,4,1,king,rook,9534420,2035960,0,0,0,0,19,0,17,0,4200770,5333650,0,33149,9501271,0,44.058999,55.941001,0.000000,0.347677,99.652323,0.000000,1720,2034240,0,72,2035888,0,0.084481,99.915519,0.000000,0.003536,99.996464,0.000000,"wKd2,wKe3,wKb4,wKd4,bRb2","wKd2,wKf2,wKc3,wKc5,bRb1"
KKKKvR,8,4,1,king,rook,38122560,10422900,0,0,0,0,13,0,9,0,13719284,24403276,0,45148,38077412,0,35.987310,64.012690,0.000000,0.118429,99.881571,0.000000,184,10422716,0,0,10422900,0,0.001765,99.998235,0.000000,0.000000,100.000000,0.000000,"wKe1,wKe2,wKc3,wKa5,bRc1","wKg2,wKc3,wKe3,wKa4,bRd1"
KKKKvR,9,4,1,king,rook,128107980,41896435,0,0,0,0,13,0,3,0,38257422,89850558,0,66921,128041059,0,29.863418,70.136582,0.000000,0.052238,99.947762,0.000000,12,41896423,0,0,41896435,0,0.000029,99.999971,0.000000,0.000000,100.000000,0.000000,"wKe1,wKe2,wKc3,wKa5,bRc1","wKe2,wKh2,wKa3,wKc3,bRb1"
KKKKvR,10,4,1,king,rook,376437600,141015952,0,0,0,0,13,0,0,0,94520796,281916804,0,97760,376339840,0,25.109287,74.890713,0.000000,0.025970,99.974030,0.000000,0,141015952,0,0,141015952,0,0.000000,100.000000,0.000000,0.000000,100.000000,0.000000,"wKe1,wKe2,wKc3,wKa5,bRc1",
KKKKvR,11,4,1,king,rook,993962970,na,0,0,na,na,13,0,0,na,212357690,781605280,0,138917,993824053,0,21.364749,78.635251,0.000000,0.013976,99.986024,0.000000,na,na,na,na,na,na,na,na,na,na,na,na,"wKe1,wKe2,wKc3,wKa5,bRc1",
KKKKvR,12,4,1,king,rook,2405042640,na,0,0,na,na,13,0,0,na,441923556,1963119084,0,192372,2404850268,0,18.374874,81.625126,0.000000,0.007999,99.992001,0.000000,na,na,na,na,na,na,na,na,na,na,na,na,"wKe1,wKe2,wKc3,wKa5,bRc1",
KKKvB,3,3,1,king,bishop,504,20,0,1,0,1,3,0,3,0,504,0,0,504,0,0,100.000000,0.000000,0.000000,100.000000,0.000000,0.000000,20,0,0,20,0,0,100.000000,0.000000,0.000000,100.000000,0.000000,0.000000,"wKa1,wKb1,wKc1,bBa3","wKa1,wKb1,wKc1,bBb3"
KKKvB,4,3,1,king,bishop,7280,1232,0,1,0,1,7,0,5,0,7280,0,0,7280,0,0,100.000000,0.000000,0.000000,100.000000,0.000000,0.000000,1232,0,0,1232,0,0,100.000000,0.000000,0.000000,100.000000,0.000000,0.000000,"wKa1,wKd1,wKa4,bBd4","wKa1,wKb1,wKc1,bBb3"
KKKvB,5,3,1,king,bishop,50600,14556,0,0,0,1,11,0,9,0,50600,0,0,50540,60,0,100.000000,0.000000,0.000000,99.881423,0.118577,0.000000,14556,0,0,14556,0,0,100.000000,0.000000,0.000000,100.000000,0.000000,0.000000,"wKa1,wKe1,wKa5,bBc3","wKa1,wKb1,wKc1,bBe1"
KKKvB,6,3,1,king,bishop,235620,90352,0,0,0,0,17,0,17,0,234432,1188,0,162424,73196,0,99.495798,0.504202,0.000000,68.934725,31.065275,0.000000,90352,0,0,89688,664,0,100.000000,0.000000,0.000000,99.265097,0.734903,0.000000,"wKa1,wKb1,wKc1,bBe1","wKa1,wKb1,wKc1,bBe1"
KKKvB,7,3,1,king,bishop,847504,389372,0,0,0,0,29,0,29,0,841204,6300,0,582544,264960,0,99.256641,0.743359,0.000000,68.736431,31.263569,0.000000,389372,0,0,384500,4872,0,100.000000,0.000000,0.000000,98.748754,1.251246,0.000000,"wKa1,wKb1,wKa2,bBe1","wKa1,wKb1,wKa2,bBe1"
KKKvB,8,3,1,king,bishop,2541504,1321712,0,0,0,0,15,0,15,0,751596,1789908,0,8504,2533000,0,29.572883,70.427117,0.000000,0.334605,99.665395,0.000000,14152,1307560,0,0,1321712,0,1.070733,98.929267,0.000000,0.000000,100.000000,0.000000,"wKh1,wKe2,wKc3,bBb1","wKh1,wKe2,wKc3,bBb1"
KKKvB,9,3,1,king,bishop,6654960,3787636,0,0,0,0,17,0,17,0,1588620,5066340,0,10280,6644680,0,23.871218,76.128782,0.000000,0.154471,99.845529,0.000000,17480,3770156,0,0,3787636,0,0.461502,99.538498,0.000000,0.000000,100.000000,0.000000,"wKi1,wKb4,wKc4,bBa2","wKi1,wKc3,wKd4,bBa2"
KKKvB,10,3,1,king,bishop,15684900,9560160,0,0,0,0,19,0,19,0,3096460,12588440,0,12264,15672636,0,19.741662,80.258338,0.000000,0.078190,99.921810,0.000000,21224,9538936,0,0,9560160,0,0.222005,99.777995,0.000000,0.000000,100.000000,0.000000,"wKj1,wKe2,wKc3,bBb1","wKj1,wKe2,wKc3,bBb1"
KKKvB,11,3,1,king,bishop,33981640,na,0,0,na,na,21,0,21,na,5647620,28334020,0,14456,33967184,0,16.619622,83.380378,0.000000,0.042541,99.957459,0.000000,na,na,na,na,na,na,na,na,na,na,na,na,"wKk1,wKb4,wKc4,bBa2","wKk1,wKc3,wKd4,bBa2"
KKKvB,12,3,1,king,bishop,68715504,na,0,0,na,na,23,0,23,na,9750780,58964724,0,16856,68698648,0,14.190073,85.809927,0.000000,0.024530,99.975470,0.000000,na,na,na,na,na,na,na,na,na,na,na,na,"wKl1,wKe2,wKc3,bBb1","wKl1,wKe2,wKc3,bBb1"
KKKvBB,3,3,2,king,bishop,1260,0,0,1,na,na,5,0,0,0,1260,0,0,1260,0,0,100.000000,0.000000,0.000000,100.000000,0.000000,0.000000,0,0,0,0,0,0,0.000000,0.000000,0.000000,0.000000,0.000000,0.000000,"wKa1,wKb1,wKc1,bBa3,bBb3",
KKKvBB,4,3,2,king,bishop,43680,1200,0,0,0,1,11,0,9,0,43680,0,0,41556,2124,0,100.000000,0.000000,0.000000,95.137363,4.862637,0.000000,1200,0,0,1200,0,0,100.000000,0.000000,0.000000,100.000000,0.000000,0.000000,"wKa1,wKb1,wKd1,bBb3,bBa4","wKa1,wKb1,wKc1,bBa4,bBc4"
KKKvBB,5,3,2,king,bishop,531300,43674,0,0,0,0,29,0,17,0,529740,1560,0,336468,194832,0,99.706381,0.293619,0.000000,63.329193,36.670807,0.000000,43674,0,0,43538,136,0,100.000000,0.000000,0.000000,99.688602,0.311398,0.000000,"wKa1,wKc1,wKe1,bBc3,bBa4","wKa1,wKb1,wKc1,bBe2,bBb3"
KKKvBB,6,3,2,king,bishop,3769920,552924,0,0,0,0,73,0,73,0,2133892,1636028,0,112432,3657488,0,56.603111,43.396889,0.000000,2.982344,97.017656,0.000000,90412,462512,0,24604,528320,0,16.351614,83.648386,0.000000,4.449798,95.550202,0.000000,"wKa1,wKb1,wKb2,bBe3,bBd5","wKa1,wKb1,wKb2,bBe3,bBd5"
KKKvBB,7,3,2,king,bishop,19068840,4020622,0,0,0,0,35,0,35,0,8113062,10955778,0,89068,18979772,0,42.546175,57.453825,0.000000,0.467087,99.532913,0.000000,6116,4014506,0,180,4020442,0,0.152116,99.847884,0.000000,0.004477,99.995523,0.000000,"wKa1,wKc1,wKf1,bBd1,bBf3","wKb1,wKg2,wKa3,bBd1,bBe2"
KKKvBB,8,3,2,king,bishop,76245120,20611388,0,0,0,0,15,0,5,0,138520,76106600,0,48,76245072,0,0.181677,99.818323,0.000000,0.000063,99.999937,0.000000,8,20611380,0,0,20611388,0,0.000039,99.999961,0.000000,0.000000,100.000000,0.000000,"wKh1,wKc2,wKc3,bBb1,bBd3","wKd2,wKd3,wKb4,bBa1,bBb2"
KKKvBB,9,3,2,king,bishop,256215960,82986686,0,0,0,0,17,0,5,0,169908,256046052,0,48,256215912,0,0.066314,99.933686,0.000000,0.000019,99.999981,0.000000,8,82986678,0,0,82986686,0,0.000010,99.999990,0.000000,0.000000,100.000000,0.000000,"wKi1,wKb3,wKc3,bBa2,bBc4","wKd2,wKd3,wKb4,bBa1,bBb2"
KKKvBB,10,3,2,king,bishop,752875200,279722608,0,0,0,0,19,0,5,0,205120,752670080,0,48,752875152,0,0.027245,99.972755,0.000000,0.000006,99.999994,0.000000,8,279722600,0,0,279722608,0,0.000003,99.999997,0.000000,0.000000,100.000000,0.000000,"wKj1,wKc2,wKc3,bBb1,bBd3","wKd2,wKd3,wKb4,bBa1,bBb2"
KKKvBB,11,3,2,king,bishop,1987925940,na,0,0,na,na,21,0,5,na,244156,1987681784,0,48,1987925892,0,0.012282,99.987718,0.000000,0.000002,99.999998,0.000000,na,na,na,na,na,na,na,na,na,na,na,na,"wKk1,wKb3,wKc3,bBa2,bBc4","wKd2,wKd3,wKb4,bBa1,bBb2"
KKKvBB,12,3,2,king,bishop,4810085280,na,0,0,na,na,23,0,5,na,287016,4809798264,0,48,4810085232,0,0.005967,99.994033,0.000000,0.000001,99.999999,0.000000,na,na,na,na,na,na,na,na,na,na,na,na,"wKl1,wKc2,wKc3,bBb1,bBd3","wKd2,wKd3,wKb4,bBa1,bBb2"
KKKvK,3,3,1,king,king,504,44,0,1,0,1,3,0,3,0,504,0,0,504,0,0,100.000000,0.000000,0.000000,100.000000,0.000000,0.000000,44,0,0,44,0,0,100.000000,0.000000,0.000000,100.000000,0.000000,0.000000,"wKa1,wKb1,wKc1,bKa3","wKa1,wKb1,wKc1,bKa3"
KKKvK,4,3,1,king,king,7280,1980,0,1,0,1,9,0,9,0,7280,0,0,7280,0,0,100.000000,0.000000,0.000000,100.000000,0.000000,0.000000,1980,0,0,1980,0,0,100.000000,0.000000,0.000000,100.000000,0.000000,0.000000,"wKa1,wKd1,wKa4,bKc3","wKa1,wKd1,wKa4,bKc3"
KKKvK,5,3,1,king,king,50600,21988,0,1,0,1,13,0,13,0,50600,0,0,50600,0,0,100.000000,0.000000,0.000000,100.000000,0.000000,0.000000,21988,0,0,21988,0,0,100.000000,0.000000,0.000000,100.000000,0.000000,0.000000,"wKa1,wKb1,wKc1,bKa3","wKa1,wKb1,wKc1,bKa3"
KKKvK,6,3,1,king,king,235620,131600,0,1,0,1,17,0,17,0,235620,0,0,235620,0,0,100.000000,0.000000,0.000000,100.000000,0.000000,0.000000,131600,0,0,131600,0,0,100.000000,0.000000,0.000000,100.000000,0.000000,0.000000,"wKa1,wKb1,wKc1,bKe2","wKa1,wKb1,wKc1,bKe2"
KKKvK,7,3,1,king,king,847504,550580,0,1,0,1,23,0,23,0,847504,0,0,847504,0,0,100.000000,0.000000,0.000000,100.000000,0.000000,0.000000,550580,0,0,550580,0,0,100.000000,0.000000,0.000000,100.000000,0.000000,0.000000,"wKa1,wKb1,wKc1,bKe1","wKa1,wKb1,wKc1,bKe1"
KKKvK,8,3,1,king,king,2541504,1821884,0,1,0,1,31,0,31,0,2541504,0,0,2541504,0,0,100.000000,0.000000,0.000000,100.000000,0.000000,0.000000,1821884,0,0,1821884,0,0,100.000000,0.000000,0.000000,100.000000,0.000000,0.000000,"wKa1,wKb1,wKc1,bKe1","wKa1,wKb1,wKc1,bKe1"
KKKvK,9,3,1,king,king,6654960,5105660,0,1,0,1,37,0,37,0,6654960,0,0,6654960,0,0,100.000000,0.000000,0.000000,100.000000,0.000000,0.000000,5105660,0,0,5105660,0,0,100.000000,0.000000,0.000000,100.000000,0.000000,0.000000,"wKa1,wKb1,wKc1,bKe1","wKa1,wKb1,wKc1,bKe1"
KKKvK,10,3,1,king,king,15684900,12635968,0,1,0,1,47,0,47,0,15684900,0,0,15684900,0,0,100.000000,0.000000,0.000000,100.000000,0.000000,0.000000,12635968,0,0,12635968,0,0,100.000000,0.000000,0.000000,100.000000,0.000000,0.000000,"wKa1,wKb1,wKc1,bKe1","wKa1,wKb1,wKc1,bKe1"
KKKvK,11,3,1,king,king,33981640,28390620,0,1,0,1,55,0,55,0,33981640,0,0,33981640,0,0,100.000000,0.000000,0.000000,100.000000,0.000000,0.000000,28390620,0,0,28390620,0,0,100.000000,0.000000,0.000000,100.000000,0.000000,0.000000,"wKa1,wKb1,wKc1,bKe1","wKa1,wKb1,wKc1,bKe1"
KKKvK,12,3,1,king,king,68715504,59031260,0,1,0,1,65,0,65,0,68715504,0,0,68715504,0,0,100.000000,0.000000,0.000000,100.000000,0.000000,0.000000,59031260,0,0,59031260,0,0,100.000000,0.000000,0.000000,100.000000,0.000000,0.000000,"wKa1,wKb1,wKa2,bKc3","wKa1,wKb1,wKa2,bKc3"
KKKvK,13,3,1,king,king,131180504,115177524,0,1,0,1,73,0,73,0,131180504,0,0,131180504,0,0,100.000000,0.000000,0.000000,100.000000,0.000000,0.000000,115177524,0,0,115177524,0,0,100.000000,0.000000,0.000000,100.000000,0.000000,0.000000,"wKa1,wKb1,wKc1,bKe1","wKa1,wKb1,wKc1,bKe1"
KKKvK,14,3,1,king,king,238505540,213085840,0,1,0,1,81,0,81,0,238505540,0,0,238505540,0,0,100.000000,0.000000,0.000000,100.000000,0.000000,0.000000,213085840,0,0,213085840,0,0,100.000000,0.000000,0.000000,100.000000,0.000000,0.000000,"wKa1,wKb1,wKc1,bKe1","wKa1,wKb1,wKc1,bKe1"
KKKvKK,3,3,2,king,king,1260,12,0,0,0,1,7,5,7,0,1260,0,0,576,672,12,100.000000,0.000000,0.000000,45.714286,53.333333,0.952381,12,0,0,12,0,0,100.000000,0.000000,0.000000,100.000000,0.000000,0.000000,"wKa1,wKb1,wKc1,bKa3,bKc3","wKa1,wKb1,wKc1,bKa3,bKc3"
KKKvKK,4,3,2,king,king,43680,3396,0,0,0,1,13,17,13,0,43680,0,0,19340,23936,404,100.000000,0.000000,0.000000,44.276557,54.798535,0.924908,3396,0,0,3396,0,0,100.000000,0.000000,0.000000,100.000000,0.000000,0.000000,"wKa1,wKb1,wKc1,bKa3,bKd3","wKa1,wKb1,wKc1,bKa3,bKd3"
KKKvKK,5,3,2,king,king,531300,101624,0,0,0,1,29,0,29,0,531300,0,0,259340,271960,0,100.000000,0.000000,0.000000,48.812347,51.187653,0.000000,101624,0,0,101624,0,0,100.000000,0.000000,0.000000,100.000000,0.000000,0.000000,"wKa1,wKe1,wKa5,bKc1,bKa3","wKa1,wKe1,wKa5,bKc1,bKa3"
KKKvKK,6,3,2,king,king,3769920,1178132,0,0,0,1,39,0,39,0,3769920,0,0,1996880,1773040,0,100.000000,0.000000,0.000000,52.968763,47.031237,0.000000,1178132,0,0,1178132,0,0,100.000000,0.000000,0.000000,100.000000,0.000000,0.000000,"wKa1,wKf1,wKa6,bKd2,bKa4","wKa1,wKf1,wKa6,bKd2,bKa4"
KKKvKK,7,3,2,king,king,19068840,8041428,0,0,0,1,49,0,49,0,19068840,0,0,10940216,8128624,0,100.000000,0.000000,0.000000,57.372216,42.627784,0.000000,8041428,0,0,8041428,0,0,100.000000,0.000000,0.000000,100.000000,0.000000,0.000000,"wKa1,wKg1,wKa6,bKe1,bKa4","wKa1,wKg1,wKa6,bKe1,bKa4"
KKKvKK,8,3,2,king,king,76245120,39132596,0,0,0,1,63,0,63,0,76245120,0,0,47211728,29033392,0,100.000000,0.000000,0.000000,61.920983,38.079017,0.000000,39132596,0,0,39132596,0,0,100.000000,0.000000,0.000000,100.000000,0.000000,0.000000,"wKa1,wKh1,wKa8,bKc1,bKf1","wKa1,wKh1,wKa8,bKc1,bKf1"
KKKvKK,9,3,2,king,king,256215960,150636956,0,0,0,1,83,0,83,0,256215960,0,0,169788944,86427016,0,100.000000,0.000000,0.000000,66.267903,33.732097,0.000000,150636956,0,0,150636956,0,0,100.000000,0.000000,0.000000,100.000000,0.000000,0.000000,"wKa1,wKi1,wKa8,bKg1,bKa3","wKa1,wKi1,wKa8,bKg1,bKa3"
KKKvKK,10,3,2,king,king,752875200,488177604,0,0,0,1,101,0,101,0,752875200,0,0,528582560,224292640,0,100.000000,0.000000,0.000000,70.208523,29.791477,0.000000,488177604,0,0,488177604,0,0,100.000000,0.000000,0.000000,100.000000,0.000000,0.000000,"wKa1,wKj1,wKa9,bKh1,bKa3","wKa1,wKj1,wKa9,bKh1,bKa3"
KKKvKK,11,3,2,king,king,1987925940,1386583472,0,0,0,1,125,0,125,0,1987925940,0,0,1464643700,523282240,0,100.000000,0.000000,0.000000,73.676975,26.323025,0.000000,1386583472,0,0,1386583472,0,0,100.000000,0.000000,0.000000,100.000000,0.000000,0.000000,"wKa1,wKk1,wKa10,bKi1,bKa3","wKa1,wKk1,wKa10,bKi1,bKa3"
KKKvKK,12,3,2,king,king,4810085280,3547807268,0,0,0,1,145,0,145,0,4810085280,0,0,3688575776,1121509504,0,100.000000,0.000000,0.000000,76.684207,23.315793,0.000000,3547807268,0,0,3547807268,0,0,100.000000,0.000000,0.000000,100.000000,0.000000,0.000000,"wKa1,wKl1,wKa11,bKj1,bKa3","wKa1,wKl1,wKa11,bKj1,bKa3"
KKKvN,3,3,1,king,knight,504,4,0,0,0,1,3,0,3,0,504,0,0,448,56,0,100.000000,0.000000,0.000000,88.888889,11.111111,0.000000,4,0,0,4,0,0,100.000000,0.000000,0.000000,100.000000,0.000000,0.000000,"wKa1,wKb1,wKc1,bNa3","wKa1,wKc1,wKa3,bNc3"
KKKvN,4,3,1,king,knight,7280,764,0,0,0,1,5,0,5,0,7280,0,0,7272,8,0,100.000000,0.000000,0.000000,99.890110,0.109890,0.000000,764,0,0,764,0,0,100.000000,0.000000,0.000000,100.000000,0.000000,0.000000,"wKa1,wKb1,wKc1,bNa3","wKa1,wKb1,wKd1,bNd3"
KKKvN,5,3,1,king,knight,50600,11592,0,0,0,1,9,0,9,0,50600,0,0,50376,224,0,100.000000,0.000000,0.000000,99.557312,0.442688,0.000000,11592,0,0,11592,0,0,100.000000,0.000000,0.000000,100.000000,0.000000,0.000000,"wKa1,wKb1,wKc1,bNa3","wKa1,wKb1,wKc1,bNd4"
KKKvN,6,3,1,king,knight,235620,82040,0,0,0,1,13,0,13,0,235620,0,0,234868,752,0,100.000000,0.000000,0.000000,99.680842,0.319158,0.000000,82040,0,0,82040,0,0,100.000000,0.000000,0.000000,100.000000,0.000000,0.000000,"wKa1,wKb1,wKc1,bNe1","wKa1,wKb1,wKc1,bNe1"
KKKvN,7,3,1,king,knight,847504,383080,0,0,0,1,19,0,19,0,847504,0,0,845968,1536,0,100.000000,0.000000,0.000000,99.818762,0.181238,0.000000,383080,0,0,383080,0,0,100.000000,0.000000,0.000000,100.000000,0.000000,0.000000,"wKa1,wKb1,wKc1,bNf1","wKa1,wKb1,wKc1,bNf1"
KKKvN,8,3,1,king,knight,2541504,1367692,0,0,0,1,33,0,27,0,2541504,0,0,2538944,2560,0,100.000000,0.000000,0.000000,99.899272,0.100728,0.000000,1367692,0,0,1367692,0,0,100.000000,0.000000,0.000000,100.000000,0.000000,0.000000,"wKa1,wKc1,wKg1,bNe2","wKa1,wKb1,wKc1,bNe1"
KKKvN,9,3,1,king,knight,6654960,4047584,0,0,0,0,39,0,37,0,6616620,38340,0,5414156,1240804,0,99.423888,0.576112,0.000000,81.355200,18.644800,0.000000,4047584,0,0,3939160,108424,0,100.000000,0.000000,0.000000,97.321266,2.678734,0.000000,"wKa1,wKb1,wKh1,bNi3","wKa1,wKb1,wKc1,bNe1"
KKKvN,10,3,1,king,knight,15684900,10429752,0,0,0,0,51,0,49,0,15606544,78356,0,13084080,2600820,0,99.500437,0.499563,0.000000,83.418320,16.581680,0.000000,10429752,0,0,10198796,230956,0,100.000000,0.000000,0.000000,97.785604,2.214396,0.000000,"wKa1,wKb1,wKi1,bNj3","wKa1,wKb1,wKc1,bNe1"
KKKvN,11,3,1,king,knight,33981640,24163280,0,0,0,0,73,0,73,0,33848772,132868,0,29065956,4915684,0,99.609001,0.390999,0.000000,85.534294,14.465706,0.000000,24163280,0,0,23755652,407628,0,100.000000,0.000000,0.000000,98.313027,1.686973,0.000000,"wKa1,wKb1,wKg1,bNf4","wKa1,wKb1,wKg1,bNf4"
KKKvN,12,3,1,king,knight,68715504,51453500,0,0,0,0,93,0,93,0,11337856,57377648,0,472996,68242508,0,16.499706,83.500294,0.000000,0.688340,99.311660,0.000000,1303808,50149692,0,276988,51176512,0,2.533954,97.466046,0.000000,0.538327,99.461673,0.000000,"wKd3,wKg4,wKf6,bNb1","wKd3,wKg4,wKf6,bNb1"
KKKvN,13,3,1,king,knight,131180504,102307352,0,0,0,0,59,0,59,0,17779744,113400760,0,506480,130674024,0,13.553648,86.446352,0.000000,0.386094,99.613906,0.000000,1393900,100913452,0,281424,102025928,0,1.362463,98.637537,0.000000,0.275077,99.724923,0.000000,"wKh3,wKk3,wKc6,bNm3","wKh3,wKk3,wKc6,bNm3"
KKKvN,14,3,1,king,knight,238505540,192180504,0,0,0,0,59,0,59,0,27467532,211038008,0,578096,237927444,0,11.516517,88.483483,0.000000,0.242383,99.757617,0.000000,1606732,190573772,0,313868,191866636,0,0.836054,99.163946,0.000000,0.163319,99.836681,0.000000,"wKi3,wKl3,wKd6,bNn3","wKi3,wKl3,wKd6,bNn3"
KKKvNN,3,3,2,king,knight,1260,0,0,1,na,na,5,0,0,0,1260,0,0,1260,0,0,100.000000,0.000000,0.000000,100.000000,0.000000,0.000000,0,0,0,0,0,0,0.000000,0.000000,0.000000,0.000000,0.000000,0.000000,"wKa1,wKb1,wKc1,bNa3,bNb3",
KKKvNN,4,3,2,king,knight,43680,552,0,0,0,1,9,0,7,0,43680,0,0,42384,1296,0,100.000000,0.000000,0.000000,97.032967,2.967033,0.000000,552,0,0,552,0,0,100.000000,0.000000,0.000000,100.000000,0.000000,0.000000,"wKa1,wKb1,wKc1,bNb3,bNb4","wKa1,wKb1,wKc1,bNa4,bNc4"
KKKvNN,5,3,2,king,knight,531300,30378,0,0,0,1,21,0,15,0,531300,0,0,503816,27484,0,100.000000,0.000000,0.000000,94.827028,5.172972,0.000000,30378,0,0,30378,0,0,100.000000,0.000000,0.000000,100.000000,0.000000,0.000000,"wKa1,wKa4,wKe4,bNd1,bNc5","wKa1,wKb1,wKc1,bNa4,bNe4"
KKKvNN,6,3,2,king,knight,3769920,476432,0,0,0,1,39,0,25,0,3769920,0,0,3651760,118160,0,100.000000,0.000000,0.000000,96.865716,3.134284,0.000000,476432,0,0,476432,0,0,100.000000,0.000000,0.000000,100.000000,0.000000,0.000000,"wKa1,wKe1,wKa3,bNc2,bNd5","wKa1,wKf1,wKa5,bNc3,bNd3"
KKKvNN,7,3,2,king,knight,19068840,3977458,0,0,0,1,91,0,37,0,19068840,0,0,18734064,334776,0,100.000000,0.000000,0.000000,98.244382,1.755618,0.000000,3977458,0,0,3977458,0,0,100.000000,0.000000,0.000000,100.000000,0.000000,0.000000,"wKg1,wKb3,wKc6,bNd1,bNd4","wKa1,wKg1,wKa7,bNd2,bNd3"
KKKvNN,8,3,2,king,knight,76245120,22310328,0,0,0,0,67,0,57,0,75788844,456276,0,54250232,21994888,0,99.401567,0.598433,0.000000,71.152399,28.847601,0.000000,22310288,40,0,21315784,994544,0,99.999821,0.000179,0.000000,95.542226,4.457774,0.000000,"wKa1,wKf4,wKa5,bNg1,bNb3","wKa1,wKh1,wKa8,bNd1,bNe1"
KKKvNN,9,3,2,king,knight,256215960,95279134,0,0,0,0,193,0,193,0,244014096,12201864,0,144810516,111405444,0,95.237664,4.762336,0.000000,56.518929,43.481071,0.000000,95266614,12520,0,84121172,11157962,0,99.986860,0.013140,0.000000,88.289186,11.710814,0.000000,"wKg1,wKb2,wKe2,bNd4,bNg4","wKa1,wKe1,wKe5,bNc3,bNe3"
KKKvNN,10,3,2,king,knight,752875200,333806832,0,0,0,0,111,0,111,0,271763308,481111892,0,20555040,732320160,0,36.096727,63.903273,0.000000,2.730205,97.269795,0.000000,20490616,313316216,0,4000900,329805932,0,6.138465,93.861535,0.000000,1.198567,98.801433,0.000000,"wKc2,wKh3,wKd4,bNa1,bNa5","wKh3,wKd4,wKe5,bNa1,bNa5"
KKKvNN,11,3,2,king,knight,1987925940,1006571370,0,0,0,0,131,0,131,0,615434926,1372491014,0,39720244,1948205696,0,30.958645,69.041355,0.000000,1.998075,98.001925,0.000000,39419016,967152354,0,7341532,999229838,0,3.916167,96.083833,0.000000,0.729360,99.270640,0.000000,"wKd2,wKh4,wKd6,bNa1,bNi6","wKd2,wKi4,wKd6,bNa1,bNi6"
KKKvNN,12,3,2,king,knight,4810085280,2698952920,0,0,0,0,93,0,31,0,10189284,4799895996,0,47156,4810038124,0,0.211832,99.788168,0.000000,0.000980,99.999020,0.000000,106276,2698846644,0,11696,2698941224,0,0.003938,99.996062,0.000000,0.000433,99.999567,0.000000,"wKc4,wKg4,wKe5,bNb1,bNf6","wKg3,wKd5,wKa7,bNb3,bNa5"
KKKvNN,13,3,2,king,knight,10822391580,6585048738,0,0,0,0,61,0,31,0,10891248,10811500332,0,50468,10822341112,0,0.100636,99.899364,0.000000,0.000466,99.999534,0.000000,116478,6584932260,0,12778,6585035960,0,0.001769,99.998231,0.000000,0.000194,99.999806,0.000000,"wKh3,wKk3,wKb5,bNk2,bNc6","wKg3,wKd5,wKa7,bNb3,bNa5"
KKKvNN,14,3,2,king,knight,22896531840,14868376944,0,0,0,0,61,0,31,0,12450768,22884081072,0,54116,22896477724,0,0.054378,99.945622,0.000000,0.000236,99.999764,0.000000,127580,14868249364,0,13944,14868363000,0,0.000858,99.999142,0.000000,0.000094,99.999906,0.000000,"wKi3,wKl3,wKc5,bNl2,bNd6","wKg3,wKd5,wKa7,bNb3,bNa5"
KKKvQ,3,3,1,king,queen,504,0,0,1,na,na,3,0,0,0,504,0,0,504,0,0,100.000000,0.000000,0.000000,100.000000,0.000000,0.000000,0,0,0,0,0,0,0.000000,0.000000,0.000000,0.000000,0.000000,0.000000,"wKa1,wKb1,wKc1,bQa3",
KKKvQ,4,3,1,king,queen,7280,256,0,0,0,0,11,15,9,0,7164,116,0,3124,3876,280,98.406593,1.593407,0.000000,42.912088,53.241758,3.846154,256,0,0,224,32,0,100.000000,0.000000,0.000000,87.500000,12.500000,0.000000,"wKc1,wKd1,wKa4,bQc4","wKa1,wKb1,wKd1,bQc4"
KKKvQ,5,3,1,king,queen,50600,4536,0,0,0,0,3,21,0,21,28716,21876,8,128,43492,6980,56.750988,43.233202,0.015810,0.252964,85.952569,13.794466,0,4536,0,0,4520,16,0.000000,100.000000,0.000000,0.000000,99.647266,0.352734,"wKc1,wKc2,wKa3,bQa1",
KKKvQ,6,3,1,king,queen,235620,34832,0,0,0,0,3,31,0,29,104064,131004,552,64,178156,57400,44.166030,55.599694,0.234276,0.027162,75.611578,24.361260,0,34824,8,0,34064,768,0.000000,99.977033,0.022967,0.000000,97.795131,2.204869,"wKc1,wKc2,wKa3,bQa1",
KKKvQ,7,3,1,king,queen,847504,172680,0,0,0,0,3,35,0,35,296936,541844,8724,40,572256,275208,35.036531,63.934094,1.029376,0.004720,67.522513,32.472767,0,172096,584,0,161000,11680,0.000000,99.661802,0.338198,0.000000,93.236044,6.763956,"wKc1,wKc2,wKa3,bQa1",
KKKvQ,8,3,1,king,queen,2541504,648832,0,0,0,0,3,43,0,43,719632,1743836,78036,32,1545368,996104,28.315202,68.614332,3.070465,0.001259,60.805255,39.193485,0,633600,15232,0,563760,85072,0.000000,97.652397,2.347603,0.000000,86.888440,13.111560,"wKc1,wKc2,wKa3,bQa1",
KKKvQ,9,3,1,king,queen,6654960,2010032,0,0,0,0,3,49,0,49,1549312,4668268,437380,32,3638316,3016612,23.280561,70.147198,6.572241,0.000481,54.670742,45.328777,0,1887856,122176,0,1586832,423200,0.000000,93.921689,6.078311,0.000000,78.945609,21.054391,"wKc1,wKc2,wKa3,bQa1",
KKKvQ,10,3,1,king,queen,15684900,5397856,0,0,0,0,3,55,0,55,3048944,10869888,1766068,32,7653764,8031104,19.438721,69.301609,11.259670,0.000204,48.797021,51.202775,0,4802232,595624,0,3783296,1614560,0.000000,88.965545,11.034455,0.000000,70.088865,29.911135,"wKc1,wKc2,wKa3,bQa1",
KKKvQ,11,3,1,king,queen,33981640,na,0,0,na,na,3,59,0,na,5591032,22689108,5701500,32,14803460,19178148,16.453096,66.768726,16.778178,0.000094,43.563112,56.436794,na,na,na,na,na,na,na,na,na,na,na,na,"wKc1,wKc2,wKa3,bQa1",
KKKvQ,12,3,1,king,queen,68715504,na,0,0,na,na,3,63,0,na,9684256,43554672,15476576,32,26787076,41928396,14.093262,63.384054,22.522684,0.000047,38.982580,61.017374,na,na,na,na,na,na,na,na,na,na,na,na,"wKc1,wKc2,wKa3,bQa1",
KKKvQQ,3,3,2,king,queen,1260,0,0,0,na,na,7,9,0,0,1260,0,0,358,0,902,100.000000,0.000000,0.000000,28.412698,0.000000,71.587302,0,0,0,0,0,0,0.000000,0.000000,0.000000,0.000000,0.000000,0.000000,"wKa1,wKb1,wKc1,bQa3,bQb3",
KKKvQQ,4,3,2,king,queen,43680,16,0,0,0,0,13,17,0,0,20148,22132,1400,8,5844,37828,46.126374,50.668498,3.205128,0.018315,13.379121,86.602564,0,16,0,0,16,0,0.000000,100.000000,0.000000,0.000000,100.000000,0.000000,"wKc1,wKd1,wKa3,bQc3,bQa4",
KKKvQQ,5,3,2,king,queen,531300,3504,0,0,0,0,5,23,0,23,1912,441030,88358,0,44090,487210,0.359872,83.009599,16.630529,0.000000,8.298513,91.701487,0,2400,1104,0,1460,2044,0.000000,68.493151,31.506849,0.000000,41.666667,58.333333,"wKa2,wKc2,wKd2,bQd1,bQa3",
KKKvQQ,6,3,2,king,queen,3769920,75712,0,0,0,0,3,27,0,27,944,2486536,1282440,0,209800,3560120,0.025040,65.957262,34.017698,0.000000,5.565105,94.434895,0,35356,40356,0,19176,56536,0.000000,46.698014,53.301986,0.000000,25.327557,74.672443,"wKb1,wKc1,wKa2,bQa1,bQb2",
KKKvQQ,7,3,2,king,queen,19068840,762484,0,0,0,0,3,31,0,31,536,9755220,9313084,0,761614,18307226,0.002811,51.157910,48.839279,0.000000,3.994024,96.005976,0,243556,518928,0,121796,640688,0.000000,31.942441,68.057559,0.000000,15.973581,84.026419,"wKb1,wKc1,wKa2,bQa1,bQb2",
KKKvQQ,8,3,2,king,queen,76245120,4868192,0,0,0,0,3,37,0,37,376,30069788,46174956,0,2264580,73980540,0.000493,39.438312,60.561195,0.000000,2.970131,97.029869,0,1087112,3781080,0,517176,4351016,0.000000,22.330919,77.669081,0.000000,10.623574,89.376426,"wKb1,wKc1,wKa2,bQa1,bQb2",
KKKvQQ,9,3,2,king,queen,256215960,23106896,0,0,0,0,3,41,0,41,376,77639134,178576450,0,5786586,250429374,0.000147,30.302224,69.697629,0.000000,2.258480,97.741520,0,3707096,19399800,0,1689836,21417060,0.000000,16.043245,83.956755,0.000000,7.313124,92.686876,"wKb1,wKc1,wKa2,bQa1,bQb2",
KKKvQQ,10,3,2,king,queen,752875200,88538312,0,0,0,0,3,49,0,49,376,174873400,578001424,0,13127624,739747576,0.000050,23.227409,76.772541,0.000000,1.743665,98.256335,0,10422848,78115464,0,4575376,83962936,0.000000,11.772133,88.227867,0.000000,5.167679,94.832321,"wKb1,wKc1,wKa2,bQa1,bQb2",
KKKvQQ,11,3,2,king,queen,1987925940,na,0,0,na,na,3,51,0,na,376,356154352,1631771212,0,27181898,1960744042,0.000019,17.915876,82.084105,0.000000,1.367350,98.632650,na,na,na,na,na,na,na,na,na,na,na,na,"wKb1,wKc1,wKa2,bQa1,bQb2",
KKKvQQ,12,3,2,king,queen,4810085280,na,0,0,na,na,3,55,0,na,376,671166192,4138918712,0,52251112,4757834168,0.000008,13.953312,86.046680,0.000000,1.086282,98.913718,na,na,na,na,na,na,na,na,na,na,na,na,"wKb1,wKc1,wKa2,bQa1,bQb2",
KKKvR,3,3,1,king,rook,504,4,0,1,0,1,3,0,3,0,504,0,0,504,0,0,100.000000,0.000000,0.000000,100.000000,0.000000,0.000000,4,0,0,4,0,0,100.000000,0.000000,0.000000,100.000000,0.000000,0.000000,"wKa1,wKb1,wKc1,bRa3","wKa1,wKb1,wKa2,bRc3"
KKKvR,4,3,1,king,rook,7280,544,0,0,0,1,7,0,7,0,7280,0,0,7208,72,0,100.000000,0.000000,0.000000,99.010989,0.989011,0.000000,544,0,0,544,0,0,100.000000,0.000000,0.000000,100.000000,0.000000,0.000000,"wKa1,wKb1,wKc1,bRa3","wKa1,wKb1,wKc1,bRd3"
KKKvR,5,3,1,king,rook,50600,8168,0,0,0,0,19,0,17,0,49572,1028,0,26816,23784,0,97.968379,2.031621,0.000000,52.996047,47.003953,0.000000,8168,0,0,7948,220,0,100.000000,0.000000,0.000000,97.306562,2.693438,0.000000,"wKd1,wKe1,wKa4,bRe4","wKa1,wKb1,wKc1,bRe2"
KKKvR,6,3,1,king,rook,235620,57712,0,0,0,0,3,0,3,0,104300,131320,0,816,234804,0,44.266191,55.733809,0.000000,0.346320,99.653680,0.000000,116,57596,0,0,57712,0,0.200998,99.799002,0.000000,0.000000,100.000000,0.000000,"wKc1,wKc2,wKa3,bRa1","wKe2,wKa3,wKc3,bRb1"
KKKvR,7,3,1,king,rook,847504,269860,0,0,0,0,3,0,0,0,296936,550568,0,920,846584,0,35.036531,64.963469,0.000000,0.108554,99.891446,0.000000,0,269860,0,0,269860,0,0.000000,100.000000,0.000000,0.000000,100.000000,0.000000,"wKc1,wKc2,wKa3,bRa1",
KKKvR,8,3,1,king,rook,2541504,969184,0,0,0,0,3,0,0,0,719632,1821872,0,1152,2540352,0,28.315202,71.684798,0.000000,0.045327,99.954673,0.000000,0,969184,0,0,969184,0,0.000000,100.000000,0.000000,0.000000,100.000000,0.000000,"wKc1,wKc2,wKa3,bRa1",
KKKvR,9,3,1,king,rook,6654960,2894584,0,0,0,0,3,0,0,0,1549312,5105648,0,1432,6653528,0,23.280561,76.719439,0.000000,0.021518,99.978482,0.000000,0,2894584,0,0,2894584,0,0.000000,100.000000,0.000000,0.000000,100.000000,0.000000,"wKc1,wKc2,wKa3,bRa1",
KKKvR,10,3,1,king,rook,15684900,7540768,0,0,0,0,3,0,0,0,3048944,12635956,0,1744,15683156,0,19.438721,80.561279,0.000000,0.011119,99.988881,0.000000,0,7540768,0,0,7540768,0,0.000000,100.000000,0.000000,0.000000,100.000000,0.000000,"wKc1,wKc2,wKa3,bRa1",
KKKvR,11,3,1,king,rook,33981640,na,0,0,na,na,3,0,0,na,5591032,28390608,0,2088,33979552,0,16.453096,83.546904,0.000000,0.006144,99.993856,0.000000,na,na,na,na,na,na,na,na,na,na,na,na,"wKc1,wKc2,wKa3,bRa1",
KKKvR,12,3,1,king,rook,68715504,na,0,0,na,na,3,0,0,na,9684256,59031248,0,2464,68713040,0,14.093262,85.906738,0.000000,0.003586,99.996414,0.000000,na,na,na,na,na,na,na,na,na,na,na,na,"wKc1,wKc2,wKa3,bRa1",
KKKvRR,3,3,2,king,rook,1260,0,0,0,na,na,7,0,0,0,1260,0,0,1252,8,0,100.000000,0.000000,0.000000,99.365079,0.634921,0.000000,0,0,0,0,0,0,0.000000,0.000000,0.000000,0.000000,0.000000,0.000000,"wKa1,wKb1,wKc1,bRa3,bRb3",
KKKvRR,4,3,2,king,rook,43680,220,0,0,0,0,15,17,13,0,43540,140,0,17928,24960,792,99.679487,0.320513,0.000000,41.043956,57.142857,1.813187,220,0,0,212,8,0,100.000000,0.000000,0.000000,96.363636,3.636364,0.000000,"wKa1,wKb1,wKd1,bRc3,bRa4","wKa1,wKb1,wKc1,bRd3,bRd4"
KKKvRR,5,3,2,king,rook,531300,13886,0,0,0,0,21,27,0,0,246298,285002,0,358,500804,30138,46.357613,53.642387,0.000000,0.067382,94.260117,5.672501,0,13886,0,0,13886,0,0.000000,100.000000,0.000000,0.000000,100.000000,0.000000,"wKa1,wKb1,wKe1,bRc2,bRc3",
KKKvRR,6,3,2,king,rook,3769920,226676,0,0,0,0,5,39,0,37,11972,3756212,1736,0,3256892,513028,0.317566,99.636385,0.046049,0.000000,86.391541,13.608459,0,226676,0,0,226008,668,0.000000,100.000000,0.000000,0.000000,99.705306,0.294694,"wKb2,wKe3,wKb4,bRd4,bRc5",
KKKvRR,7,3,2,king,rook,19068840,1933834,0,0,0,0,3,53,0,53,13512,18897840,157488,0,13786282,5282558,0.070859,99.103249,0.825892,0.000000,72.297434,27.702566,0,1919770,14064,0,1844818,89016,0.000000,99.272740,0.727260,0.000000,95.396916,4.603084,"wKa1,wKc1,wKd1,bRb1,bRb2",
KKKvRR,8,3,2,king,rook,76245120,11082588,0,0,0,0,3,61,0,59,17232,74253204,1974684,0,48917004,27328116,0.022601,97.387484,2.589915,0.000000,64.157554,35.842446,0,10754128,328460,0,9944872,1137716,0.000000,97.036252,2.963748,0.000000,89.734203,10.265797,"wKa1,wKc1,wKd1,bRb1,bRb2",
KKKvRR,9,3,2,king,rook,256215960,48441950,0,0,0,0,3,75,0,75,21776,241951160,14243024,0,146626624,109589336,0.008499,94.432509,5.558992,0.000000,57.227748,42.772252,0,45155692,3286258,0,39968672,8473278,0.000000,93.216091,6.783909,0.000000,82.508388,17.491612,"wKa1,wKc1,wKd1,bRb1,bRb2",
KKKvRR,10,3,2,king,rook,752875200,173916196,0,0,0,0,3,67,0,67,26864,680359364,72488972,0,384122216,368752984,0.003568,90.368147,9.628285,0.000000,51.020703,48.979297,0,153273104,20643092,0,129331164,44585032,0.000000,88.130437,11.869563,0.000000,74.364071,25.635929,"wKa1,wKc1,wKd1,bRb1,bRb2",
KKKvRR,11,3,2,king,rook,1987925940,na,0,0,na,na,3,69,0,na,32496,1698634728,289258716,0,902541218,1085384722,0.001635,85.447586,14.550779,0.000000,45.401149,54.598851,na,na,na,na,na,na,na,na,na,na,na,na,"wKa1,wKc1,wKd1,bRb1,bRb2",
KKKvRR,12,3,2,king,rook,4810085280,na,0,0,na,na,3,69,0,na,38672,3846672656,963373952,0,1945591936,2864493344,0.000804,79.970987,20.028209,0.000000,40.448180,59.551820,na,na,na,na,na,na,na,na,na,na,na,na,"wKa1,wKc1,wKd1,bRb1,bRb2",
KKvB,3,2,1,king,bishop,252,36,0,1,0,1,3,0,3,0,252,0,0,252,0,0,100.000000,0.000000,0.000000,100.000000,0.000000,0.000000,36,0,0,36,0,0,100.000000,0.000000,0.000000,100.000000,0.000000,0.000000,"wKa1,wKb1,bBa3","wKa1,wKb1,bBa3"
KKvB,4,2,1,king,bishop,1680,528,0,0,0,1,7,0,7,0,1680,0,0,1232,448,0,100.000000,0.000000,0.000000,73.333333,26.666667,0.000000,528,0,0,528,0,0,100.000000,0.000000,0.000000,100.000000,0.000000,0.000000,"wKa1,wKd1,bBa4","wKd1,wKa4,bBa1"
KKvB,5,2,1,king,bishop,6900,3038,0,0,0,0,11,0,11,0,6886,14,0,4992,1908,0,99.797101,0.202899,0.000000,72.347826,27.652174,0.000000,3038,0,0,3030,8,0,100.000000,0.000000,0.000000,99.736669,0.263331,0.000000,"wKa1,wKd1,bBc3","wKa1,wKe1,bBc1"
KKvB,6,2,1,king,bishop,21420,11364,0,0,0,0,5,0,5,0,7100,14320,0,80,21340,0,33.146592,66.853408,0.000000,0.373483,99.626517,0.000000,120,11244,0,0,11364,0,1.055966,98.944034,0.000000,0.000000,100.000000,0.000000,"wKd1,wKc3,bBb1","wKd1,wKc3,bBb1"
KKvB,7,2,1,king,bishop,55272,33004,0,0,0,0,5,0,5,0,13992,41280,0,80,55192,0,25.314807,74.685193,0.000000,0.144739,99.855261,0.000000,120,32884,0,0,33004,0,0.363592,99.636408,0.000000,0.000000,100.000000,0.000000,"wKd1,wKc3,bBb1","wKd1,wKc3,bBb1"
KKvB,8,2,1,king,bishop,124992,80972,0,0,0,0,5,0,5,0,25020,99972,0,80,124912,0,20.017281,79.982719,0.000000,0.064004,99.935996,0.000000,120,80852,0,0,80972,0,0.148199,99.851801,0.000000,0.000000,100.000000,0.000000,"wKd1,wKc3,bBb1","wKd1,wKc3,bBb1"
KKvB,9,2,1,king,bishop,255960,175982,0,0,0,0,5,0,5,0,41552,214408,0,80,255880,0,16.233787,83.766213,0.000000,0.031255,99.968745,0.000000,120,175862,0,0,175982,0,0.068189,99.931811,0.000000,0.000000,100.000000,0.000000,"wKd1,wKc3,bBb1","wKd1,wKc3,bBb1"
KKvB,10,2,1,king,bishop,485100,348984,0,0,0,0,5,0,5,0,65148,419952,0,80,485020,0,13.429808,86.570192,0.000000,0.016491,99.983509,0.000000,120,348864,0,0,348984,0,0.034386,99.965614,0.000000,0.000000,100.000000,0.000000,"wKd1,wKc3,bBb1","wKd1,wKc3,bBb1"
KKvB,11,2,1,king,bishop,863940,na,0,0,na,na,5,0,5,na,97560,766380,0,80,863860,0,11.292451,88.707549,0.000000,0.009260,99.990740,0.000000,na,na,na,na,na,na,na,na,na,na,na,na,"wKd1,wKc3,bBb1","wKd1,wKc3,bBb1"
KKvB,12,2,1,king,bishop,1462032,na,0,0,na,na,5,0,5,na,140732,1321300,0,80,1461952,0,9.625781,90.374219,0.000000,0.005472,99.994528,0.000000,na,na,na,na,na,na,na,na,na,na,na,na,"wKd1,wKc3,bBb1","wKd1,wKc3,bBb1"
KKvB,3,2,1,king+king,bishop,504,72,0,1,0,1,3,0,3,na,504,0,0,504,0,0,100.000000,0.000000,0.000000,100.000000,0.000000,0.000000,72,0,0,72,0,0,100.000000,0.000000,0.000000,100.000000,0.000000,0.000000,"wKa1,wKb1,bBa3","wKa1,wKb1,bBa3"
KKvB,4,2,1,king+king,bishop,3360,1056,0,0,0,1,7,0,7,na,3360,0,0,2464,896,0,100.000000,0.000000,0.000000,73.333333,26.666667,0.000000,1056,0,0,1056,0,0,100.000000,0.000000,0.000000,100.000000,0.000000,0.000000,"wKa1,wKd1,bBa4","wKa1,wKd4,bBd1"
KKvB,5,2,1,king+king,bishop,13800,6076,0,0,0,0,11,0,11,na,13772,28,0,9984,3816,0,99.797101,0.202899,0.000000,72.347826,27.652174,0.000000,6076,0,0,6060,16,0,100.000000,0.000000,0.000000,99.736669,0.263331,0.000000,"wKa1,wKd1,bBc3","wKa1,wKe1,bBc1"
KKvB,6,2,1,king+king,bishop,42840,22728,0,0,0,0,5,0,5,na,14200,28640,0,160,42680,0,33.146592,66.853408,0.000000,0.373483,99.626517,0.000000,240,22488,0,0,22728,0,1.055966,98.944034,0.000000,0.000000,100.000000,0.000000,"wKc1,wKd3,bBe1","wKc1,wKd3,bBe1"
KKvB,7,2,1,king+king,bishop,110544,66008,0,0,0,0,5,0,5,na,27984,82560,0,160,110384,0,25.314807,74.685193,0.000000,0.144739,99.855261,0.000000,240,65768,0,0,66008,0,0.363592,99.636408,0.000000,0.000000,100.000000,0.000000,"wKd1,wKc3,bBb1","wKd1,wKc3,bBb1"
KKvB,8,2,1,king+king,bishop,249984,161944,0,0,0,0,5,0,5,na,50040,199944,0,160,249824,0,20.017281,79.982719,0.000000,0.064004,99.935996,0.000000,240,161704,0,0,161944,0,0.148199,99.851801,0.000000,0.000000,100.000000,0.000000,"wKd1,wKc3,bBb1","wKd1,wKc3,bBb1"
KKvB,9,2,1,king+king,bishop,511920,351964,0,0,0,0,5,0,5,na,83104,428816,0,160,511760,0,16.233787,83.766213,0.000000,0.031255,99.968745,0.000000,240,351724,0,0,351964,0,0.068189,99.931811,0.000000,0.000000,100.000000,0.000000,"wKd1,wKc3,bBb1","wKd1,wKc3,bBb1"
KKvB,10,2,1,king+king,bishop,970200,697968,0,0,0,0,5,0,5,na,130296,839904,0,160,970040,0,13.429808,86.570192,0.000000,0.016491,99.983509,0.000000,240,697728,0,0,697968,0,0.034386,99.965614,0.000000,0.000000,100.000000,0.000000,"wKd1,wKc3,bBb1","wKd1,wKc3,bBb1"
KKvB,11,2,1,king+king,bishop,1727880,1288136,0,0,0,0,5,0,5,na,195120,1532760,0,160,1727720,0,11.292451,88.707549,0.000000,0.009260,99.990740,0.000000,240,1287896,0,0,1288136,0,0.018632,99.981368,0.000000,0.000000,100.000000,0.000000,"wKd1,wKc3,bBb1","wKd1,wKc3,bBb1"
KKvB,12,2,1,king+king,bishop,2924064,2243440,0,0,0,0,5,0,5,na,281464,2642600,0,160,2923904,0,9.625781,90.374219,0.000000,0.005472,99.994528,0.000000,240,2243200,0,0,2243440,0,0.010698,99.989302,0.000000,0.000000,100.000000,0.000000,"wKd1,wKc3,bBb1","wKd1,wKc3,bBb1"
KKvBB,3,2,2,king,bishop,756,10,0,0,0,1,7,0,5,0,756,0,0,612,144,0,100.000000,0.000000,0.000000,80.952381,19.047619,0.000000,10,0,0,10,0,0,100.000000,0.000000,0.000000,100.000000,0.000000,0.000000,"wKa1,wKc1,bBa3,bBc3","wKa1,wKb1,bBa3,bBb3"
KKvBB,4,2,2,king,bishop,10920,1038,0,0,0,0,35,0,29,0,10324,596,0,3504,7416,0,94.542125,5.457875,0.000000,32.087912,67.912088,0.000000,1026,12,0,950,88,0,98.843931,1.156069,0.000000,91.522158,8.477842,0.000000,"wKa1,wKd1,bBa4,bBb4","wKd1,wKa2,bBc3,bBd3"
KKvBB,5,2,2,king,bishop,75900,14536,0,0,0,0,27,0,27,0,43108,32792,0,2628,73272,0,56.795784,43.204216,0.000000,3.462451,96.537549,0.000000,2018,12518,0,470,14066,0,13.882774,86.117226,0.000000,3.233352,96.766648,0.000000,"wKa1,wKc1,bBa2,bBa3","wKa1,wKc1,bBb3,bBc5"
KKvBB,6,2,2,king,bishop,353430,98888,0,0,0,0,5,0,0,0,776,352654,0,0,353430,0,0.219563,99.780437,0.000000,0.000000,100.000000,0.000000,0,98888,0,0,98888,0,0.000000,100.000000,0.000000,0.000000,100.000000,0.000000,"wKb2,wKc2,bBb1,bBc3",
KKvBB,7,2,2,king,bishop,1271256,451802,0,0,0,0,5,0,0,0,776,1270480,0,0,1271256,0,0.061042,99.938958,0.000000,0.000000,100.000000,0.000000,0,451802,0,0,451802,0,0.000000,100.000000,0.000000,0.000000,100.000000,0.000000,"wKb2,wKc2,bBb1,bBc3",
KKvBB,8,2,2,king,bishop,3812256,1596838,0,0,0,0,5,0,0,0,776,3811480,0,0,3812256,0,0.020355,99.979645,0.000000,0.000000,100.000000,0.000000,0,1596838,0,0,1596838,0,0.000000,100.000000,0.000000,0.000000,100.000000,0.000000,"wKb2,wKc2,bBb1,bBc3",
KKvBB,9,2,2,king,bishop,9982440,4713344,0,0,0,0,5,0,0,0,776,9981664,0,0,9982440,0,0.007774,99.992226,0.000000,0.000000,100.000000,0.000000,0,4713344,0,0,4713344,0,0.000000,100.000000,0.000000,0.000000,100.000000,0.000000,"wKb2,wKc2,bBb1,bBc3",
KKvBB,10,2,2,king,bishop,23527350,12167800,0,0,0,0,5,0,0,0,776,23526574,0,0,23527350,0,0.003298,99.996702,0.000000,0.000000,100.000000,0.000000,0,12167800,0,0,12167800,0,0.000000,100.000000,0.000000,0.000000,100.000000,0.000000,"wKb2,wKc2,bBb1,bBc3",
KKvBB,11,2,2,king,bishop,50972460,na,0,0,na,na,5,0,0,na,776,50971684,0,0,50972460,0,0.001522,99.998478,0.000000,0.000000,100.000000,0.000000,na,na,na,na,na,na,na,na,na,na,na,na,"wKb2,wKc2,bBb1,bBc3",
KKvBB,12,2,2,king,bishop,103073256,na,0,0,na,na,5,0,0,na,776,103072480,0,0,103073256,0,0.000753,99.999247,0.000000,0.000000,100.000000,0.000000,na,na,na,na,na,na,na,na,na,na,na,na,"wKb2,wKc2,bBb1,bBc3",
KKvK,3,2,1,king,king,252,52,0,0,0,1,3,0,3,0,252,0,0,164,88,0,100.000000,0.000000,0.000000,65.079365,34.920635,0.000000,52,0,0,52,0,0,100.000000,0.000000,0.000000,100.000000,0.000000,0.000000,"wKa1,wKb1,bKa3","wKa1,wKb1,bKa3"
KKvK,4,2,1,king,king,1680,708,0,0,0,1,9,0,9,0,1680,0,0,1008,672,0,100.000000,0.000000,0.000000,60.000000,40.000000,0.000000,708,0,0,708,0,0,100.000000,0.000000,0.000000,100.000000,0.000000,0.000000,"wKa1,wKd1,bKb3","wKa1,wKd1,bKb3"
KKvK,5,2,1,king,king,6900,3972,0,0,0,1,17,0,17,0,6900,0,0,4548,2352,0,100.000000,0.000000,0.000000,65.913043,34.086957,0.000000,3972,0,0,3972,0,0,100.000000,0.000000,0.000000,100.000000,0.000000,0.000000,"wKa1,wKe1,bKc1","wKa1,wKe1,bKc1"
KKvK,6,2,1,king,king,21420,14560,0,0,0,1,21,0,21,0,21420,0,0,15500,5920,0,100.000000,0.000000,0.000000,72.362278,27.637722,0.000000,14560,0,0,14560,0,0,100.000000,0.000000,0.000000,100.000000,0.000000,0.000000,"wKa1,wKe1,bKc1","wKa1,wKe1,bKc1"
KKvK,7,2,1,king,king,55272,41520,0,0,0,1,27,0,27,0,55272,0,0,42912,12360,0,100.000000,0.000000,0.000000,77.637864,22.362136,0.000000,41520,0,0,41520,0,0,100.000000,0.000000,0.000000,100.000000,0.000000,0.000000,"wKa1,wKd1,bKc3","wKa1,wKd1,bKc3"
KKvK,8,2,1,king,king,124992,100212,0,0,0,1,33,0,33,0,124992,0,0,102144,22848,0,100.000000,0.000000,0.000000,81.720430,18.279570,0.000000,100212,0,0,100212,0,0,100.000000,0.000000,0.000000,100.000000,0.000000,0.000000,"wKa1,wKd1,bKc3","wKa1,wKd1,bKc3"
KKvK,9,2,1,king,king,255960,214648,0,0,0,1,45,0,45,0,255960,0,0,217208,38752,0,100.000000,0.000000,0.000000,84.860134,15.139866,0.000000,214648,0,0,214648,0,0,100.000000,0.000000,0.000000,100.000000,0.000000,0.000000,"wKa1,wKi1,bKc1","wKa1,wKi1,bKc1"
KKvK,10,2,1,king,king,485100,420192,0,0,0,1,55,0,55,0,485100,0,0,423468,61632,0,100.000000,0.000000,0.000000,87.294991,12.705009,0.000000,420192,0,0,420192,0,0,100.000000,0.000000,0.000000,100.000000,0.000000,0.000000,"wKa1,wKi1,bKi3","wKa1,wKi1,bKi3"
KKvK,11,2,1,king,king,863940,766620,0,0,0,1,69,0,69,0,863940,0,0,770700,93240,0,100.000000,0.000000,0.000000,89.207584,10.792416,0.000000,766620,0,0,766620,0,0,100.000000,0.000000,0.000000,100.000000,0.000000,0.000000,"wKa1,wKk1,bKc1","wKa1,wKk1,bKc1"
KKvK,12,2,1,king,king,1462032,1321540,0,0,0,1,81,0,81,0,1462032,0,0,1326512,135520,0,100.000000,0.000000,0.000000,90.730709,9.269291,0.000000,1321540,0,0,1321540,0,0,100.000000,0.000000,0.000000,100.000000,0.000000,0.000000,"wKa1,wKl1,bKc2","wKa1,wKl1,bKc2"
KKvK,13,2,1,king,king,2370732,2174172,0,0,0,1,99,0,99,0,2370732,0,0,2180124,190608,0,100.000000,0.000000,0.000000,91.959952,8.040048,0.000000,2174172,0,0,2174172,0,0,100.000000,0.000000,0.000000,100.000000,0.000000,0.000000,"wKa1,wKm1,bKc1","wKa1,wKm1,bKc1"
KKvK,14,2,1,king,king,3707340,3439488,0,0,0,1,123,0,123,0,3707340,0,0,3446508,260832,0,100.000000,0.000000,0.000000,92.964444,7.035556,0.000000,3439488,0,0,3439488,0,0,100.000000,0.000000,0.000000,100.000000,0.000000,0.000000,"wKa1,wKn1,bKc1","wKa1,wKn1,bKc1"
KKvK,3,2,1,king+king,king,504,104,0,0,0,1,3,0,3,na,504,0,0,328,176,0,100.000000,0.000000,0.000000,65.079365,34.920635,0.000000,104,0,0,104,0,0,100.000000,0.000000,0.000000,100.000000,0.000000,0.000000,"wKa1,wKb1,bKa3","wKa1,wKb1,bKa3"
KKvK,4,2,1,king+king,king,3360,1416,0,0,0,1,9,0,9,na,3360,0,0,2016,1344,0,100.000000,0.000000,0.000000,60.000000,40.000000,0.000000,1416,0,0,1416,0,0,100.000000,0.000000,0.000000,100.000000,0.000000,0.000000,"wKa1,wKd1,bKb3","wKa1,wKd1,bKb3"
KKvK,5,2,1,king+king,king,13800,7944,0,0,0,1,17,0,17,na,13800,0,0,9096,4704,0,100.000000,0.000000,0.000000,65.913043,34.086957,0.000000,7944,0,0,7944,0,0,100.000000,0.000000,0.000000,100.000000,0.000000,0.000000,"wKa1,wKe1,bKc1","wKa1,wKe1,bKc1"
KKvK,6,2,1,king+king,king,42840,29120,0,0,0,1,21,0,21,na,42840,0,0,31000,11840,0,100.000000,0.000000,0.000000,72.362278,27.637722,0.000000,29120,0,0,29120,0,0,100.000000,0.000000,0.000000,100.000000,0.000000,0.000000,"wKa1,wKe1,bKc1","wKa1,wKe1,bKc1"
KKvK,7,2,1,king+king,king,110544,83040,0,0,0,1,27,0,27,na,110544,0,0,85824,24720,0,100.000000,0.000000,0.000000,77.637864,22.362136,0.000000,83040,0,0,83040,0,0,100.000000,0.000000,0.000000,100.000000,0.000000,0.000000,"wKa1,wKd1,bKc3","wKa1,wKd1,bKc3"
KKvK,8,2,1,king+king,king,249984,200424,0,0,0,1,33,0,33,na,249984,0,0,204288,45696,0,100.000000,0.000000,0.000000,81.720430,18.279570,0.000000,200424,0,0,200424,0,0,100.000000,0.000000,0.000000,100.000000,0.000000,0.000000,"wKa1,wKd1,bKc3","wKa1,wKd1,bKc3"
KKvK,9,2,1,king+king,king,511920,429296,0,0,0,1,45,0,45,na,511920,0,0,434416,77504,0,100.000000,0.000000,0.000000,84.860134,15.139866,0.000000,429296,0,0,429296,0,0,100.000000,0.000000,0.000000,100.000000,0.000000,0.000000,"wKa1,wKi1,bKc1","wKa1,wKi1,bKc1"
KKvK,10,2,1,king+king,king,970200,840384,0,0,0,1,55,0,55,na,970200,0,0,846936,123264,0,100.000000,0.000000,0.000000,87.294991,12.705009,0.000000,840384,0,0,840384,0,0,100.000000,0.000000,0.000000,100.000000,0.000000,0.000000,"wKa1,wKi1,bKi3","wKa1,wKi1,bKi3"
KKvK,11,2,1,king+king,king,1727880,1533240,0,0,0,1,69,0,69,na,1727880,0,0,1541400,186480,0,100.000000,0.000000,0.000000,89.207584,10.792416,0.000000,1533240,0,0,1533240,0,0,100.000000,0.000000,0.000000,100.000000,0.000000,0.000000,"wKa1,wKk1,bKc1","wKa1,wKk1,bKc1"
KKvK,12,2,1,king+king,king,2924064,2643080,0,0,0,1,81,0,81,na,2924064,0,0,2653024,271040,0,100.000000,0.000000,0.000000,90.730709,9.269291,0.000000,2643080,0,0,2643080,0,0,100.000000,0.000000,0.000000,100.000000,0.000000,0.000000,"wKa1,wKl1,bKc2","wKa1,wKl1,bKc2"
KKvKK,3,2,2,king,king,756,38,0,0,0,0,5,5,0,0,538,216,2,2,216,538,71.164021,28.571429,0.264550,0.264550,28.571429,71.164021,0,36,2,2,36,0,0.000000,94.736842,5.263158,5.263158,94.736842,0.000000,"wKa1,wKb1,bKa2,bKc2",
KKvKK,4,2,2,king,king,10920,1958,0,0,0,0,17,17,17,17,6030,4852,38,38,4852,6030,55.219780,44.432234,0.347985,0.347985,44.432234,55.219780,108,1812,38,38,1812,108,5.515832,92.543412,1.940756,1.940756,92.543412,5.515832,"wKd1,wKa3,bKb1,bKd4","wKd1,wKa3,bKb1,bKd4"
KKvKK,5,2,2,king,king,75900,25158,0,0,0,0,19,19,0,0,36954,38946,0,0,38946,36954,48.687747,51.312253,0.000000,0.000000,51.312253,48.687747,0,25158,0,0,25158,0,0.000000,100.000000,0.000000,0.000000,100.000000,0.000000,"wKa1,wKd1,bKe1,bKb3",
KKvKK,6,2,2,king,king,353430,163004,0,0,0,0,23,23,0,0,151090,202340,0,0,202340,151090,42.749625,57.250375,0.000000,0.000000,57.250375,42.749625,0,163004,0,0,163004,0,0.000000,100.000000,0.000000,0.000000,100.000000,0.000000,"wKa1,wKe1,bKc1,bKf1",
KKvKK,7,2,2,king,king,1271256,716090,0,0,0,0,29,29,0,0,466746,804510,0,0,804510,466746,36.715343,63.284657,0.000000,0.000000,63.284657,36.715343,0,716090,0,0,716090,0,0.000000,100.000000,0.000000,0.000000,100.000000,0.000000,"wKa1,wKc1,bKd1,bKb3",
KKvKK,8,2,2,king,king,3812256,2447118,0,0,0,0,35,35,0,0,1193538,2618718,0,0,2618718,1193538,31.307918,68.692082,0.000000,0.000000,68.692082,31.307918,0,2447118,0,0,2447118,0,0.000000,100.000000,0.000000,0.000000,100.000000,0.000000,"wKa1,wKc1,bKd1,bKb3",
KKvKK,9,2,2,king,king,9982440,7012898,0,0,0,0,47,47,0,0,2668282,7314158,0,0,7314158,2668282,26.729757,73.270243,0.000000,0.000000,73.270243,26.729757,0,7012898,0,0,7012898,0,0.000000,100.000000,0.000000,0.000000,100.000000,0.000000,"wKa1,wKh1,bKc1,bKi1",
KKvKK,10,2,2,king,king,23527350,17638988,0,0,0,0,57,57,0,0,5396754,18130596,0,0,18130596,5396754,22.938214,77.061786,0.000000,0.000000,77.061786,22.938214,0,17638988,0,0,17638988,0,0.000000,100.000000,0.000000,0.000000,100.000000,0.000000,"wKa1,wKh1,bKi1,bKh3",
KKvKK,11,2,2,king,king,50972460,40112574,0,0,0,0,71,71,0,0,10101210,40871250,0,0,40871250,10101210,19.816995,80.183005,0.000000,0.000000,80.183005,19.816995,0,40112574,0,0,40112574,0,0.000000,100.000000,0.000000,0.000000,100.000000,0.000000,"wKa1,wKj1,bKc1,bKk1",
KKvKK,12,2,2,king,king,103073256,84179270,0,0,0,0,83,83,0,0,17773666,85299590,0,0,85299590,17773666,17.243722,82.756278,0.000000,0.000000,82.756278,17.243722,0,84179270,0,0,84179270,0,0.000000,100.000000,0.000000,0.000000,100.000000,0.000000,"wKa1,wKk1,bKc1,bKl1",
KKvN,3,2,1,king,knight,252,12,0,0,0,1,3,0,3,0,252,0,0,224,28,0,100.000000,0.000000,0.000000,88.888889,11.111111,0.000000,12,0,0,12,0,0,100.000000,0.000000,0.000000,100.000000,0.000000,0.000000,"wKa1,wKb1,bNa3","wKa1,wKc1,bNa3"
KKvN,4,2,1,king,knight,1680,360,0,0,0,1,5,0,5,0,1672,8,0,1440,240,0,99.523810,0.476190,0.000000,85.714286,14.285714,0.000000,360,0,0,360,0,0,100.000000,0.000000,0.000000,100.000000,0.000000,0.000000,"wKa1,wKb1,bNd2","wKa1,wKb1,bNd3"
KKvN,5,2,1,king,knight,6900,2536,0,0,0,0,11,0,11,0,6836,64,0,5252,1648,0,99.072464,0.927536,0.000000,76.115942,23.884058,0.000000,2536,0,0,2416,120,0,100.000000,0.000000,0.000000,95.268139,4.731861,0.000000,"wKa1,wKe1,bNc1","wKa1,wKe1,bNc1"
KKvN,6,2,1,king,knight,21420,10524,0,0,0,0,15,0,15,0,21248,172,0,16616,4804,0,99.197012,0.802988,0.000000,77.572362,22.427638,0.000000,10524,0,0,10068,456,0,100.000000,0.000000,0.000000,95.667047,4.332953,0.000000,"wKa1,wKb1,bNd1","wKa1,wKb1,bNd1"
KKvN,7,2,1,king,knight,55272,32460,0,0,0,0,21,0,21,0,54948,324,0,44624,10648,0,99.413808,0.586192,0.000000,80.735273,19.264727,0.000000,32460,0,0,31492,968,0,100.000000,0.000000,0.000000,97.017868,2.982132,0.000000,"wKa1,wKd1,bNe3","wKa1,wKe1,bNc1"
KKvN,8,2,1,king,knight,124992,82600,0,0,0,0,37,0,37,0,124476,516,0,104724,20268,0,99.587174,0.412826,0.000000,83.784562,16.215438,0.000000,82600,0,0,80960,1640,0,100.000000,0.000000,0.000000,98.014528,1.985472,0.000000,"wKa1,wKh1,bNd3","wKa1,wKh1,bNd3"
KKvN,9,2,1,king,knight,255960,183660,0,0,0,0,19,0,19,0,50172,205788,0,2252,253708,0,19.601500,80.398500,0.000000,0.879825,99.120175,0.000000,6912,176748,0,1188,182472,0,3.763476,96.236524,0.000000,0.646847,99.353153,0.000000,"wKc2,wKg2,bNa2","wKc2,wKg2,bNa2"
KKvN,10,2,1,king,knight,485100,369516,0,0,0,0,15,0,15,0,72604,412496,0,2084,483016,0,14.966811,85.033189,0.000000,0.429602,99.570398,0.000000,6028,363488,0,1032,368484,0,1.631323,98.368677,0.000000,0.279284,99.720716,0.000000,"wKh2,wKc4,bNe1","wKh2,wKc4,bNe1"
KKvN,11,2,1,king,knight,863940,688264,0,0,0,0,15,0,15,0,105932,758008,0,2268,861672,0,12.261500,87.738500,0.000000,0.262518,99.737482,0.000000,6760,681504,0,1120,687144,0,0.982181,99.017819,0.000000,0.162728,99.837272,0.000000,"wKh2,wKc4,bNe1","wKh2,wKc4,bNe1"
KKvN,12,2,1,king,knight,1462032,1205640,0,0,0,0,15,0,15,0,150100,1311932,0,2468,1459564,0,10.266533,89.733467,0.000000,0.168806,99.831194,0.000000,7556,1198084,0,1216,1204424,0,0.626721,99.373279,0.000000,0.100859,99.899141,0.000000,"wKh2,wKc4,bNe1","wKh2,wKc4,bNe1"
KKvN,13,2,1,king,knight,2370732,2008800,0,0,0,0,15,0,15,0,207244,2163488,0,2684,2368048,0,8.741773,91.258227,0.000000,0.113214,99.886786,0.000000,8416,2000384,0,1320,2007480,0,0.418957,99.581043,0.000000,0.065711,99.934289,0.000000,"wKh2,wKc4,bNe1","wKh2,wKc4,bNe1"
KKvN,14,2,1,king,knight,3707340,3210460,0,0,0,0,15,0,15,0,279692,3427648,0,2916,3704424,0,7.544277,92.455723,0.000000,0.078655,99.921345,0.000000,9340,3201120,0,1432,3209028,0,0.290924,99.709076,0.000000,0.044604,99.955396,0.000000,"wKh2,wKc4,bNe1","wKh2,wKc4,bNe1"
KKvN,3,2,1,king+king,knight,504,24,0,0,0,1,3,0,3,na,504,0,0,448,56,0,100.000000,0.000000,0.000000,88.888889,11.111111,0.000000,24,0,0,24,0,0,100.000000,0.000000,0.000000,100.000000,0.000000,0.000000,"wKa1,wKb1,bNa3","wKa1,wKc1,bNa3"
KKvN,4,2,1,king+king,knight,3360,720,0,0,0,1,5,0,5,na,3344,16,0,2880,480,0,99.523810,0.476190,0.000000,85.714286,14.285714,0.000000,720,0,0,720,0,0,100.000000,0.000000,0.000000,100.000000,0.000000,0.000000,"wKa1,wKb1,bNd2","wKa1,wKb1,bNd3"
KKvN,5,2,1,king+king,knight,13800,5072,0,0,0,0,11,0,11,na,13672,128,0,10504,3296,0,99.072464,0.927536,0.000000,76.115942,23.884058,0.000000,5072,0,0,4832,240,0,100.000000,0.000000,0.000000,95.268139,4.731861,0.000000,"wKa1,wKe1,bNc1","wKa1,wKe1,bNc1"
KKvN,6,2,1,king+king,knight,42840,21048,0,0,0,0,15,0,15,na,42496,344,0,33232,9608,0,99.197012,0.802988,0.000000,77.572362,22.427638,0.000000,21048,0,0,20136,912,0,100.000000,0.000000,0.000000,95.667047,4.332953,0.000000,"wKa1,wKb1,bNd1","wKa1,wKb1,bNd1"
KKvN,7,2,1,king+king,knight,110544,64920,0,0,0,0,21,0,21,na,109896,648,0,89248,21296,0,99.413808,0.586192,0.000000,80.735273,19.264727,0.000000,64920,0,0,62984,1936,0,100.000000,0.000000,0.000000,97.017868,2.982132,0.000000,"wKa1,wKd1,bNe3","wKa1,wKe1,bNc1"
KKvN,8,2,1,king+king,knight,249984,165200,0,0,0,0,37,0,37,na,248952,1032,0,209448,40536,0,99.587174,0.412826,0.000000,83.784562,16.215438,0.000000,165200,0,0,161920,3280,0,100.000000,0.000000,0.000000,98.014528,1.985472,0.000000,"wKa1,wKh1,bNd3","wKa1,wKh1,bNd3"
KKvN,9,2,1,king+king,knight,511920,367320,0,0,0,0,19,0,19,na,100344,411576,0,4504,507416,0,19.601500,80.398500,0.000000,0.879825,99.120175,0.000000,13824,353496,0,2376,364944,0,3.763476,96.236524,0.000000,0.646847,99.353153,0.000000,"wKb1,wKf3,bNi2","wKb1,wKf3,bNi2"
KKvN,10,2,1,king+king,knight,970200,739032,0,0,0,0,15,0,15,na,145208,824992,0,4168,966032,0,14.966811,85.033189,0.000000,0.429602,99.570398,0.000000,12056,726976,0,2064,736968,0,1.631323,98.368677,0.000000,0.279284,99.720716,0.000000,"wKd1,wKg5,bNj1","wKd1,wKg5,bNj1"
KKvN,11,2,1,king+king,knight,1727880,1376528,0,0,0,0,15,0,15,na,211864,1516016,0,4536,1723344,0,12.261500,87.738500,0.000000,0.262518,99.737482,0.000000,13520,1363008,0,2240,1374288,0,0.982181,99.017819,0.000000,0.162728,99.837272,0.000000,"wKe1,wKh5,bNk1","wKe1,wKh5,bNk1"
KKvN,12,2,1,king+king,knight,2924064,2411280,0,0,0,0,15,0,15,na,300200,2623864,0,4936,2919128,0,10.266533,89.733467,0.000000,0.168806,99.831194,0.000000,15112,2396168,0,2432,2408848,0,0.626721,99.373279,0.000000,0.100859,99.899141,0.000000,"wKf1,wKi5,bNl1","wKf1,wKi5,bNl1"
KKvNN,3,2,2,king,knight,756,6,0,1,0,1,5,0,5,0,756,0,0,756,0,0,100.000000,0.000000,0.000000,100.000000,0.000000,0.000000,6,0,0,6,0,0,100.000000,0.000000,0.000000,100.000000,0.000000,0.000000,"wKa1,wKb1,bNc2,bNa3","wKa1,wKc1,bNa3,bNc3"
KKvNN,4,2,2,king,knight,10920,558,0,0,0,0,15,3,15,0,10536,384,0,4924,5912,84,96.483516,3.516484,0.000000,45.091575,54.139194,0.769231,550,8,0,494,64,0,98.566308,1.433692,0.000000,88.530466,11.469534,0.000000,"wKb1,wKa2,bNd3,bNc4","wKb1,wKa2,bNd3,bNc4"
KKvNN,5,2,2,king,knight,75900,10754,0,0,0,0,33,3,27,0,71074,4826,0,30140,45580,180,93.641634,6.358366,0.000000,39.710145,60.052701,0.237154,10696,58,0,7802,2952,0,99.460666,0.539334,0.000000,72.549749,27.450251,0.000000,"wKd2,wKa4,bNd4,bNe4","wKb1,wKa2,bNd3,bNc4"
KKvNN,6,2,2,king,knight,353430,87076,0,0,0,0,79,3,79,0,336954,16476,0,174086,179140,204,95.338257,4.661743,0.000000,49.256147,50.686133,0.057720,87036,40,0,72880,14196,0,99.954063,0.045937,0.000000,83.697000,16.303000,0.000000,"wKa3,wKf3,bNc3,bNd3","wKa3,wKf3,bNc3,bNd3"
KKvNN,7,2,2,king,knight,1271256,442590,0,0,0,0,121,3,119,0,1230336,40920,0,743044,528008,204,96.781136,3.218864,0.000000,58.449596,41.534357,0.016047,442546,44,0,399982,42608,0,99.990059,0.009941,0.000000,90.373031,9.626969,0.000000,"wKd1,wKa3,bNd3,bNe3","wKg1,wKa7,bNc4,bNe4"
KKvNN,8,2,2,king,knight,3812256,1672238,0,0,0,0,67,3,65,0,1455974,2356282,0,124784,3687268,204,38.191926,61.808074,0.000000,3.273232,96.721416,0.005351,110760,1561478,0,17352,1654886,0,6.623459,93.376541,0.000000,1.037651,98.962349,0.000000,"wKd4,wKe4,bNg1,bNc2","wKe1,wKd4,bNh1,bNh7"
KKvNN,9,2,2,king,knight,9982440,5150350,0,0,0,0,19,3,9,0,32240,9950200,0,128,9982108,204,0.322967,99.677033,0.000000,0.001282,99.996674,0.002044,386,5149964,0,42,5150308,0,0.007495,99.992505,0.000000,0.000815,99.999185,0.000000,"wKb2,wKg2,bNa2,bNb3","wKe1,wKc4,bNc1,bNa2"
KKvNN,10,2,2,king,knight,23527350,13665060,0,0,0,0,15,3,9,0,29652,23497698,0,128,23527018,204,0.126032,99.873968,0.000000,0.000544,99.998589,0.000867,386,13664674,0,42,13665018,0,0.002825,99.997175,0.000000,0.000307,99.999693,0.000000,"wKg1,wKb3,bNa1,bNc4","wKe1,wKc4,bNc1,bNa2"
KKvNN,11,2,2,king,knight,50972460,32365106,0,0,0,0,15,3,9,0,32400,50940060,0,128,50972128,204,0.063564,99.936436,0.000000,0.000251,99.999349,0.000400,386,32364720,0,42,32365064,0,0.001193,99.998807,0.000000,0.000130,99.999870,0.000000,"wKg1,wKb3,bNa1,bNc4","wKe1,wKc4,bNc1,bNa2"
KKvNN,12,2,2,king,knight,103073256,70104790,0,0,0,0,15,3,9,0,35396,103037860,0,128,103072924,204,0.034341,99.965659,0.000000,0.000124,99.999678,0.000198,386,70104404,0,42,70104748,0,0.000551,99.999449,0.000000,0.000060,99.999940,0.000000,"wKg1,wKb3,bNa1,bNc4","wKe1,wKc4,bNc1,bNa2"
KKvNN,13,2,2,king,knight,196770756,141282858,0,0,0,0,15,3,9,0,38640,196732116,0,128,196770424,204,0.019637,99.980363,0.000000,0.000065,99.999831,0.000104,386,141282472,0,42,141282816,0,0.000273,99.999727,0.000000,0.000030,99.999970,0.000000,"wKg1,wKb3,bNa1,bNc4","wKe1,wKc4,bNc1,bNa2"
KKvNN,14,2,2,king,knight,357758310,268281140,0,0,0,0,15,3,9,0,42132,357716178,0,128,357757978,204,0.011777,99.988223,0.000000,0.000036,99.999907,0.000057,386,268280754,0,42,268281098,0,0.000144,99.999856,0.000000,0.000016,99.999984,0.000000,"wKg1,wKb3,bNa1,bNc4","wKe1,wKc4,bNc1,bNa2"
KKvQ,3,2,1,king,queen,252,8,0,0,0,1,3,7,3,0,252,0,0,144,0,108,100.000000,0.000000,0.000000,57.142857,0.000000,42.857143,8,0,0,8,0,0,100.000000,0.000000,0.000000,100.000000,0.000000,0.000000,"wKa1,wKb1,bQa3","wKa1,wKc1,bQb3"
KKvQ,4,2,1,king,queen,1680,204,0,0,0,0,1,13,0,13,972,660,48,8,680,992,57.857143,39.285714,2.857143,0.476190,40.476190,59.047619,0,200,4,0,176,28,0.000000,98.039216,1.960784,0.000000,86.274510,13.725490,"wKa1,wKb1,bQc1",
KKvQ,5,2,1,king,queen,6900,1444,0,0,0,0,1,19,0,19,2928,3264,708,0,2212,4688,42.434783,47.304348,10.260870,0.000000,32.057971,67.942029,0,1284,160,0,932,512,0.000000,88.919668,11.080332,0.000000,64.542936,35.457064,"wKa1,wKb1,bQc1",
KKvQ,6,2,1,king,queen,21420,6116,0,0,0,0,1,23,0,23,6860,10144,4416,0,5604,15816,32.026144,47.357610,20.616246,0.000000,26.162465,73.837535,0,4596,1520,0,3024,3092,0.000000,75.147155,24.852845,0.000000,49.444081,50.555919,"wKa1,wKb1,bQc1",
KKvQ,7,2,1,king,queen,55272,19364,0,0,0,0,1,27,0,27,13752,24756,16764,0,12272,43000,24.880591,44.789405,30.330004,0.000000,22.202924,77.797076,0,12472,6892,0,7720,11644,0.000000,64.408180,35.591820,0.000000,39.867796,60.132204,"wKa1,wKb1,bQc1",
KKvQ,8,2,1,king,queen,124992,50664,0,0,0,0,1,31,0,31,24780,51716,48496,0,24072,100920,19.825269,41.375448,38.799283,0.000000,19.258833,80.741167,0,28256,22408,0,16736,33928,0.000000,55.771356,44.228644,0.000000,33.033318,66.966682,"wKa1,wKb1,bQc1",
KKvQ,9,2,1,king,queen,255960,115768,0,0,0,0,1,33,0,33,41312,96560,118088,0,43316,212644,16.140022,37.724644,46.135334,0.000000,16.922957,83.077043,0,56156,59612,0,32244,83524,0.000000,48.507360,51.492640,0.000000,27.852256,72.147744,"wKa1,wKb1,bQc1",
KKvQ,10,2,1,king,queen,485100,239000,0,0,0,0,1,37,0,37,64908,165944,254248,0,72676,412424,13.380334,34.208204,52.411462,0.000000,14.981653,85.018347,0,101300,137700,0,56776,182224,0.000000,42.384937,57.615063,0.000000,23.755649,76.244351,"wKa1,wKb1,bQc1",
KKvQ,11,2,1,king,queen,863940,na,0,0,na,na,1,39,0,na,97320,267492,499128,0,115456,748484,11.264671,30.961872,57.773456,0.000000,13.363891,86.636109,na,na,na,na,na,na,na,na,na,na,na,na,"wKa1,wKb1,bQc1",
KKvQ,12,2,1,king,queen,1462032,na,0,0,na,na,1,43,0,na,140492,409828,911712,0,175368,1286664,9.609366,28.031397,62.359237,0.000000,11.994813,88.005187,na,na,na,na,na,na,na,na,na,na,na,na,"wKa1,wKb1,bQc1",
KKvQ,3,2,1,king+king,queen,504,16,0,0,0,1,3,7,3,na,504,0,0,288,0,216,100.000000,0.000000,0.000000,57.142857,0.000000,42.857143,16,0,0,16,0,0,100.000000,0.000000,0.000000,100.000000,0.000000,0.000000,"wKa1,wKb1,bQa3","wKa1,wKc1,bQb3"
KKvQ,4,2,1,king+king,queen,3360,408,0,0,0,0,1,13,0,na,1944,1320,96,16,1360,1984,57.857143,39.285714,2.857143,0.476190,40.476190,59.047619,0,400,8,0,352,56,0.000000,98.039216,1.960784,0.000000,86.274510,13.725490,"wKa1,wKb1,bQc1",
KKvQ,5,2,1,king+king,queen,13800,2888,0,0,0,0,1,19,0,na,5856,6528,1416,0,4424,9376,42.434783,47.304348,10.260870,0.000000,32.057971,67.942029,0,2568,320,0,1864,1024,0.000000,88.919668,11.080332,0.000000,64.542936,35.457064,"wKa1,wKb1,bQc1",
KKvQ,6,2,1,king+king,queen,42840,12232,0,0,0,0,1,23,0,na,13720,20288,8832,0,11208,31632,32.026144,47.357610,20.616246,0.000000,26.162465,73.837535,0,9192,3040,0,6048,6184,0.000000,75.147155,24.852845,0.000000,49.444081,50.555919,"wKa1,wKb1,bQc1",
KKvQ,7,2,1,king+king,queen,110544,38728,0,0,0,0,1,27,0,na,27504,49512,33528,0,24544,86000,24.880591,44.789405,30.330004,0.000000,22.202924,77.797076,0,24944,13784,0,15440,23288,0.000000,64.408180,35.591820,0.000000,39.867796,60.132204,"wKa1,wKb1,bQc1",
KKvQ,8,2,1,king+king,queen,249984,101328,0,0,0,0,1,31,0,na,49560,103432,96992,0,48144,201840,19.825269,41.375448,38.799283,0.000000,19.258833,80.741167,0,56512,44816,0,33472,67856,0.000000,55.771356,44.228644,0.000000,33.033318,66.966682,"wKa1,wKb1,bQc1",
KKvQ,9,2,1,king+king,queen,511920,231536,0,0,0,0,1,33,0,na,82624,193120,236176,0,86632,425288,16.140022,37.724644,46.135334,0.000000,16.922957,83.077043,0,112312,119224,0,64488,167048,0.000000,48.507360,51.492640,0.000000,27.852256,72.147744,"wKa1,wKb1,bQc1",
KKvQ,10,2,1,king+king,queen,970200,478000,0,0,0,0,1,37,0,na,129816,331888,508496,0,145352,824848,13.380334,34.208204,52.411462,0.000000,14.981653,85.018347,0,202600,275400,0,113552,364448,0.000000,42.384937,57.615063,0.000000,23.755649,76.244351,"wKa1,wKb1,bQc1",
KKvQ,11,2,1,king+king,queen,1727880,911840,0,0,0,0,1,39,0,na,194640,534984,998256,0,230912,1496968,11.264671,30.961872,57.773456,0.000000,13.363891,86.636109,0,339936,571904,0,186992,724848,0.000000,37.280225,62.719775,0.000000,20.507107,79.492893,"wKa1,wKb1,bQc1",
KKvQ,12,2,1,king+king,queen,2924064,1632680,0,0,0,0,1,43,0,na,280984,819656,1823424,0,350736,2573328,9.609366,28.031397,62.359237,0.000000,11.994813,88.005187,0,538752,1093928,0,291952,1340728,0.000000,32.998016,67.001984,0.000000,17.881765,82.118235,"wKa1,wKb1,bQc1",
KKvQQ,3,2,2,king,queen,756,0,0,0,na,na,5,7,0,0,446,0,310,0,0,756,58.994709,0.000000,41.005291,0.000000,0.000000,100.000000,0,0,0,0,0,0,0.000000,0.000000,0.000000,0.000000,0.000000,0.000000,"wKa1,wKb1,bQc1,bQa2",
KKvQQ,4,2,2,king,queen,10920,112,0,0,0,0,3,13,0,13,96,3350,7474,0,0,10920,0.879121,30.677656,68.443223,0.000000,0.000000,100.000000,0,0,112,0,0,112,0.000000,0.000000,100.000000,0.000000,0.000000,100.000000,"wKb1,wKb2,bQc1,bQc2",
KKvQQ,5,2,2,king,queen,75900,3004,0,0,0,0,0,17,0,17,0,14630,61270,0,0,75900,0.000000,19.275362,80.724638,0.000000,0.000000,100.000000,0,0,3004,0,0,3004,0.000000,0.000000,100.000000,0.000000,0.000000,100.000000,,
KKvQQ,6,2,2,king,queen,353430,27464,0,0,0,0,0,19,0,19,0,43558,309872,0,0,353430,0.000000,12.324364,87.675636,0.000000,0.000000,100.000000,0,0,27464,0,0,27464,0.000000,0.000000,100.000000,0.000000,0.000000,100.000000,,
KKvQQ,7,2,2,king,queen,1271256,152332,0,0,0,0,0,23,0,23,0,106582,1164674,0,0,1271256,0.000000,8.383992,91.616008,0.000000,0.000000,100.000000,0,0,152332,0,0,152332,0.000000,0.000000,100.000000,0.000000,0.000000,100.000000,,
KKvQQ,8,2,2,king,queen,3812256,617632,0,0,0,0,0,25,0,25,0,226870,3585386,0,0,3812256,0.000000,5.951069,94.048931,0.000000,0.000000,100.000000,0,0,617632,0,0,617632,0.000000,0.000000,100.000000,0.000000,0.000000,100.000000,,
KKvQQ,9,2,2,king,queen,9982440,2024680,0,0,0,0,0,29,0,29,0,433782,9548658,0,0,9982440,0.000000,4.345451,95.654549,0.000000,0.000000,100.000000,0,0,2024680,0,0,2024680,0.000000,0.000000,100.000000,0.000000,0.000000,100.000000,,
KKvQQ,10,2,2,king,queen,23527350,5678896,0,0,0,0,0,33,0,33,0,761918,22765432,0,0,23527350,0.000000,3.238435,96.761565,0.000000,0.000000,100.000000,0,0,5678896,0,0,5678896,0.000000,0.000000,100.000000,0.000000,0.000000,100.000000,,
KKvQQ,11,2,2,king,queen,50972460,na,0,0,na,na,0,35,0,na,0,1254606,49717854,0,0,50972460,0.000000,2.461341,97.538659,0.000000,0.000000,100.000000,na,na,na,na,na,na,na,na,na,na,na,na,,
KKvQQ,12,2,2,king,queen,103073256,na,0,0,na,na,0,39,0,na,0,1960950,101112306,0,0,103073256,0.000000,1.902482,98.097518,0.000000,0.000000,100.000000,na,na,na,na,na,na,na,na,na,na,na,na,,
KKvR,3,2,1,king,rook,252,16,0,1,0,1,3,0,3,0,252,0,0,252,0,0,100.000000,0.000000,0.000000,100.000000,0.000000,0.000000,16,0,0,16,0,0,100.000000,0.000000,0.000000,100.000000,0.000000,0.000000,"wKa1,wKb1,bRa3","wKa1,wKb1,bRc3"
KKvR,4,2,1,king,rook,1680,320,0,0,0,1,9,0,9,0,1660,20,0,948,732,0,98.809524,1.190476,0.000000,56.428571,43.571429,0.000000,320,0,0,320,0,0,100.000000,0.000000,0.000000,100.000000,0.000000,0.000000,"wKa1,wKb1,bRa4","wKa1,wKb1,bRc4"
KKvR,5,2,1,king,rook,6900,2106,0,0,0,0,1,0,0,0,2928,3972,0,18,6882,0,42.434783,57.565217,0.000000,0.260870,99.739130,0.000000,0,2106,0,0,2106,0,0.000000,100.000000,0.000000,0.000000,100.000000,0.000000,"wKa1,wKb1,bRc1",
KKvR,6,2,1,king,rook,21420,8512,0,0,0,0,1,0,0,0,6860,14560,0,16,21404,0,32.026144,67.973856,0.000000,0.074697,99.925303,0.000000,0,8512,0,0,8512,0,0.000000,100.000000,0.000000,0.000000,100.000000,0.000000,"wKa1,wKb1,bRc1",
KKvR,7,2,1,king,rook,55272,26000,0,0,0,0,1,0,0,0,13752,41520,0,16,55256,0,24.880591,75.119409,0.000000,0.028948,99.971052,0.000000,0,26000,0,0,26000,0,0.000000,100.000000,0.000000,0.000000,100.000000,0.000000,"wKa1,wKb1,bRc1",
KKvR,8,2,1,king,rook,124992,66096,0,0,0,0,1,0,0,0,24780,100212,0,16,124976,0,19.825269,80.174731,0.000000,0.012801,99.987199,0.000000,0,66096,0,0,66096,0,0.000000,100.000000,0.000000,0.000000,100.000000,0.000000,"wKa1,wKb1,bRc1",
KKvR,9,2,1,king,rook,255960,147490,0,0,0,0,1,0,0,0,41312,214648,0,16,255944,0,16.140022,83.859978,0.000000,0.006251,99.993749,0.000000,0,147490,0,0,147490,0,0.000000,100.000000,0.000000,0.000000,100.000000,0.000000,"wKa1,wKb1,bRc1",
KKvR,10,2,1,king,rook,485100,298496,0,0,0,0,1,0,0,0,64908,420192,0,16,485084,0,13.380334,86.619666,0.000000,0.003298,99.996702,0.000000,0,298496,0,0,298496,0,0.000000,100.000000,0.000000,0.000000,100.000000,0.000000,"wKa1,wKb1,bRc1",
KKvR,11,2,1,king,rook,863940,na,0,0,na,na,1,0,0,na,97320,766620,0,16,863924,0,11.264671,88.735329,0.000000,0.001852,99.998148,0.000000,na,na,na,na,na,na,na,na,na,na,na,na,"wKa1,wKb1,bRc1",
KKvR,12,2,1,king,rook,1462032,na,0,0,na,na,1,0,0,na,140492,1321540,0,16,1462016,0,9.609366,90.390634,0.000000,0.001094,99.998906,0.000000,na,na,na,na,na,na,na,na,na,na,na,na,"wKa1,wKb1,bRc1",
KKvR,3,2,1,king+king,rook,504,32,0,1,0,1,3,0,3,na,504,0,0,504,0,0,100.000000,0.000000,0.000000,100.000000,0.000000,0.000000,32,0,0,32,0,0,100.000000,0.000000,0.000000,100.000000,0.000000,0.000000,"wKa1,wKb1,bRa3","wKa1,wKb1,bRc3"
KKvR,4,2,1,king+king,rook,3360,640,0,0,0,1,9,0,9,na,3320,40,0,1896,1464,0,98.809524,1.190476,0.000000,56.428571,43.571429,0.000000,640,0,0,640,0,0,100.000000,0.000000,0.000000,100.000000,0.000000,0.000000,"wKa1,wKb1,bRa4","wKa1,wKb1,bRc4"
KKvR,5,2,1,king+king,rook,13800,4212,0,0,0,0,1,0,0,na,5856,7944,0,36,13764,0,42.434783,57.565217,0.000000,0.260870,99.739130,0.000000,0,4212,0,0,4212,0,0.000000,100.000000,0.000000,0.000000,100.000000,0.000000,"wKa1,wKb1,bRc1",
KKvR,6,2,1,king+king,rook,42840,17024,0,0,0,0,1,0,0,na,13720,29120,0,32,42808,0,32.026144,67.973856,0.000000,0.074697,99.925303,0.000000,0,17024,0,0,17024,0,0.000000,100.000000,0.000000,0.000000,100.000000,0.000000,"wKa1,wKb1,bRc1",
KKvR,7,2,1,king+king,rook,110544,52000,0,0,0,0,1,0,0,na,27504,83040,0,32,110512,0,24.880591,75.119409,0.000000,0.028948,99.971052,0.000000,0,52000,0,0,52000,0,0.000000,100.000000,0.000000,0.000000,100.000000,0.000000,"wKa1,wKb1,bRc1",
KKvR,8,2,1,king+king,rook,249984,132192,0,0,0,0,1,0,0,na,49560,200424,0,32,249952,0,19.825269,80.174731,0.000000,0.012801,99.987199,0.000000,0,132192,0,0,132192,0,0.000000,100.000000,0.000000,0.000000,100.000000,0.000000,"wKa1,wKb1,bRc1",
KKvR,9,2,1,king+king,rook,511920,294980,0,0,0,0,1,0,0,na,82624,429296,0,32,511888,0,16.140022,83.859978,0.000000,0.006251,99.993749,0.000000,0,294980,0,0,294980,0,0.000000,100.000000,0.000000,0.000000,100.000000,0.000000,"wKa1,wKb1,bRc1",
KKvR,10,2,1,king+king,rook,970200,596992,0,0,0,0,1,0,0,na,129816,840384,0,32,970168,0,13.380334,86.619666,0.000000,0.003298,99.996702,0.000000,0,596992,0,0,596992,0,0.000000,100.000000,0.000000,0.000000,100.000000,0.000000,"wKa1,wKb1,bRc1",
KKvR,11,2,1,king+king,rook,1727880,1119744,0,0,0,0,1,0,0,na,194640,1533240,0,32,1727848,0,11.264671,88.735329,0.000000,0.001852,99.998148,0.000000,0,1119744,0,0,1119744,0,0.000000,100.000000,0.000000,0.000000,100.000000,0.000000,"wKa1,wKb1,bRc1",
KKvR,12,2,1,king+king,rook,2924064,1976000,0,0,0,0,1,0,0,na,280984,2643080,0,32,2924032,0,9.609366,90.390634,0.000000,0.001094,99.998906,0.000000,0,1976000,0,0,1976000,0,0.000000,100.000000,0.000000,0.000000,100.000000,0.000000,"wKa1,wKb1,bRc1",
KKvRR,3,2,2,king,rook,756,0,0,0,na,na,9,7,0,0,754,2,0,370,110,276,99.735450,0.264550,0.000000,48.941799,14.550265,36.507937,0,0,0,0,0,0,0.000000,0.000000,0.000000,0.000000,0.000000,0.000000,"wKa1,wKc1,bRa3,bRc3",
KKvRR,4,2,2,king,rook,10920,364,0,0,0,0,13,15,0,15,5438,5382,100,56,4616,6248,49.798535,49.285714,0.915751,0.512821,42.271062,57.216117,0,362,2,2,338,24,0.000000,99.450549,0.549451,0.549451,92.857143,6.593407,"wKa1,wKc1,bRa2,bRd2",
KKvRR,5,2,2,king,rook,75900,6886,0,0,0,0,3,27,0,27,172,73086,2642,0,28300,47600,0.226614,96.292490,3.480896,0.000000,37.285903,62.714097,0,6452,434,0,5502,1384,0.000000,93.697357,6.302643,0.000000,79.901249,20.098751,"wKa1,wKc1,bRb1,bRb2",
KKvRR,6,2,2,king,rook,353430,55020,0,0,0,0,3,37,0,37,144,318186,35100,0,110722,242708,0.040744,90.028011,9.931245,0.000000,31.327844,68.672156,0,45252,9768,0,34426,20594,0.000000,82.246456,17.753544,0.000000,62.569975,37.430025,"wKa1,wKc1,bRb1,bRb2",
KKvRR,7,2,2,king,rook,1271256,278824,0,0,0,0,3,47,0,47,144,977438,293674,0,299736,971520,0.011327,76.887582,23.101091,0.000000,23.577942,76.422058,0,170000,108824,0,119622,159202,0.000000,60.970361,39.029639,0.000000,42.902333,57.097667,"wKa1,wKc1,bRb1,bRb2",
KKvRR,8,2,2,king,rook,3812256,1059820,0,0,0,0,3,41,0,41,144,2578950,1233162,0,748942,3063314,0.003777,67.648920,32.347303,0.000000,19.645638,80.354362,0,545632,514188,0,364914,694906,0.000000,51.483459,48.516541,0.000000,34.431696,65.568304,"wKa1,wKc1,bRb1,bRb2",
KKvRR,9,2,2,king,rook,9982440,3301134,0,0,0,0,3,39,0,39,144,5942824,4039472,0,1671038,8311402,0.001443,59.532780,40.465778,0.000000,16.739775,83.260225,0,1454810,1846324,0,932568,2368566,0.000000,44.070007,55.929993,0.000000,28.249929,71.750071,"wKa1,wKc1,bRb1,bRb2",
KKvRR,10,2,2,king,rook,23527350,8882356,0,0,0,0,3,41,0,41,144,12337042,11190164,0,3399886,20127464,0.000612,52.437023,47.562365,0.000000,14.450782,85.549218,0,3377808,5504548,0,2093778,6788578,0.000000,38.028289,61.971711,0.000000,23.572327,76.427673,"wKa1,wKc1,bRb1,bRb2",
KKvRR,11,2,2,king,rook,50972460,na,0,0,na,na,3,41,0,na,144,23614762,27357554,0,6429116,44543344,0.000283,46.328472,53.671245,0.000000,12.612921,87.387079,na,na,na,na,na,na,na,na,na,na,na,na,"wKa1,wKc1,bRb1,bRb2",
KKvRR,12,2,2,king,rook,103073256,na,0,0,na,na,3,43,0,na,144,42367498,60705614,0,11455790,91617466,0.000140,41.104259,58.895601,0.000000,11.114222,88.885778,na,na,na,na,na,na,na,na,na,na,na,na,"wKa1,wKc1,bRb1,bRb2",
KNK,3,2,1,shared,king,176,120,0,0,0,0,0,0,0,na,0,176,0,0,224,0,0.000000,100.000000,0.000000,0.000000,100.000000,0.000000,0,120,0,0,120,0,0.000000,100.000000,0.000000,0.000000,100.000000,0.000000,,
KNK,4,2,1,shared,king,1784,1208,0,0,0,0,0,0,0,na,0,1784,0,0,2184,0,0.000000,100.000000,0.000000,0.000000,100.000000,0.000000,0,1208,0,0,1208,0,0.000000,100.000000,0.000000,0.000000,100.000000,0.000000,,
KNK,5,2,1,shared,king,8888,6728,0,0,0,0,0,0,0,na,0,8888,0,0,10488,0,0.000000,100.000000,0.000000,0.000000,100.000000,0.000000,0,6728,0,0,6728,0,0.000000,100.000000,0.000000,0.000000,100.000000,0.000000,,
KNK,6,2,1,shared,king,30992,25392,0,0,0,0,0,0,0,na,0,30992,0,0,35360,0,0.000000,100.000000,0.000000,0.000000,100.000000,0.000000,0,25392,0,0,25392,0,0.000000,100.000000,0.000000,0.000000,100.000000,0.000000,,
KNK,7,2,1,shared,king,86264,74384,0,0,0,0,0,0,0,na,0,86264,0,0,95880,0,0.000000,100.000000,0.000000,0.000000,100.000000,0.000000,0,74384,0,0,74384,0,0.000000,100.000000,0.000000,0.000000,100.000000,0.000000,,
KNK,8,2,1,shared,king,205496,183320,0,0,0,0,0,0,0,na,0,205496,0,0,223944,0,0.000000,100.000000,0.000000,0.000000,100.000000,0.000000,0,183320,0,0,183320,0,0.000000,100.000000,0.000000,0.000000,100.000000,0.000000,,
KNK,9,2,1,shared,king,436784,398928,0,0,0,0,0,0,0,na,0,436784,0,0,468944,0,0.000000,100.000000,0.000000,0.000000,100.000000,0.000000,0,398928,0,0,398928,0,0.000000,100.000000,0.000000,0.000000,100.000000,0.000000,,
KNK,10,2,1,shared,king,850928,790448,0,0,0,0,0,0,0,na,0,850928,0,0,903168,0,0.000000,100.000000,0.000000,0.000000,100.000000,0.000000,0,790448,0,0,790448,0,0.000000,100.000000,0.000000,0.000000,100.000000,0.000000,,
KNK,11,2,1,shared,king,1547552,1455752,0,0,0,0,0,0,0,na,0,1547552,0,0,1627920,0,0.000000,100.000000,0.000000,0.000000,100.000000,0.000000,0,1455752,0,0,1455752,0,0.000000,100.000000,0.000000,0.000000,100.000000,0.000000,,
KNK,12,2,1,shared,king,2661944,2528184,0,0,0,0,0,0,0,na,0,2661944,0,0,2780360,0,0.000000,100.000000,0.000000,0.000000,100.000000,0.000000,0,2528184,0,0,2528184,0,0.000000,100.000000,0.000000,0.000000,100.000000,0.000000,,
KNK-capture,3,2,1,shared,king,176,120,0,0,0,0,7,0,7,na,136,40,0,112,112,0,77.272727,22.727273,0.000000,50.000000,50.000000,0.000000,80,40,0,80,40,0,66.666667,33.333333,0.000000,66.666667,33.333333,0.000000,"wKa1,wNc2,bKc3","wKb1,wNa2,bKb3"
KNK-capture,4,2,1,shared,king,1784,1208,0,0,0,0,23,0,19,na,1764,20,0,1512,672,0,98.878924,1.121076,0.000000,69.230769,30.769231,0.000000,1200,8,0,1152,56,0,99.337748,0.662252,0.000000,95.364238,4.635762,0.000000,"wKa1,wNd2,bKc2","wKa1,wNb2,bKc2"
KNK-capture,5,2,1,shared,king,8888,6728,0,0,0,0,33,0,33,na,8792,96,0,7932,2556,0,98.919892,1.080108,0.000000,75.629291,24.370709,0.000000,6700,28,0,6484,244,0,99.583829,0.416171,0.000000,96.373365,3.626635,0.000000,"wKa1,wNe2,bKc2","wKa1,wNe2,bKc2"
KNK-capture,6,2,1,shared,king,30992,25392,0,0,0,0,65,0,65,na,30824,168,0,28984,6376,0,99.457925,0.542075,0.000000,81.968326,18.031674,0.000000,25328,64,0,24824,568,0,99.747952,0.252048,0.000000,97.763075,2.236925,0.000000,"wKa1,wNf1,bKc2","wKa1,wNf1,bKc2"
KNK-capture,7,2,1,shared,king,86264,74384,0,0,0,0,29,0,29,na,3180,83084,0,604,95276,0,3.686358,96.313642,0.000000,0.629954,99.370046,0.000000,2924,71460,0,580,73804,0,3.930953,96.069047,0.000000,0.779738,99.220262,0.000000,"wKc1,wNg2,bKa1","wKc1,wNg2,bKa1"
KNK-capture,8,2,1,shared,king,205496,183320,0,0,0,0,27,0,27,na,2844,202652,0,512,223432,0,1.383969,98.616031,0.000000,0.228629,99.771371,0.000000,2640,180680,0,504,182816,0,1.440105,98.559895,0.000000,0.274929,99.725071,0.000000,"wKd1,wNb3,bKb1","wKd1,wNb3,bKb1"
KNK-capture,9,2,1,shared,king,436784,398928,0,0,0,0,27,0,27,na,2884,433900,0,512,468432,0,0.660281,99.339719,0.000000,0.109181,99.890819,0.000000,2680,396248,0,504,398424,0,0.671800,99.328200,0.000000,0.126339,99.873661,0.000000,"wKd1,wNb3,bKb1","wKd1,wNb3,bKb1"
KNK-capture,10,2,1,shared,king,850928,790448,0,0,0,0,27,0,27,na,2900,848028,0,512,902656,0,0.340804,99.659196,0.000000,0.056689,99.943311,0.000000,2696,787752,0,504,789944,0,0.341072,99.658928,0.000000,0.063761,99.936239,0.000000,"wKd1,wNb3,bKb1","wKd1,wNb3,bKb1"
KNK-capture,11,2,1,shared,king,1547552,1455752,0,0,0,0,27,0,27,na,2900,1544652,0,512,1627408,0,0.187393,99.812607,0.000000,0.031451,99.968549,0.000000,2696,1453056,0,504,1455248,0,0.185196,99.814804,0.000000,0.034621,99.965379,0.000000,"wKd1,wNb3,bKb1","wKe1,wNc5,bKb1"
KNK-capture,12,2,1,shared,king,2661944,2528184,0,0,0,0,27,0,27,na,2900,2659044,0,512,2779848,0,0.108943,99.891057,0.000000,0.018415,99.981585,0.000000,2696,2525488,0,504,2527680,0,0.106638,99.893362,0.000000,0.019935,99.980065,0.000000,"wKd1,wNb3,bKb1","wKd1,wNb3,bKb1"
KNNK,3,3,1,shared,king,400,248,0,0,0,0,1,0,1,na,16,384,0,36,636,0,4.000000,96.000000,0.000000,5.357143,94.642857,0.000000,16,232,0,0,248,0,6.451613,93.548387,0.000000,0.000000,100.000000,0.000000,"wKa1,wNa3,wNc3,bKc1","wKa1,wNa3,wNc3,bKc1"
KNNK,4,3,1,shared,king,9348,5720,0,0,0,0,1,0,1,na,120,9228,0,56,14140,0,1.283697,98.716303,0.000000,0.394477,99.605523,0.000000,120,5600,0,0,5720,0,2.097902,97.902098,0.000000,0.000000,100.000000,0.000000,"wKb1,wNa2,wNb3,bKd1","wKb1,wNa2,wNb3,bKd1"
KNNK,5,3,1,shared,king,82628,54612,0,0,0,0,1,0,1,na,304,82324,0,72,115296,0,0.367914,99.632086,0.000000,0.062409,99.937591,0.000000,288,54324,0,0,54612,0,0.527357,99.472643,0.000000,0.000000,100.000000,0.000000,"wKa1,wNd2,wNe3,bKc1","wKa1,wNe3,wNd4,bKc1"
KNNK,6,3,1,shared,king,447832,322484,0,0,0,0,1,0,1,na,408,447424,0,88,583352,0,0.091106,99.908894,0.000000,0.015083,99.984917,0.000000,376,322108,0,0,322484,0,0.116595,99.883405,0.000000,0.000000,100.000000,0.000000,"wKa1,wNd2,wNe3,bKc1","wKb2,wNb1,wNf3,bKd1"
KNNK,7,3,1,shared,king,1784340,1377068,0,0,0,0,1,0,1,na,512,1783828,0,104,2205136,0,0.028694,99.971306,0.000000,0.004716,99.995284,0.000000,464,1376604,0,0,1377068,0,0.033695,99.966305,0.000000,0.000000,100.000000,0.000000,"wKa1,wNd2,wNe3,bKc1","wKc1,wNe1,wNc3,bKa1"
KNNK,8,3,1,shared,king,5749652,4674552,0,0,0,0,1,0,1,na,616,5749036,0,120,6830172,0,0.010714,99.989286,0.000000,0.001757,99.998243,0.000000,552,4674000,0,0,4674552,0,0.011809,99.988191,0.000000,0.000000,100.000000,0.000000,"wKa1,wNd2,wNe3,bKc1","wKa1,wNe3,wNd4,bKc1"
KNNK,9,3,1,shared,king,15862828,13407020,0,0,0,0,1,0,1,na,720,15862108,0,136,18288680,0,0.004539,99.995461,0.000000,0.000744,99.999256,0.000000,640,13406380,0,0,13407020,0,0.004774,99.995226,0.000000,0.000000,100.000000,0.000000,"wKa1,wNd2,wNe3,bKc1","wKe1,wNf2,wNa3,bKc1"
KNNK,10,3,1,shared,king,38876088,33832292,0,0,0,0,1,0,1,na,824,38875264,0,152,43803496,0,0.002120,99.997880,0.000000,0.000347,99.999653,0.000000,728,33831564,0,0,33832292,0,0.002152,99.997848,0.000000,0.000000,100.000000,0.000000,"wKa1,wNd2,wNe3,bKc1","wKa1,wNe3,wNd4,bKc1"
KNNK,11,3,1,shared,king,86785772,77237364,0,0,0,0,1,0,1,na,928,86784844,0,168,96047112,0,0.001069,99.998931,0.000000,0.000175,99.999825,0.000000,816,77236548,0,0,77237364,0,0.001056,99.998944,0.000000,0.000000,100.000000,0.000000,"wKa1,wNd2,wNe3,bKc1","wKa1,wNe3,wNd4,bKc1"
KNNK,12,3,1,shared,king,179654020,162706808,0,0,0,0,1,0,1,na,1032,179652988,0,184,196015196,0,0.000574,99.999426,0.000000,0.000094,99.999906,0.000000,904,162705904,0,0,162706808,0,0.000556,99.999444,0.000000,0.000000,100.000000,0.000000,"wKa1,wNd2,wNe3,bKc1","wKd1,wNc2,wNh3,bKf1"
KNNK-capture,3,3,1,shared,king,400,248,0,0,0,0,7,0,7,na,392,8,0,568,104,0,98.000000,2.000000,0.000000,84.523810,15.476190,0.000000,240,8,0,240,8,0,96.774194,3.225806,0.000000,96.774194,3.225806,0.000000,"wKa1,wNb2,wNc2,bKc3","wKb1,wNa2,wNb2,bKb3"
KNNK-capture,4,3,1,shared,king,9348,5720,0,0,0,1,15,0,11,na,9348,0,0,14076,120,0,100.000000,0.000000,0.000000,99.154691,0.845309,0.000000,5720,0,0,5720,0,0,100.000000,0.000000,0.000000,100.000000,0.000000,0.000000,"wKa1,wNb3,wNc3,bKc2","wKa1,wNb1,wNa2,bKc2"
KNNK-capture,5,3,1,shared,king,82628,54612,0,0,0,1,25,0,19,na,82628,0,0,114744,624,0,100.000000,0.000000,0.000000,99.459122,0.540878,0.000000,54612,0,0,54612,0,0,100.000000,0.000000,0.000000,100.000000,0.000000,0.000000,"wKa1,wNb3,wNc3,bKc2","wKa1,wNa2,wNc5,bKc2"
KNNK-capture,6,3,1,shared,king,447832,322484,0,0,0,1,57,0,47,na,447832,0,0,582248,1192,0,100.000000,0.000000,0.000000,99.795695,0.204305,0.000000,322484,0,0,322484,0,0,100.000000,0.000000,0.000000,100.000000,0.000000,0.000000,"wKa1,wNc3,wNd3,bKc2","wKa1,wNb2,wNf6,bKd4"
KNNK-capture,7,3,1,shared,king,1784340,1377068,0,0,0,0,43,0,39,na,1768732,15608,0,1714764,490476,0,99.125279,0.874721,0.000000,77.758611,22.241389,0.000000,1375988,1080,0,1360388,16680,0,99.921573,0.078427,0.000000,98.788731,1.211269,0.000000,"wKa1,wNg1,wNf6,bKe5","wKa1,wNg1,wNa7,bKd4"
KNNK-capture,8,3,1,shared,king,5749652,4674552,0,0,0,0,51,0,49,na,5713976,35676,0,5557748,1272544,0,99.379510,0.620490,0.000000,81.369113,18.630887,0.000000,4670012,4540,0,4624148,50404,0,99.902878,0.097122,0.000000,98.921736,1.078264,0.000000,"wKa1,wNh1,wNh7,bKg6","wKa1,wNh1,wNh8,bKe3"
KNNK-capture,9,3,1,shared,king,15862828,13407020,0,0,0,0,61,0,59,na,15795232,67596,0,15452168,2836648,0,99.573872,0.426128,0.000000,84.489712,15.510288,0.000000,13396236,10784,0,13299012,108008,0,99.919565,0.080435,0.000000,99.194392,0.805608,0.000000,"wKa1,wNi2,wNi9,bKh3","wKa1,wNb1,wNi1,bKf2"
KNNK-capture,10,3,1,shared,king,38876088,33832292,0,0,0,0,75,0,75,na,38761084,115004,0,38103128,5700520,0,99.704178,0.295822,0.000000,86.986198,13.013802,0.000000,33811736,20556,0,33635640,196652,0,99.939241,0.060759,0.000000,99.418745,0.581255,0.000000,"wKa1,wNj1,wNj10,bKh7","wKa1,wNj1,wNj10,bKh7"
KNNK-capture,11,3,1,shared,king,86785772,77237364,0,0,0,0,91,0,91,na,86603904,181868,0,85449056,10598224,0,99.790440,0.209560,0.000000,88.965618,11.034382,0.000000,77202612,34752,0,76912956,324408,0,99.955006,0.044994,0.000000,99.579986,0.420014,0.000000,"wKa1,wNk1,wNa11,bKc1","wKa1,wNk1,wNa11,bKc1"
KNNK-capture,12,3,1,shared,king,179654020,162706808,0,0,0,0,111,0,111,na,179381448,272572,0,177480596,18534784,0,99.848279,0.151721,0.000000,90.544220,9.455780,0.000000,162652460,54348,0,162206636,500172,0,99.966598,0.033402,0.000000,99.692593,0.307407,0.000000,"wKa1,wNj1,wNl12,bKc1","wKa1,wNa3,wNl12,bKj9"
KNNNK,3,4,1,shared,king,480,312,0,0,0,0,1,0,1,na,64,416,0,204,916,0,13.333333,86.666667,0.000000,18.214286,81.785714,0.000000,64,248,0,0,312,0,20.512821,79.487179,0.000000,0.000000,100.000000,0.000000,"wKa1,wNb1,wNa3,wNc3,bKc1","wKa1,wNb1,wNa3,wNc3,bKc1"
KNNNK,4,4,1,shared,king,29688,17720,0,0,0,0,19,0,17,na,26684,3004,0,28516,28268,0,89.881434,10.118566,0.000000,50.218371,49.781629,0.000000,17396,324,0,13220,4500,0,98.171558,1.828442,0.000000,74.604966,25.395034,0.000000,"wKa1,wNc1,wNa4,wNc4,bKc2","wKa1,wNd1,wNb2,wNc3,bKd4"
KNNNK,5,4,1,shared,king,487276,301112,0,0,0,0,19,0,19,na,464060,23216,0,479924,327652,0,95.235554,4.764446,0.000000,59.427719,40.572281,0.000000,300936,176,0,280460,20652,0,99.941550,0.058450,0.000000,93.141422,6.858578,0.000000,"wKa1,wNb1,wNe2,wNe3,bKe1","wKa1,wNd2,wNe2,wNc4,bKc2"
KNNNK,6,4,1,shared,king,4179528,2771968,0,0,0,0,31,0,27,na,4058156,121372,0,4066352,2157008,0,97.096036,2.903964,0.000000,65.340138,34.659862,0.000000,2771552,416,0,2684916,87052,0,99.984993,0.015007,0.000000,96.859560,3.140440,0.000000,"wKa1,wNe1,wNa4,wNf6,bKd2","wKa1,wNf1,wNa4,wNe6,bKd3"
KNNNK,7,4,1,shared,king,24060300,17115200,0,0,0,0,35,0,33,na,23605308,454992,0,23325044,9753556,0,98.108951,1.891049,0.000000,70.514000,29.486000,0.000000,17105532,9668,0,16762340,352860,0,99.943512,0.056488,0.000000,97.938324,2.061676,0.000000,"wKa1,wNb1,wNa2,wNf6,bKe5","wKb2,wNg1,wNa6,wNf6,bKe3"
KNNNK,8,4,1,shared,king,105459256,79595552,0,0,0,0,41,0,41,na,104116284,1342972,0,102442800,34163040,0,98.726549,1.273451,0.000000,74.991523,25.008477,0.000000,79526624,68928,0,78361508,1234044,0,99.913402,0.086598,0.000000,98.449607,1.550393,0.000000,"wKa1,wNb1,wNg1,wNa2,bKf2","wKb1,wNa1,wNh1,wNh8,bKf5"
KNNNK,9,4,1,shared,king,379056708,300017056,0,0,0,0,49,0,47,na,375731528,3325180,0,369779272,99633672,0,99.122775,0.877225,0.000000,78.774835,21.225165,0.000000,299763648,253408,0,296552040,3465016,0,99.915535,0.084465,0.000000,98.845060,1.154940,0.000000,"wKa1,wNb1,wNh1,wNa2,bKg2","wKe1,wNb1,wNa2,wNa9,bKb6"
KNNNK,10,4,1,shared,king,1171669896,962870912,0,0,0,0,57,0,57,na,1164446876,7223020,0,1148012624,253704112,0,99.383528,0.616472,0.000000,81.900472,18.099528,0.000000,962193560,677352,0,954689932,8180980,0,99.929653,0.070347,0.000000,99.150355,0.849645,0.000000,"wKa1,wNb1,wNi1,wNa2,bKh2","wKa1,wNb1,wNa2,wNj10,bKg7"
KNNNK,11,4,1,shared,king,3216652468,2723294168,0,0,0,0,65,0,65,na,3202419096,14233372,0,3163611832,582232088,0,99.557510,0.442490,0.000000,84.456584,15.543416,0.000000,2721781856,1512312,0,2706232320,17061848,0,99.944468,0.055532,0.000000,99.373485,0.626515,0.000000,"wKa1,wNb1,wNj1,wNa2,bKi2","wKa1,wNb1,wNa2,wNk10,bKi8"
KNNNK,12,4,1,shared,king,8024981880,6957573280,0,0,0,0,71,0,71,na,7998968276,26013604,0,7916812776,1230571624,0,99.675842,0.324158,0.000000,86.547284,13.452716,0.000000,6954579768,2993512,0,6925133324,32439956,0,99.956975,0.043025,0.000000,99.533746,0.466254,0.000000,"wKa1,wNb1,wNi1,wNa2,bKh2","wKc1,wNa1,wNj1,wNl12,bKi10"
KNNNK-capture,3,4,1,shared,king,480,312,0,0,0,1,7,0,5,na,480,0,0,1096,24,0,100.000000,0.000000,0.000000,97.857143,2.142857,0.000000,312,0,0,312,0,0,100.000000,0.000000,0.000000,100.000000,0.000000,0.000000,"wKa1,wNb2,wNc2,wNb3,bKc3","wKa1,wNc1,wNa2,wNb2,bKc2"
KNNNK-capture,4,4,1,shared,king,29688,17720,0,1,0,1,9,0,7,na,29688,0,0,56784,0,0,100.000000,0.000000,0.000000,100.000000,0.000000,0.000000,17720,0,0,17720,0,0,100.000000,0.000000,0.000000,100.000000,0.000000,0.000000,"wKa1,wNc1,wNd1,wNa4,bKc2","wKa1,wNb1,wNd2,wNc3,bKc1"
KNNNK-capture,5,4,1,shared,king,487276,301112,0,1,0,1,17,0,11,na,487276,0,0,807576,0,0,100.000000,0.000000,0.000000,100.000000,0.000000,0.000000,301112,0,0,301112,0,0,100.000000,0.000000,0.000000,100.000000,0.000000,0.000000,"wKa1,wNd4,wNe4,wNe5,bKe3","wKa1,wNb1,wNd2,wNe2,bKc2"
KNNNK-capture,6,4,1,shared,king,4179528,2771968,0,1,0,1,25,0,17,na,4179528,0,0,6223360,0,0,100.000000,0.000000,0.000000,100.000000,0.000000,0.000000,2771968,0,0,2771968,0,0,100.000000,0.000000,0.000000,100.000000,0.000000,0.000000,"wKa1,wNe5,wNf5,wNf6,bKf4","wKa1,wNf1,wNa2,wNf2,bKc2"
KNNNK-capture,7,4,1,shared,king,24060300,17115200,0,0,0,1,35,0,27,na,24060300,0,0,32996308,82292,0,100.000000,0.000000,0.000000,99.751223,0.248777,0.000000,17115200,0,0,17115200,0,0,100.000000,0.000000,0.000000,100.000000,0.000000,0.000000,"wKa1,wNc2,wNe4,wNg6,bKd3","wKa1,wNb1,wNa2,wNg7,bKe5"
KNNNK-capture,8,4,1,shared,king,105459256,79595552,0,0,0,1,45,0,37,na,105459256,0,0,136405384,200456,0,100.000000,0.000000,0.000000,99.853260,0.146740,0.000000,79595552,0,0,79595552,0,0,100.000000,0.000000,0.000000,100.000000,0.000000,0.000000,"wKa1,wNc1,wNd1,wNh7,bKc2","wKa1,wNb1,wNb2,wNh8,bKf6"
KNNNK-capture,9,4,1,shared,king,379056708,300017056,0,0,0,1,55,0,47,na,379056708,0,0,469019944,393000,0,100.000000,0.000000,0.000000,99.916278,0.083722,0.000000,300017056,0,0,300017056,0,0,100.000000,0.000000,0.000000,100.000000,0.000000,0.000000,"wKa1,wNd2,wNe2,wNi9,bKd1","wKc1,wNa1,wNe1,wNa9,bKc7"
KNNNK-capture,10,4,1,shared,king,1171669896,962870912,0,0,0,1,69,0,61,na,1171669896,0,0,1401033840,682896,0,100.000000,0.000000,0.000000,99.951281,0.048719,0.000000,962870912,0,0,962870912,0,0,100.000000,0.000000,0.000000,100.000000,0.000000,0.000000,"wKa1,wNe1,wNe2,wNj10,bKd1","wKa1,wNb1,wNj1,wNa2,bKh3"
KNNNK-capture,11,4,1,shared,king,3216652468,2723294168,0,0,0,1,87,0,79,na,3216652468,0,0,3744748352,1095568,0,100.000000,0.000000,0.000000,99.970752,0.029248,0.000000,2723294168,0,0,2723294168,0,0,100.000000,0.000000,0.000000,100.000000,0.000000,0.000000,"wKa1,wNk1,wNc2,wNd2,bKc1","wKa1,wNb1,wNk1,wNa2,bKi3"
KNNNK-capture,12,4,1,shared,king,8024981880,6957573280,0,0,0,1,109,0,101,na,8024981880,0,0,9145725264,1659136,0,100.000000,0.000000,0.000000,99.981862,0.018138,0.000000,6957573280,0,0,6957573280,0,0,100.000000,0.000000,0.000000,100.000000,0.000000,0.000000,"wKa1,wNc1,wNd1,wNl11,bKc2","wKa1,wNc1,wNb2,wNl12,bKj10"
KNvB,3,2,1,king+knight,bishop,504,100,0,0,0,1,5,9,5,na,504,0,0,400,40,64,100.000000,0.000000,0.000000,79.365079,7.936508,12.698413,100,0,0,100,0,0,100.000000,0.000000,0.000000,100.000000,0.000000,0.000000,"wKb1,wNb2,bBb3","wKb1,wNb2,bBb3"
KNvB,4,2,1,king+knight,bishop,3360,1104,0,0,0,1,7,3,7,na,3360,0,0,2412,900,48,100.000000,0.000000,0.000000,71.785714,26.785714,1.428571,1104,0,0,1104,0,0,100.000000,0.000000,0.000000,100.000000,0.000000,0.000000,"wKa1,wNb1,bBb3","wKa1,wNb1,bBb3"
KNvB,5,2,1,king+knight,bishop,13800,5944,0,0,0,0,13,3,13,na,13788,12,0,9912,3784,104,99.913043,0.086957,0.000000,71.826087,27.420290,0.753623,5944,0,0,5920,24,0,100.000000,0.000000,0.000000,99.596231,0.403769,0.000000,"wKa1,wNc3,bBc1","wKa1,wNc3,bBc1"
KNvB,6,2,1,king+knight,bishop,42840,21936,0,0,0,0,19,3,19,na,16604,26236,0,804,41868,168,38.758170,61.241830,0.000000,1.876751,97.731092,0.392157,2656,19280,0,456,21480,0,12.107950,87.892050,0.000000,2.078775,97.921225,0.000000,"wKc1,wNc2,bBf2","wKc1,wNc2,bBf2"
KNvB,7,2,1,king+knight,bishop,110544,63700,0,0,0,0,5,3,5,na,25392,85152,0,176,110128,240,22.970039,77.029961,0.000000,0.159213,99.623679,0.217108,616,63084,0,16,63684,0,0.967033,99.032967,0.000000,0.025118,99.974882,0.000000,"wKd1,wNa1,bBb1","wKd1,wNa1,bBb1"
KNvB,8,2,1,king+knight,bishop,249984,156792,0,0,0,0,5,3,5,na,45408,204576,0,156,249508,320,18.164363,81.835637,0.000000,0.062404,99.809588,0.128008,496,156296,0,0,156792,0,0.316343,99.683657,0.000000,0.000000,100.000000,0.000000,"wKd1,wNa1,bBb1","wKd1,wNa1,bBb1"
KNvB,9,2,1,king+knight,bishop,511920,342072,0,0,0,0,5,3,5,na,76056,435864,0,156,511356,408,14.857009,85.142991,0.000000,0.030474,99.889827,0.079700,496,341576,0,0,342072,0,0.144999,99.855001,0.000000,0.000000,100.000000,0.000000,"wKd1,wNa1,bBb1","wKd1,wNa1,bBb1"
KNvB,10,2,1,king+knight,bishop,970200,680776,0,0,0,0,5,3,5,na,120192,850008,0,156,969540,504,12.388374,87.611626,0.000000,0.016079,99.931973,0.051948,496,680280,0,0,680776,0,0.072858,99.927142,0.000000,0.000000,100.000000,0.000000,"wKd1,wNa1,bBb1","wKd1,wNa1,bBb1"
KNvB,11,2,1,king+knight,bishop,1727880,1260324,0,0,0,0,5,3,5,na,181248,1546632,0,156,1727116,608,10.489617,89.510383,0.000000,0.009028,99.955784,0.035188,496,1259828,0,0,1260324,0,0.039355,99.960645,0.000000,0.000000,100.000000,0.000000,"wKd1,wNa1,bBb1","wKd1,wNa1,bBb1"
KNvB,12,2,1,king+knight,bishop,2924064,2200832,0,0,0,0,5,3,5,na,263040,2661024,0,156,2923188,720,8.995699,91.004301,0.000000,0.005335,99.970042,0.024623,496,2200336,0,0,2200832,0,0.022537,99.977463,0.000000,0.000000,100.000000,0.000000,"wKd1,wNa1,bBb1","wKd1,wNa1,bBb1"
KNvK,3,2,1,king+knight,king,504,56,0,0,0,0,9,5,7,na,464,40,0,144,168,192,92.063492,7.936508,0.000000,28.571429,33.333333,38.095238,48,8,0,56,0,0,85.714286,14.285714,0.000000,100.000000,0.000000,0.000000,"wKa1,wNc2,bKc3","wKb1,wNa1,bKa3"
KNvK,4,2,1,king+knight,king,3360,1016,0,0,0,0,19,9,15,na,3340,20,0,1688,1396,276,99.404762,0.595238,0.000000,50.238095,41.547619,8.214286,1008,8,0,968,48,0,99.212598,0.787402,0.000000,95.275591,4.724409,0.000000,"wKa1,wNd2,bKc2","wKb1,wNc1,bKc3"
KNvK,5,2,1,king+knight,king,13800,6344,0,0,0,0,25,3,23,na,13704,96,0,8348,5392,60,99.304348,0.695652,0.000000,60.492754,39.072464,0.434783,6316,28,0,6108,236,0,99.558638,0.441362,0.000000,96.279950,3.720050,0.000000,"wKa1,wNe4,bKd3","wKa1,wNe1,bKc1"
KNvK,6,2,1,king+knight,king,42840,24752,0,0,0,0,35,3,35,na,42672,168,0,29736,13044,60,99.607843,0.392157,0.000000,69.411765,30.448179,0.140056,24688,64,0,24184,568,0,99.741435,0.258565,0.000000,97.705236,2.294764,0.000000,"wKa1,wNf6,bKc3","wKa1,wNf6,bKc3"
KNvK,7,2,1,king+knight,king,110544,73424,0,0,0,0,43,3,43,na,110292,252,0,83972,26512,60,99.772036,0.227964,0.000000,75.962513,23.983210,0.054277,73308,116,0,72484,940,0,99.842014,0.157986,0.000000,98.719765,1.280235,0.000000,"wKa1,wNb1,bKb3","wKa1,wNb1,bKb3"
KNvK,8,2,1,king+knight,king,249984,181976,0,0,0,0,55,3,55,na,249612,372,0,201668,48256,60,99.851190,0.148810,0.000000,80.672363,19.303635,0.024002,181800,176,0,180556,1420,0,99.903284,0.096716,0.000000,99.219677,0.780323,0.000000,"wKa1,wNb1,bKb3","wKa1,wNb1,bKb3"
KNvK,9,2,1,king+knight,king,511920,397136,0,0,0,0,67,3,67,na,511412,508,0,430932,80928,60,99.900766,0.099234,0.000000,84.179559,15.808720,0.011721,396892,244,0,395172,1964,0,99.938560,0.061440,0.000000,99.505459,0.494541,0.000000,"wKa1,wNb1,bKb3","wKa1,wNb1,bKb3"
KNvK,10,2,1,king+knight,king,970200,788144,0,0,0,0,99,3,99,na,969540,660,0,842492,127648,60,99.931973,0.068027,0.000000,86.836941,13.156875,0.006184,787824,320,0,785572,2572,0,99.959398,0.040602,0.000000,99.673664,0.326336,0.000000,"wKa1,wNb1,bKb3","wKa1,wNb1,bKb3"
KNvK,11,2,1,king+knight,king,1727880,1452872,0,0,0,0,135,3,135,na,1727052,828,0,1535900,191920,60,99.952080,0.047920,0.000000,88.889275,11.107253,0.003472,1452468,404,0,1449628,3244,0,99.972193,0.027807,0.000000,99.776718,0.223282,0.000000,"wKa1,wNk9,bKc1","wKa1,wNk9,bKc1"
KNvK,12,2,1,king+knight,king,2924064,2524664,0,0,0,0,37,3,37,na,288300,2635764,0,7560,2916444,60,9.859565,90.140435,0.000000,0.258544,99.739404,0.002052,24772,2499892,0,6608,2518056,0,0.981200,99.018800,0.000000,0.261738,99.738262,0.000000,"wKc1,wNa8,bKa2","wKc1,wNa8,bKa2"
KNvN,3,2,1,king+knight,knight,504,80,0,0,0,0,7,0,7,na,500,4,0,344,160,0,99.206349,0.793651,0.000000,68.253968,31.746032,0.000000,76,4,0,80,0,0,95.000000,5.000000,0.000000,100.000000,0.000000,0.000000,"wKa1,wNb2,bNc1","wKa1,wNb2,bNc1"
KNvN,4,2,1,king+knight,knight,3360,1216,0,0,0,1,9,3,9,na,3360,0,0,2592,760,8,100.000000,0.000000,0.000000,77.142857,22.619048,0.238095,1216,0,0,1216,0,0,100.000000,0.000000,0.000000,100.000000,0.000000,0.000000,"wKa1,wNb1,bNc1","wKa1,wNb1,bNc1"
KNvN,5,2,1,king+knight,knight,13800,7008,0,0,0,1,13,3,13,na,13800,0,0,10640,3144,16,100.000000,0.000000,0.000000,77.101449,22.782609,0.115942,7008,0,0,7008,0,0,100.000000,0.000000,0.000000,100.000000,0.000000,0.000000,"wKa1,wNe1,bNd2","wKa1,wNe1,bNd2"
KNvN,6,2,1,king+knight,knight,42840,26216,0,0,0,1,21,3,21,na,42840,0,0,34328,8480,32,100.000000,0.000000,0.000000,80.130719,19.794585,0.074697,26216,0,0,26216,0,0,100.000000,0.000000,0.000000,100.000000,0.000000,0.000000,"wKa1,wNb2,bNc3","wKa1,wNb2,bNc3"
KNvN,7,2,1,king+knight,knight,110544,76096,0,0,0,1,39,3,39,na,110544,0,0,91768,18744,32,100.000000,0.000000,0.000000,83.014908,16.956144,0.028948,76096,0,0,76096,0,0,100.000000,0.000000,0.000000,100.000000,0.000000,0.000000,"wKa1,wNb1,bNc4","wKa1,wNb1,bNc4"
KNvN,8,2,1,king+knight,knight,249984,186336,0,0,0,0,9,3,9,na,53388,196596,0,1772,248180,32,21.356567,78.643433,0.000000,0.708845,99.278354,0.012801,7444,178892,0,1124,185212,0,3.994934,96.005066,0.000000,0.603211,99.396789,0.000000,"wKc3,wNh3,bNd1","wKd3,wNh3,bNd1"
KNvN,9,2,1,king+knight,knight,511920,403736,0,0,0,0,9,3,9,na,85604,426316,0,2016,509872,32,16.722144,83.277856,0.000000,0.393812,99.599937,0.006251,8820,394916,0,1288,402448,0,2.184596,97.815404,0.000000,0.319020,99.680980,0.000000,"wKc3,wNh3,bNd1","wKd3,wNh3,bNd1"
KNvN,10,2,1,king+knight,knight,970200,797608,0,0,0,0,9,3,9,na,131252,838948,0,2268,967900,32,13.528345,86.471655,0.000000,0.233766,99.762935,0.003298,10156,787452,0,1452,796156,0,1.273307,98.726693,0.000000,0.182044,99.817956,0.000000,"wKc3,wNh3,bNd1","wKd3,wNh3,bNd1"
KNvN,11,2,1,king+knight,knight,1727880,1465896,0,0,0,0,9,3,9,na,193940,1533940,0,2544,1725304,32,11.224159,88.775841,0.000000,0.147232,99.850916,0.001852,11596,1454300,0,1632,1464264,0,0.791052,99.208948,0.000000,0.111331,99.888669,0.000000,"wKc3,wNh3,bNd1","wKd3,wNh3,bNd1"
KNvN,12,2,1,king+knight,knight,2924064,2542016,0,0,0,0,9,3,9,na,277476,2646588,0,2844,2921188,32,9.489396,90.510604,0.000000,0.097262,99.901644,0.001094,13132,2528884,0,1828,2540188,0,0.516598,99.483402,0.000000,0.071911,99.928089,0.000000,"wKc3,wNh3,bNd1","wKd3,wNh3,bNd1"
KNvQ,3,2,1,king+knight,queen,504,0,0,0,na,na,1,19,0,na,328,32,144,0,56,448,65.079365,6.349206,28.571429,0.000000,11.111111,88.888889,0,0,0,0,0,0,0.000000,0.000000,0.000000,0.000000,0.000000,0.000000,"wKa1,wNb1,bQa2",
KNvQ,4,2,1,king+knight,queen,3360,200,0,0,0,0,1,25,0,na,1576,1396,388,0,468,2892,46.904762,41.547619,11.547619,0.000000,13.928571,86.071429,0,192,8,0,88,112,0.000000,96.000000,4.000000,0.000000,44.000000,56.000000,"wKa1,wNb1,bQa2",
KNvQ,5,2,1,king+knight,queen,13800,1944,0,0,0,0,1,29,0,na,4912,6816,2072,0,2360,11440,35.594203,49.391304,15.014493,0.000000,17.101449,82.898551,0,1744,200,0,960,984,0.000000,89.711934,10.288066,0.000000,49.382716,50.617284,"wKa1,wNb1,bQa2",
KNvQ,6,2,1,king+knight,queen,42840,9448,0,0,0,0,1,31,0,na,11848,21928,9064,0,7504,35336,27.656396,51.185808,21.157796,0.000000,17.516340,82.483660,0,7832,1616,0,4008,5440,0.000000,82.895851,17.104149,0.000000,42.421677,57.578323,"wKa1,wNb1,bQa2",
KNvQ,7,2,1,king+knight,queen,110544,32248,0,0,0,0,1,33,0,na,24280,55096,31168,0,18568,91976,21.964105,49.840787,28.195108,0.000000,16.796932,83.203068,0,23840,8408,0,11688,20560,0.000000,73.927065,26.072935,0.000000,36.244108,63.755892,"wKa1,wNb1,bQa2",
KNvQ,8,2,1,king+knight,queen,249984,88352,0,0,0,0,1,33,0,na,44488,117452,88044,0,39084,210900,17.796339,46.983807,35.219854,0.000000,15.634601,84.365399,0,57736,30616,0,27272,61080,0.000000,65.347700,34.652300,0.000000,30.867439,69.132561,"wKa1,wNb1,bQa2",
KNvQ,9,2,1,king+knight,queen,511920,208128,0,0,0,0,1,35,0,na,75136,223008,213776,0,73672,438248,14.677293,43.563057,41.759650,0.000000,14.391311,85.608689,0,120408,87720,0,55104,153024,0.000000,57.852860,42.147140,0.000000,26.476015,73.523985,"wKa1,wNb1,bQa2",
KNvQ,10,2,1,king+knight,queen,970200,438896,0,0,0,0,1,37,0,na,119272,388648,462280,0,127656,842544,12.293548,40.058545,47.647908,0.000000,13.157699,86.842301,0,225296,213600,0,100232,338664,0.000000,51.332434,48.667566,0.000000,22.837301,77.162699,"wKa1,wNb1,bQa2",
KNvQ,11,2,1,king+knight,queen,1727880,850256,0,0,0,0,1,39,0,na,180328,633848,913704,0,207784,1520096,10.436373,36.683566,52.880061,0.000000,12.025372,87.974628,0,388528,461728,0,169128,681128,0.000000,45.695414,54.304586,0.000000,19.891421,80.108579,"wKa1,wNb1,bQa2",
KNvQ,12,2,1,king+knight,queen,2924064,1540120,0,0,0,0,1,43,0,na,262120,981068,1680876,0,321260,2602804,8.964236,33.551523,57.484241,0.000000,10.986764,89.013236,0,629136,910984,0,268720,1271400,0.000000,40.849804,59.150196,0.000000,17.447991,82.552009,"wKa1,wNb1,bQa2",
KNvR,3,2,1,king+knight,rook,504,36,0,0,0,0,5,9,5,na,472,32,0,296,56,152,93.650794,6.349206,0.000000,58.730159,11.111111,30.158730,24,12,0,24,12,0,66.666667,33.333333,0.000000,66.666667,33.333333,0.000000,"wKa1,wNb1,bRc2","wKa1,wNb1,bRc2"
KNvR,4,2,1,king+knight,rook,3360,600,0,0,0,0,19,7,19,na,3312,48,0,1632,736,992,98.571429,1.428571,0.000000,48.571429,21.904762,29.523810,600,0,0,568,32,0,100.000000,0.000000,0.000000,94.666667,5.333333,0.000000,"wKa1,wNb1,bRc2","wKa1,wNb1,bRc2"
KNvR,5,2,1,king+knight,rook,13800,3880,0,0,0,0,1,11,0,na,4912,8888,0,0,10168,3632,35.594203,64.405797,0.000000,0.000000,73.681159,26.318841,0,3880,0,0,3880,0,0.000000,100.000000,0.000000,0.000000,100.000000,0.000000,"wKa1,wNb1,bRa2",
KNvR,6,2,1,king+knight,rook,42840,15864,0,0,0,0,1,15,0,na,11848,30992,0,0,32680,10160,27.656396,72.343604,0.000000,0.000000,76.283847,23.716153,0,15864,0,0,15864,0,0.000000,100.000000,0.000000,0.000000,100.000000,0.000000,"wKa1,wNb1,bRa2",
KNvR,7,2,1,king+knight,rook,110544,49092,0,0,0,0,1,9,0,na,24280,86264,0,0,110020,524,21.964105,78.035895,0.000000,0.000000,99.525981,0.474019,0,49092,0,0,49092,0,0.000000,100.000000,0.000000,0.000000,100.000000,0.000000,"wKa1,wNb1,bRa2",
KNvR,8,2,1,king+knight,rook,249984,126136,0,0,0,0,1,3,0,na,44488,205496,0,0,249704,280,17.796339,82.203661,0.000000,0.000000,99.887993,0.112007,0,126136,0,0,126136,0,0.000000,100.000000,0.000000,0.000000,100.000000,0.000000,"wKa1,wNb1,bRa2",
KNvR,9,2,1,king+knight,rook,511920,283800,0,0,0,0,1,3,0,na,75136,436784,0,0,511600,320,14.677293,85.322707,0.000000,0.000000,99.937490,0.062510,0,283800,0,0,283800,0,0.000000,100.000000,0.000000,0.000000,100.000000,0.000000,"wKa1,wNb1,bRa2",
KNvR,10,2,1,king+knight,rook,970200,578040,0,0,0,0,1,3,0,na,119272,850928,0,0,969840,360,12.293548,87.706452,0.000000,0.000000,99.962894,0.037106,0,578040,0,0,578040,0,0.000000,100.000000,0.000000,0.000000,100.000000,0.000000,"wKa1,wNb1,bRa2",
KNvR,11,2,1,king+knight,rook,1727880,1089604,0,0,0,0,1,3,0,na,180328,1547552,0,0,1727480,400,10.436373,89.563627,0.000000,0.000000,99.976850,0.023150,0,1089604,0,0,1089604,0,0.000000,100.000000,0.000000,0.000000,100.000000,0.000000,"wKa1,wNb1,bRa2",
KNvR,12,2,1,king+knight,rook,2924064,1930392,0,0,0,0,1,3,0,na,262120,2661944,0,0,2923624,440,8.964236,91.035764,0.000000,0.000000,99.984952,0.015048,0,1930392,0,0,1930392,0,0.000000,100.000000,0.000000,0.000000,100.000000,0.000000,"wKa1,wNb1,bRa2",
KQK,3,2,1,shared,king,48,48,0,0,1,0,1,0,1,na,48,0,0,120,104,0,100.000000,0.000000,0.000000,53.571429,46.428571,0.000000,48,0,0,0,48,0,100.000000,0.000000,0.000000,0.000000,100.000000,0.000000,"wKa1,wQa2,bKc1","wKa1,wQa2,bKc1"
KQK,4,2,1,shared,king,812,812,0,0,0,0,7,0,7,na,812,0,0,1440,744,0,100.000000,0.000000,0.000000,65.934066,34.065934,0.000000,812,0,0,644,168,0,100.000000,0.000000,0.000000,79.310345,20.689655,0.000000,"wKa1,wQb2,bKd1","wKa1,wQb2,bKd1"
KQK,5,2,1,shared,king,4976,4976,0,0,0,0,11,0,11,na,4976,0,0,8008,2480,0,100.000000,0.000000,0.000000,76.353928,23.646072,0.000000,4976,0,0,4656,320,0,100.000000,0.000000,0.000000,93.569132,6.430868,0.000000,"wKa1,wQb1,bKc3","wKa1,wQb1,bKc3"
KQK,6,2,1,shared,king,19360,19360,0,0,0,0,13,0,13,na,19360,0,0,29272,6088,0,100.000000,0.000000,0.000000,82.782805,17.217195,0.000000,19360,0,0,18872,488,0,100.000000,0.000000,0.000000,97.479339,2.520661,0.000000,"wKa1,wQb2,bKe4","wKa1,wQb2,bKe4"
KQK,7,2,1,shared,king,57760,57760,0,0,0,0,15,0,15,na,57760,0,0,83328,12552,0,100.000000,0.000000,0.000000,86.908636,13.091364,0.000000,57760,0,0,57088,672,0,100.000000,0.000000,0.000000,98.836565,1.163435,0.000000,"wKa1,wQc1,bKd4","wKa1,wQc1,bKd4"
KQK,8,2,1,shared,king,144508,144508,0,0,0,0,19,0,19,na,144508,0,0,200896,23048,0,100.000000,0.000000,0.000000,89.708141,10.291859,0.000000,144508,0,0,143636,872,0,100.000000,0.000000,0.000000,99.396573,0.603427,0.000000,"wKa1,wQb2,bKf5","wKa1,wQb2,bKf5"
KQK,9,2,1,shared,king,318752,318752,0,0,0,0,21,0,21,na,318752,0,0,430000,38944,0,100.000000,0.000000,0.000000,91.695384,8.304616,0.000000,318752,0,0,317664,1088,0,100.000000,0.000000,0.000000,99.658669,0.341331,0.000000,"wKa1,wQd1,bKf5","wKb1,wQa2,bKe7"
KQK,10,2,1,shared,king,639456,639456,0,0,0,0,23,0,23,na,639456,0,0,841368,61800,0,100.000000,0.000000,0.000000,93.157419,6.842581,0.000000,639456,0,0,638136,1320,0,100.000000,0.000000,0.000000,99.793575,0.206425,0.000000,"wKa1,wQe1,bKf5","wKa1,wQe1,bKf5"
KQK,11,2,1,shared,king,1191120,1191120,0,0,0,0,27,0,27,na,1191120,0,0,1534552,93368,0,100.000000,0.000000,0.000000,94.264583,5.735417,0.000000,1191120,0,0,1189552,1568,0,100.000000,0.000000,0.000000,99.868359,0.131641,0.000000,"wKa1,wQd1,bKf6","wKa1,wQd1,bKf6"
KQK,12,2,1,shared,king,2090220,2090220,0,0,0,0,29,0,29,na,2090220,0,0,2644768,135592,0,100.000000,0.000000,0.000000,95.123221,4.876779,0.000000,2090220,0,0,2088388,1832,0,100.000000,0.000000,0.000000,99.912354,0.087646,0.000000,"wKa1,wQa3,bKg6","wKa1,wQa3,bKg6"
KQK-capture,3,2,1,shared,king,48,48,0,0,0,1,1,0,1,na,48,0,0,168,56,0,100.000000,0.000000,0.000000,75.000000,25.000000,0.000000,48,0,0,48,0,0,100.000000,0.000000,0.000000,100.000000,0.000000,0.000000,"wKa1,wQa2,bKc1","wKa1,wQa2,bKc1"
KQK-capture,4,2,1,shared,king,812,812,0,0,0,1,5,0,5,na,812,0,0,1608,576,0,100.000000,0.000000,0.000000,73.626374,26.373626,0.000000,812,0,0,812,0,0,100.000000,0.000000,0.000000,100.000000,0.000000,0.000000,"wKa1,wQa3,bKc2","wKa1,wQa3,bKc2"
KQK-capture,5,2,1,shared,king,4976,4976,0,0,0,1,7,0,7,na,4976,0,0,8328,2160,0,100.000000,0.000000,0.000000,79.405034,20.594966,0.000000,4976,0,0,4976,0,0,100.000000,0.000000,0.000000,100.000000,0.000000,0.000000,"wKa1,wQa5,bKc2","wKa1,wQa5,bKc2"
KQK-capture,6,2,1,shared,king,19360,19360,0,0,0,1,9,0,9,na,19360,0,0,29760,5600,0,100.000000,0.000000,0.000000,84.162896,15.837104,0.000000,19360,0,0,19360,0,0,100.000000,0.000000,0.000000,100.000000,0.000000,0.000000,"wKa1,wQb5,bKd2","wKa1,wQb5,bKd2"
KQK-capture,7,2,1,shared,king,57760,57760,0,0,0,1,13,0,13,na,57760,0,0,84000,11880,0,100.000000,0.000000,0.000000,87.609512,12.390488,0.000000,57760,0,0,57760,0,0,100.000000,0.000000,0.000000,100.000000,0.000000,0.000000,"wKa1,wQc1,bKd4","wKa1,wQc1,bKd4"
KQK-capture,8,2,1,shared,king,144508,144508,0,0,0,1,15,0,15,na,144508,0,0,201768,22176,0,100.000000,0.000000,0.000000,90.097524,9.902476,0.000000,144508,0,0,144508,0,0,100.000000,0.000000,0.000000,100.000000,0.000000,0.000000,"wKa1,wQa2,bKe4","wKb1,wQa1,bKf5"
KQK-capture,9,2,1,shared,king,318752,318752,0,0,0,1,19,0,19,na,318752,0,0,431088,37856,0,100.000000,0.000000,0.000000,91.927394,8.072606,0.000000,318752,0,0,318752,0,0,100.000000,0.000000,0.000000,100.000000,0.000000,0.000000,"wKa1,wQd1,bKf5","wKa1,wQd1,bKf5"
KQK-capture,10,2,1,shared,king,639456,639456,0,0,0,1,21,0,21,na,639456,0,0,842688,60480,0,100.000000,0.000000,0.000000,93.303571,6.696429,0.000000,639456,0,0,639456,0,0,100.000000,0.000000,0.000000,100.000000,0.000000,0.000000,"wKa1,wQe1,bKf5","wKc1,wQb1,bKe6"
KQK-capture,11,2,1,shared,king,1191120,1191120,0,0,0,1,25,0,25,na,1191120,0,0,1536120,91800,0,100.000000,0.000000,0.000000,94.360902,5.639098,0.000000,1191120,0,0,1191120,0,0,100.000000,0.000000,0.000000,100.000000,0.000000,0.000000,"wKa1,wQd1,bKf6","wKa1,wQd1,bKf6"
KQK-capture,12,2,1,shared,king,2090220,2090220,0,0,0,1,27,0,27,na,2090220,0,0,2646600,133760,0,100.000000,0.000000,0.000000,95.189112,4.810888,0.000000,2090220,0,0,2090220,0,0,100.000000,0.000000,0.000000,100.000000,0.000000,0.000000,"wKa1,wQa3,bKg6","wKb1,wQc1,bKf7"
KQvB,3,2,1,king+queen,bishop,504,40,0,1,0,1,3,0,3,na,504,0,0,504,0,0,100.000000,0.000000,0.000000,100.000000,0.000000,0.000000,40,0,0,40,0,0,100.000000,0.000000,0.000000,100.000000,0.000000,0.000000,"wKa1,wQb1,bBa3","wKa1,wQb1,bBa3"
KQvB,4,2,1,king+queen,bishop,3360,696,0,0,0,1,5,0,5,na,3360,0,0,2860,500,0,100.000000,0.000000,0.000000,85.119048,14.880952,0.000000,696,0,0,696,0,0,100.000000,0.000000,0.000000,100.000000,0.000000,0.000000,"wKa1,wQc1,bBb3","wKa1,wQc1,bBb3"
KQvB,5,2,1,king+queen,bishop,13800,4328,0,0,0,1,7,0,7,na,13800,0,0,11280,2520,0,100.000000,0.000000,0.000000,81.739130,18.260870,0.000000,4328,0,0,4328,0,0,100.000000,0.000000,0.000000,100.000000,0.000000,0.000000,"wKa1,wQb1,bBd2","wKa1,wQb1,bBd2"
KQvB,6,2,1,king+queen,bishop,42840,17032,0,0,0,1,11,0,11,na,42840,0,0,33040,9800,0,100.000000,0.000000,0.000000,77.124183,22.875817,0.000000,17032,0,0,17032,0,0,100.000000,0.000000,0.000000,100.000000,0.000000,0.000000,"wKa1,wQb1,bBf2","wKa1,wQb1,bBf2"
KQvB,7,2,1,king+queen,bishop,110544,51328,0,0,0,1,17,0,17,na,110544,0,0,86468,24076,0,100.000000,0.000000,0.000000,78.220437,21.779563,0.000000,51328,0,0,51328,0,0,100.000000,0.000000,0.000000,100.000000,0.000000,0.000000,"wKa1,wQb1,bBd2","wKa1,wQb1,bBd2"
KQvB,8,2,1,king+queen,bishop,249984,129552,0,0,0,0,9,0,9,na,111452,138532,0,1000,248984,0,44.583653,55.416347,0.000000,0.400026,99.599974,0.000000,3712,125840,0,0,129552,0,2.865259,97.134741,0.000000,0.000000,100.000000,0.000000,"wKc2,wQe3,bBf1","wKc2,wQe3,bBf1"
KQvB,9,2,1,king+queen,bishop,511920,287984,0,0,0,0,9,0,9,na,200588,311332,0,1056,510864,0,39.183466,60.816534,0.000000,0.206282,99.793718,0.000000,4536,283448,0,0,287984,0,1.575088,98.424912,0.000000,0.000000,100.000000,0.000000,"wKd2,wQf3,bBg1","wKd2,wQf3,bBg1"
KQvB,10,2,1,king+queen,bishop,970200,581680,0,0,0,0,9,0,9,na,339784,630416,0,1112,969088,0,35.022057,64.977943,0.000000,0.114616,99.885384,0.000000,5480,576200,0,0,581680,0,0.942099,99.057901,0.000000,0.000000,100.000000,0.000000,"wKe2,wQg3,bBh1","wKe2,wQg3,bBh1"
KQvB,11,2,1,king+queen,bishop,1727880,1090040,0,0,0,0,9,0,9,na,547524,1180356,0,1168,1726712,0,31.687617,68.312383,0.000000,0.067597,99.932403,0.000000,6504,1083536,0,0,1090040,0,0.596675,99.403325,0.000000,0.000000,100.000000,0.000000,"wKf2,wQd3,bBc1","wKf2,wQd3,bBc1"
KQvB,12,2,1,king+queen,bishop,2924064,1923080,0,0,0,0,9,0,9,na,846524,2077540,0,1224,2922840,0,28.950256,71.049744,0.000000,0.041860,99.958140,0.000000,7648,1915432,0,0,1923080,0,0.397695,99.602305,0.000000,0.000000,100.000000,0.000000,"wKf2,wQd3,bBc1","wKf2,wQd3,bBc1"
KQvK,3,2,1,king+queen,king,504,48,0,0,0,1,3,0,3,na,504,0,0,384,120,0,100.000000,0.000000,0.000000,76.190476,23.809524,0.000000,48,0,0,48,0,0,100.000000,0.000000,0.000000,100.000000,0.000000,0.000000,"wKa1,wQb1,bKa3","wKa1,wQb1,bKa3"
KQvK,4,2,1,king+queen,king,3360,812,0,0,0,1,7,0,7,na,3360,0,0,2592,768,0,100.000000,0.000000,0.000000,77.142857,22.857143,0.000000,812,0,0,812,0,0,100.000000,0.000000,0.000000,100.000000,0.000000,0.000000,"wKa1,wQb1,bKc3","wKa1,wQb1,bKc3"
KQvK,5,2,1,king+queen,king,13800,4976,0,0,0,1,9,0,9,na,13800,0,0,11256,2544,0,100.000000,0.000000,0.000000,81.565217,18.434783,0.000000,4976,0,0,4976,0,0,100.000000,0.000000,0.000000,100.000000,0.000000,0.000000,"wKa1,wQb1,bKc4","wKa1,wQb1,bKc4"
KQvK,6,2,1,king+queen,king,42840,19360,0,0,0,1,11,0,11,na,42840,0,0,36600,6240,0,100.000000,0.000000,0.000000,85.434174,14.565826,0.000000,19360,0,0,19360,0,0,100.000000,0.000000,0.000000,100.000000,0.000000,0.000000,"wKa1,wQb1,bKe3","wKa1,wQb1,bKe3"
KQvK,7,2,1,king+queen,king,110544,57760,0,0,0,1,15,0,15,na,110544,0,0,97704,12840,0,100.000000,0.000000,0.000000,88.384716,11.615284,0.000000,57760,0,0,57760,0,0,100.000000,0.000000,0.000000,100.000000,0.000000,0.000000,"wKa1,wQb1,bKe5","wKa1,wQb1,bKe5"
KQvK,8,2,1,king+queen,king,249984,144508,0,0,0,1,17,0,17,na,249984,0,0,226464,23520,0,100.000000,0.000000,0.000000,90.591398,9.408602,0.000000,144508,0,0,144508,0,0,100.000000,0.000000,0.000000,100.000000,0.000000,0.000000,"wKa1,wQb1,bKf4","wKa1,wQb1,bKf4"
KQvK,9,2,1,king+queen,king,511920,318752,0,0,0,1,19,0,19,na,511920,0,0,472272,39648,0,100.000000,0.000000,0.000000,92.255040,7.744960,0.000000,318752,0,0,318752,0,0,100.000000,0.000000,0.000000,100.000000,0.000000,0.000000,"wKa1,wQb1,bKg5","wKa1,wQb1,bKg5"
KQvK,10,2,1,king+queen,king,970200,639456,0,0,0,1,23,0,23,na,970200,0,0,907416,62784,0,100.000000,0.000000,0.000000,93.528757,6.471243,0.000000,639456,0,0,639456,0,0,100.000000,0.000000,0.000000,100.000000,0.000000,0.000000,"wKa1,wQe1,bKf6","wKa1,wQe1,bKf6"
KQvK,11,2,1,king+queen,king,1727880,1191120,0,0,0,1,25,0,25,na,1727880,0,0,1633200,94680,0,100.000000,0.000000,0.000000,94.520453,5.479547,0.000000,1191120,0,0,1191120,0,0,100.000000,0.000000,0.000000,100.000000,0.000000,0.000000,"wKa1,wQc1,bKh8","wKa1,wQc1,bKh8"
KQvK,12,2,1,king+queen,king,2924064,2090220,0,0,0,1,27,0,27,na,2924064,0,0,2786784,137280,0,100.000000,0.000000,0.000000,95.305164,4.694836,0.000000,2090220,0,0,2090220,0,0,100.000000,0.000000,0.000000,100.000000,0.000000,0.000000,"wKa1,wQb1,bKi7","wKa1,wQb1,bKi7"
KQvN,3,2,1,king+queen,knight,504,0,0,0,na,na,3,0,0,na,504,0,0,448,56,0,100.000000,0.000000,0.000000,88.888889,11.111111,0.000000,0,0,0,0,0,0,0.000000,0.000000,0.000000,0.000000,0.000000,0.000000,"wKa1,wQb1,bNa3",
KQvN,4,2,1,king+queen,knight,3360,308,0,0,0,1,3,0,3,na,3360,0,0,3120,240,0,100.000000,0.000000,0.000000,92.857143,7.142857,0.000000,308,0,0,308,0,0,100.000000,0.000000,0.000000,100.000000,0.000000,0.000000,"wKa1,wQb1,bNd2","wKa1,wQb1,bNa4"
KQvN,5,2,1,king+queen,knight,13800,2760,0,0,0,1,5,0,5,na,13800,0,0,12272,1528,0,100.000000,0.000000,0.000000,88.927536,11.072464,0.000000,2760,0,0,2760,0,0,100.000000,0.000000,0.000000,100.000000,0.000000,0.000000,"wKa1,wQb1,bNc3","wKa1,wQb1,bNc4"
KQvN,6,2,1,king+queen,knight,42840,12872,0,0,0,1,7,0,7,na,42840,0,0,38544,4296,0,100.000000,0.000000,0.000000,89.971989,10.028011,0.000000,12872,0,0,12872,0,0,100.000000,0.000000,0.000000,100.000000,0.000000,0.000000,"wKa1,wQf1,bNe5","wKa1,wQf1,bNe5"
KQvN,7,2,1,king+queen,knight,110544,42776,0,0,0,1,7,0,7,na,110544,0,0,101000,9544,0,100.000000,0.000000,0.000000,91.366334,8.633666,0.000000,42776,0,0,42776,0,0,100.000000,0.000000,0.000000,100.000000,0.000000,0.000000,"wKa1,wQb1,bNd4","wKa1,wQb1,bNd4"
KQvN,8,2,1,king+queen,knight,249984,114756,0,0,0,1,9,0,9,na,249984,0,0,231608,18376,0,100.000000,0.000000,0.000000,92.649130,7.350870,0.000000,114756,0,0,114756,0,0,100.000000,0.000000,0.000000,100.000000,0.000000,0.000000,"wKa1,wQc1,bNd3","wKa1,wQc1,bNe4"
KQvN,9,2,1,king+queen,knight,511920,265528,0,0,0,1,11,0,11,na,511920,0,0,479832,32088,0,100.000000,0.000000,0.000000,93.731833,6.268167,0.000000,265528,0,0,265528,0,0,100.000000,0.000000,0.000000,100.000000,0.000000,0.000000,"wKa1,wQb1,bNd6","wKa1,wQb1,bNd6"
KQvN,10,2,1,king+queen,knight,970200,551240,0,0,0,1,11,0,11,na,970200,0,0,918032,52168,0,100.000000,0.000000,0.000000,94.622964,5.377036,0.000000,551240,0,0,551240,0,0,100.000000,0.000000,0.000000,100.000000,0.000000,0.000000,"wKa1,wQb1,bNc4","wKa1,wQb1,bNc4"
KQvN,11,2,1,king+queen,knight,1727880,1053192,0,0,0,1,13,0,13,na,1727880,0,0,1647584,80296,0,100.000000,0.000000,0.000000,95.352918,4.647082,0.000000,1053192,0,0,1053192,0,0,100.000000,0.000000,0.000000,100.000000,0.000000,0.000000,"wKa1,wQb1,bNd5","wKa1,wQb1,bNd5"
KQvN,12,2,1,king+queen,knight,2924064,1884276,0,0,0,1,15,0,15,na,2924064,0,0,2805720,118344,0,100.000000,0.000000,0.000000,95.952756,4.047244,0.000000,1884276,0,0,1884276,0,0,100.000000,0.000000,0.000000,100.000000,0.000000,0.000000,"wKa1,wQc1,bNe5","wKa1,wQc1,bNe5"
KQvQ,3,2,1,king+queen,queen,504,16,0,0,0,1,3,7,3,na,504,0,0,312,16,176,100.000000,0.000000,0.000000,61.904762,3.174603,34.920635,16,0,0,16,0,0,100.000000,0.000000,0.000000,100.000000,0.000000,0.000000,"wKa1,wQb1,bQa3","wKa1,wQc1,bQb3"
KQvQ,4,2,1,king+queen,queen,3360,408,0,0,0,1,7,11,7,na,3360,0,0,1724,264,1372,100.000000,0.000000,0.000000,51.309524,7.857143,40.833333,408,0,0,408,0,0,100.000000,0.000000,0.000000,100.000000,0.000000,0.000000,"wKa1,wQb1,bQd2","wKa1,wQb1,bQd2"
KQvQ,5,2,1,king+queen,queen,13800,2888,0,0,0,0,3,15,3,na,8848,4952,0,12,8276,5512,64.115942,35.884058,0.000000,0.086957,59.971014,39.942029,16,2872,0,0,2888,0,0.554017,99.445983,0.000000,0.000000,100.000000,0.000000,"wKc1,wQb5,bQa2","wKc1,wQb5,bQa2"
KQvQ,6,2,1,king+queen,queen,42840,12232,0,0,0,0,1,19,0,na,23480,19360,0,0,26840,16000,54.808590,45.191410,0.000000,0.000000,62.651727,37.348273,0,12232,0,0,12232,0,0.000000,100.000000,0.000000,0.000000,100.000000,0.000000,"wKa1,wQb1,bQc1",
KQvQ,7,2,1,king+queen,queen,110544,38728,0,0,0,0,1,21,0,na,52784,57760,0,0,72424,38120,47.749312,52.250688,0.000000,0.000000,65.515994,34.484006,0,38728,0,0,38728,0,0.000000,100.000000,0.000000,0.000000,100.000000,0.000000,"wKa1,wQb1,bQc1",
KQvQ,8,2,1,king+queen,queen,249984,101328,0,0,0,0,1,25,0,na,105476,144508,0,0,170548,79436,42.193100,57.806900,0.000000,0.000000,68.223566,31.776434,0,101328,0,0,101328,0,0.000000,100.000000,0.000000,0.000000,100.000000,0.000000,"wKa1,wQb1,bQc1",
KQvQ,9,2,1,king+queen,queen,511920,231536,0,0,0,0,1,27,0,na,193168,318752,0,0,361728,150192,37.734021,62.265979,0.000000,0.000000,70.661041,29.338959,0,231536,0,0,231536,0,0.000000,100.000000,0.000000,0.000000,100.000000,0.000000,"wKa1,wQb1,bQc1",
KQvQ,10,2,1,king+queen,queen,970200,478000,0,0,0,0,1,31,0,na,330744,639456,0,0,706488,263712,34.090291,65.909709,0.000000,0.000000,72.818800,27.181200,0,478000,0,0,478000,0,0.000000,100.000000,0.000000,0.000000,100.000000,0.000000,"wKa1,wQb1,bQc1",
KQvQ,11,2,1,king+queen,queen,1727880,911840,0,0,0,0,1,33,0,na,536760,1191120,0,0,1291080,436800,31.064657,68.935343,0.000000,0.000000,74.720467,25.279533,0,911840,0,0,911840,0,0.000000,100.000000,0.000000,0.000000,100.000000,0.000000,"wKa1,wQb1,bQc1",
KQvQ,12,2,1,king+queen,queen,2924064,1632680,0,0,0,0,1,37,0,na,833844,2090220,0,0,2233924,690140,28.516612,71.483388,0.000000,0.000000,76.397917,23.602083,0,1632680,0,0,1632680,0,0.000000,100.000000,0.000000,0.000000,100.000000,0.000000,"wKa1,wQb1,bQc1",
KQvR,3,2,1,king+queen,rook,504,24,0,1,0,1,3,0,3,na,504,0,0,504,0,0,100.000000,0.000000,0.000000,100.000000,0.000000,0.000000,24,0,0,24,0,0,100.000000,0.000000,0.000000,100.000000,0.000000,0.000000,"wKa1,wQb1,bRa3","wKa1,wQb1,bRc3"
KQvR,4,2,1,king+queen,rook,3360,524,0,0,0,1,7,0,7,na,3360,0,0,2136,1224,0,100.000000,0.000000,0.000000,63.571429,36.428571,0.000000,524,0,0,524,0,0,100.000000,0.000000,0.000000,100.000000,0.000000,0.000000,"wKa1,wQb1,bRd2","wKa1,wQb1,bRd2"
KQvR,5,2,1,king+queen,rook,13800,3536,0,0,0,1,13,0,13,na,13800,0,0,8672,5128,0,100.000000,0.000000,0.000000,62.840580,37.159420,0.000000,3536,0,0,3536,0,0,100.000000,0.000000,0.000000,100.000000,0.000000,0.000000,"wKa1,wQb1,bRe2","wKa1,wQb1,bRe2"
KQvR,6,2,1,king+queen,rook,42840,14560,0,0,0,0,3,0,3,na,23504,19336,0,88,42752,0,54.864613,45.135387,0.000000,0.205415,99.794585,0.000000,16,14544,0,0,14560,0,0.109890,99.890110,0.000000,0.000000,100.000000,0.000000,"wKc1,wQb5,bRa2","wKc1,wQb5,bRa2"
KQvR,7,2,1,king+queen,rook,110544,45160,0,0,0,0,1,0,0,na,52784,57760,0,96,110448,0,47.749312,52.250688,0.000000,0.086843,99.913157,0.000000,0,45160,0,0,45160,0,0.000000,100.000000,0.000000,0.000000,100.000000,0.000000,"wKa1,wQb1,bRc1",
KQvR,8,2,1,king+queen,rook,249984,116284,0,0,0,0,1,0,0,na,105476,144508,0,112,249872,0,42.193100,57.806900,0.000000,0.044803,99.955197,0.000000,0,116284,0,0,116284,0,0.000000,100.000000,0.000000,0.000000,100.000000,0.000000,"wKa1,wQb1,bRc1",
KQvR,9,2,1,king+queen,rook,511920,262304,0,0,0,0,1,0,0,na,193168,318752,0,128,511792,0,37.734021,62.265979,0.000000,0.025004,99.974996,0.000000,0,262304,0,0,262304,0,0.000000,100.000000,0.000000,0.000000,100.000000,0.000000,"wKa1,wQb1,bRc1",
KQvR,10,2,1,king+queen,rook,970200,535776,0,0,0,0,1,0,0,na,330744,639456,0,144,970056,0,34.090291,65.909709,0.000000,0.014842,99.985158,0.000000,0,535776,0,0,535776,0,0.000000,100.000000,0.000000,0.000000,100.000000,0.000000,"wKa1,wQb1,bRc1",
KQvR,11,2,1,king+queen,rook,1727880,1012920,0,0,0,0,1,0,0,na,536760,1191120,0,160,1727720,0,31.064657,68.935343,0.000000,0.009260,99.990740,0.000000,0,1012920,0,0,1012920,0,0.000000,100.000000,0.000000,0.000000,100.000000,0.000000,"wKa1,wQb1,bRc1",
KQvR,12,2,1,king+queen,rook,2924064,1799820,0,0,0,0,1,0,0,na,833844,2090220,0,176,2923888,0,28.516612,71.483388,0.000000,0.006019,99.993981,0.000000,0,1799820,0,0,1799820,0,0.000000,100.000000,0.000000,0.000000,100.000000,0.000000,"wKa1,wQb1,bRc1",
KRK,3,2,1,shared,king,108,100,0,0,0,0,5,0,5,na,108,0,0,140,84,0,100.000000,0.000000,0.000000,62.500000,37.500000,0.000000,100,0,0,72,28,0,100.000000,0.000000,0.000000,72.000000,28.000000,0.000000,"wKa1,wRa2,bKc1","wKa1,wRa2,bKc1"
KRK,4,2,1,shared,king,1312,1104,0,0,0,0,13,0,11,na,1312,0,0,1572,612,0,100.000000,0.000000,0.000000,71.978022,28.021978,0.000000,1104,0,0,1068,36,0,100.000000,0.000000,0.000000,96.739130,3.260870,0.000000,"wKa1,wRd2,bKc3","wKa1,wRb1,bKc2"
KRK,5,2,1,shared,king,7040,6152,0,0,0,0,19,0,17,na,7040,0,0,8284,2204,0,100.000000,0.000000,0.000000,78.985507,21.014493,0.000000,6152,0,0,6108,44,0,100.000000,0.000000,0.000000,99.284785,0.715215,0.000000,"wKa1,wRe1,bKd2","wKa1,wRb1,bKc2"
KRK,6,2,1,shared,king,25440,23008,0,0,0,0,23,0,23,na,25440,0,0,29708,5652,0,100.000000,0.000000,0.000000,84.015837,15.984163,0.000000,23008,0,0,22956,52,0,100.000000,0.000000,0.000000,99.773992,0.226008,0.000000,"wKa1,wRb1,bKc2","wKa1,wRb1,bKc2"
KRK,7,2,1,shared,king,72380,67060,0,0,0,0,27,0,27,na,72380,0,0,83940,11940,0,100.000000,0.000000,0.000000,87.546934,12.453066,0.000000,67060,0,0,67000,60,0,100.000000,0.000000,0.000000,99.910528,0.089472,0.000000,"wKa1,wRb1,bKc2","wKa1,wRb1,bKc2"
KRK,8,2,1,shared,king,175168,165040,0,0,0,0,31,0,31,na,175168,0,0,201700,22244,0,100.000000,0.000000,0.000000,90.067160,9.932840,0.000000,165040,0,0,164972,68,0,100.000000,0.000000,0.000000,99.958798,0.041202,0.000000,"wKa1,wRb2,bKc3","wKa1,wRb2,bKc3"
KRK,9,2,1,shared,king,376992,359464,0,0,0,0,35,0,35,na,376992,0,0,431012,37932,0,100.000000,0.000000,0.000000,91.911188,8.088812,0.000000,359464,0,0,359388,76,0,100.000000,0.000000,0.000000,99.978857,0.021143,0.000000,"wKa1,wRd2,bKe3","wKa1,wRd6,bKe3"
KRK,10,2,1,shared,king,742080,713792,0,0,0,0,41,0,41,na,742080,0,0,842604,60564,0,100.000000,0.000000,0.000000,93.294271,6.705729,0.000000,713792,0,0,713708,84,0,100.000000,0.000000,0.000000,99.988232,0.011768,0.000000,"wKa1,wRc3,bKd4","wKa1,wRd7,bKe4"
KRK,11,2,1,shared,king,1361580,1318308,0,0,0,0,45,0,45,na,1361580,0,0,1536028,91892,0,100.000000,0.000000,0.000000,94.355251,5.644749,0.000000,1318308,0,0,1318216,92,0,100.000000,0.000000,0.000000,99.993021,0.006979,0.000000,"wKa1,wRc3,bKd4","wKa1,wRd7,bKe4"
KRK,12,2,1,shared,king,2360160,2296720,0,0,0,0,49,0,49,na,2360160,0,0,2646500,133860,0,100.000000,0.000000,0.000000,95.185516,4.814484,0.000000,2296720,0,0,2296620,100,0,100.000000,0.000000,0.000000,99.995646,0.004354,0.000000,"wKa1,wRd4,bKe5","wKa1,wRe1,bKf5"
KRK-capture,3,2,1,shared,king,108,100,0,0,0,1,3,0,3,na,108,0,0,168,56,0,100.000000,0.000000,0.000000,75.000000,25.000000,0.000000,100,0,0,100,0,0,100.000000,0.000000,0.000000,100.000000,0.000000,0.000000,"wKa1,wRb1,bKc2","wKa1,wRb1,bKc2"
KRK-capture,4,2,1,shared,king,1312,1104,0,0,0,1,13,0,9,na,1312,0,0,1608,576,0,100.000000,0.000000,0.000000,73.626374,26.373626,0.000000,1104,0,0,1104,0,0,100.000000,0.000000,0.000000,100.000000,0.000000,0.000000,"wKa1,wRd4,bKc3","wKa1,wRb1,bKc2"
KRK-capture,5,2,1,shared,king,7040,6152,0,0,0,1,17,0,17,na,7040,0,0,8328,2160,0,100.000000,0.000000,0.000000,79.405034,20.594966,0.000000,6152,0,0,6152,0,0,100.000000,0.000000,0.000000,100.000000,0.000000,0.000000,"wKa1,wRd1,bKc2","wKa1,wRe4,bKc3"
KRK-capture,6,2,1,shared,king,25440,23008,0,0,0,1,23,0,21,na,25440,0,0,29760,5600,0,100.000000,0.000000,0.000000,84.162896,15.837104,0.000000,23008,0,0,23008,0,0,100.000000,0.000000,0.000000,100.000000,0.000000,0.000000,"wKa1,wRd2,bKc3","wKa1,wRb1,bKc2"
KRK-capture,7,2,1,shared,king,72380,67060,0,0,0,1,27,0,25,na,72380,0,0,84000,11880,0,100.000000,0.000000,0.000000,87.609512,12.390488,0.000000,67060,0,0,67060,0,0,100.000000,0.000000,0.000000,100.000000,0.000000,0.000000,"wKa1,wRe5,bKd4","wKa1,wRb1,bKc2"
KRK-capture,8,2,1,shared,king,175168,165040,0,0,0,1,31,0,31,na,175168,0,0,201768,22176,0,100.000000,0.000000,0.000000,90.097524,9.902476,0.000000,165040,0,0,165040,0,0,100.000000,0.000000,0.000000,100.000000,0.000000,0.000000,"wKa1,wRf2,bKe3","wKa1,wRb2,bKd4"
KRK-capture,9,2,1,shared,king,376992,359464,0,0,0,1,33,0,33,na,376992,0,0,431088,37856,0,100.000000,0.000000,0.000000,91.927394,8.072606,0.000000,359464,0,0,359464,0,0,100.000000,0.000000,0.000000,100.000000,0.000000,0.000000,"wKa1,wRb2,bKc3","wKa1,wRb2,bKc3"
KRK-capture,10,2,1,shared,king,742080,713792,0,0,0,1,39,0,39,na,742080,0,0,842688,60480,0,100.000000,0.000000,0.000000,93.303571,6.696429,0.000000,713792,0,0,713792,0,0,100.000000,0.000000,0.000000,100.000000,0.000000,0.000000,"wKa1,wRc3,bKd4","wKa1,wRd7,bKe4"
KRK-capture,11,2,1,shared,king,1361580,1318308,0,0,0,1,43,0,43,na,1361580,0,0,1536120,91800,0,100.000000,0.000000,0.000000,94.360902,5.639098,0.000000,1318308,0,0,1318308,0,0,100.000000,0.000000,0.000000,100.000000,0.000000,0.000000,"wKa1,wRc3,bKd4","wKb1,wRe7,bKf4"
KRK-capture,12,2,1,shared,king,2360160,2296720,0,0,0,1,47,0,47,na,2360160,0,0,2646600,133760,0,100.000000,0.000000,0.000000,95.189112,4.810888,0.000000,2296720,0,0,2296720,0,0,100.000000,0.000000,0.000000,100.000000,0.000000,0.000000,"wKa1,wRd4,bKe5","wKa1,wRe1,bKf5"
KRvB,3,2,1,king+rook,bishop,504,40,0,0,0,1,3,0,3,na,504,0,0,476,28,0,100.000000,0.000000,0.000000,94.444444,5.555556,0.000000,40,0,0,40,0,0,100.000000,0.000000,0.000000,100.000000,0.000000,0.000000,"wKa1,wRb1,bBc2","wKa1,wRb1,bBa3"
KRvB,4,2,1,king+rook,bishop,3360,696,0,0,0,1,7,0,5,na,3360,0,0,2644,716,0,100.000000,0.000000,0.000000,78.690476,21.309524,0.000000,696,0,0,696,0,0,100.000000,0.000000,0.000000,100.000000,0.000000,0.000000,"wKa1,wRb2,bBd4","wKa1,wRb1,bBd2"
KRvB,5,2,1,king+rook,bishop,13800,4328,0,0,0,0,11,0,9,na,13796,4,0,10208,3592,0,99.971014,0.028986,0.000000,73.971014,26.028986,0.000000,4328,0,0,4320,8,0,100.000000,0.000000,0.000000,99.815157,0.184843,0.000000,"wKa1,wRb2,bBc3","wKa1,wRb1,bBd2"
KRvB,6,2,1,king+rook,bishop,42840,17032,0,0,0,0,21,0,17,na,42824,16,0,32176,10664,0,99.962652,0.037348,0.000000,75.107376,24.892624,0.000000,17032,0,0,16992,40,0,100.000000,0.000000,0.000000,99.765148,0.234852,0.000000,"wKa1,wRe5,bBd4","wKa1,wRb1,bBe2"
KRvB,7,2,1,king+rook,bishop,110544,51328,0,0,0,0,11,0,11,na,40044,70500,0,332,110212,0,36.224490,63.775510,0.000000,0.300333,99.699667,0.000000,992,50336,0,0,51328,0,1.932668,98.067332,0.000000,0.000000,100.000000,0.000000,"wKc3,wRd3,bBg1","wKc3,wRd3,bBg1"
KRvB,8,2,1,king+rook,bishop,249984,129552,0,0,0,0,11,0,11,na,76964,173020,0,348,249636,0,30.787570,69.212430,0.000000,0.139209,99.860791,0.000000,1144,128408,0,0,129552,0,0.883043,99.116957,0.000000,0.000000,100.000000,0.000000,"wKd3,wRe3,bBh1","wKd3,wRe3,bBh1"
KRvB,9,2,1,king+rook,bishop,511920,287984,0,0,0,0,11,0,11,na,137352,374568,0,364,511556,0,26.830755,73.169245,0.000000,0.071105,99.928895,0.000000,1296,286688,0,0,287984,0,0.450025,99.549975,0.000000,0.000000,100.000000,0.000000,"wKe3,wRd3,bBa1","wKe3,wRd3,bBa1"
KRvB,10,2,1,king+rook,bishop,970200,581680,0,0,0,0,11,0,11,na,230828,739372,0,380,969820,0,23.791796,76.208204,0.000000,0.039167,99.960833,0.000000,1448,580232,0,0,581680,0,0.248934,99.751066,0.000000,0.000000,100.000000,0.000000,"wKe3,wRd3,bBa1","wKe3,wRd3,bBa1"
KRvB,11,2,1,king+rook,bishop,1727880,1090040,0,0,0,0,11,0,11,na,369300,1358580,0,396,1727484,0,21.373012,78.626988,0.000000,0.022918,99.977082,0.000000,1600,1088440,0,0,1090040,0,0.146784,99.853216,0.000000,0.000000,100.000000,0.000000,"wKe3,wRd3,bBa1","wKe3,wRd3,bBa1"
KRvB,12,2,1,king+rook,bishop,2924064,1923080,0,0,0,0,11,0,11,na,567204,2356860,0,412,2923652,0,19.397797,80.602203,0.000000,0.014090,99.985910,0.000000,1752,1921328,0,0,1923080,0,0.091104,99.908896,0.000000,0.000000,100.000000,0.000000,"wKe3,wRd3,bBa1","wKe3,wRd3,bBa1"
KRvK,3,2,1,king+rook,king,504,64,0,0,0,1,5,7,5,na,504,0,0,276,84,144,100.000000,0.000000,0.000000,54.761905,16.666667,28.571429,64,0,0,64,0,0,100.000000,0.000000,0.000000,100.000000,0.000000,0.000000,"wKa1,wRc1,bKb3","wKa1,wRc1,bKb3"
KRvK,4,2,1,king+rook,king,3360,992,0,0,0,1,11,0,11,na,3360,0,0,1984,1376,0,100.000000,0.000000,0.000000,59.047619,40.952381,0.000000,992,0,0,992,0,0,100.000000,0.000000,0.000000,100.000000,0.000000,0.000000,"wKa1,wRd4,bKc2","wKa1,wRd4,bKc2"
KRvK,5,2,1,king+rook,king,13800,5924,0,0,0,1,17,0,15,na,13800,0,0,9244,4556,0,100.000000,0.000000,0.000000,66.985507,33.014493,0.000000,5924,0,0,5924,0,0,100.000000,0.000000,0.000000,100.000000,0.000000,0.000000,"wKa1,wRd4,bKc3","wKa1,wRd4,bKc2"
KRvK,6,2,1,king+rook,king,42840,22624,0,0,0,1,17,0,17,na,42840,0,0,31584,11256,0,100.000000,0.000000,0.000000,73.725490,26.274510,0.000000,22624,0,0,22624,0,0,100.000000,0.000000,0.000000,100.000000,0.000000,0.000000,"wKa1,wRd1,bKc2","wKa1,wRb2,bKd3"
KRvK,7,2,1,king+rook,king,110544,66480,0,0,0,1,23,0,21,na,110544,0,0,87196,23348,0,100.000000,0.000000,0.000000,78.878998,21.121002,0.000000,66480,0,0,66480,0,0,100.000000,0.000000,0.000000,100.000000,0.000000,0.000000,"wKa1,wRd4,bKc3","wKa1,wRb2,bKd3"
KRvK,8,2,1,king+rook,king,249984,164224,0,0,0,1,27,0,25,na,249984,0,0,206896,43088,0,100.000000,0.000000,0.000000,82.763697,17.236303,0.000000,164224,0,0,164224,0,0,100.000000,0.000000,0.000000,100.000000,0.000000,0.000000,"wKa1,wRe5,bKd4","wKa1,wRe1,bKc3"
KRvK,9,2,1,king+rook,king,511920,358372,0,0,0,1,29,0,29,na,511920,0,0,438804,73116,0,100.000000,0.000000,0.000000,85.717300,14.282700,0.000000,358372,0,0,358372,0,0,100.000000,0.000000,0.000000,100.000000,0.000000,0.000000,"wKa1,wRb2,bKc3","wKa1,wRb2,bKd3"
KRvK,10,2,1,king+rook,king,970200,712384,0,0,0,1,33,0,33,na,970200,0,0,853744,116456,0,100.000000,0.000000,0.000000,87.996702,12.003298,0.000000,712384,0,0,712384,0,0,100.000000,0.000000,0.000000,100.000000,0.000000,0.000000,"wKa1,wRb2,bKc3","wKa1,wRb2,bKd4"
KRvK,11,2,1,king+rook,king,1727880,1316544,0,0,0,1,37,0,37,na,1727880,0,0,1551364,176516,0,100.000000,0.000000,0.000000,89.784244,10.215756,0.000000,1316544,0,0,1316544,0,0,100.000000,0.000000,0.000000,100.000000,0.000000,0.000000,"wKa1,wRc3,bKd4","wKa1,wRc3,bKe5"
KRvK,12,2,1,king+rook,king,2924064,2294560,0,0,0,1,41,0,41,na,2924064,0,0,2666976,257088,0,100.000000,0.000000,0.000000,91.207853,8.792147,0.000000,2294560,0,0,2294560,0,0,100.000000,0.000000,0.000000,100.000000,0.000000,0.000000,"wKa1,wRc3,bKd4","wKa1,wRc3,bKf5"
KRvN,3,2,1,king+rook,knight,504,28,0,0,0,1,3,0,3,na,504,0,0,448,56,0,100.000000,0.000000,0.000000,88.888889,11.111111,0.000000,28,0,0,28,0,0,100.000000,0.000000,0.000000,100.000000,0.000000,0.000000,"wKa1,wRb1,bNc2","wKa1,wRc1,bNa3"
KRvN,4,2,1,king+rook,knight,3360,632,0,0,0,1,5,0,5,na,3360,0,0,3120,240,0,100.000000,0.000000,0.000000,92.857143,7.142857,0.000000,632,0,0,632,0,0,100.000000,0.000000,0.000000,100.000000,0.000000,0.000000,"wKa1,wRb1,bNc2","wKa1,wRb1,bNc4"
KRvN,5,2,1,king+rook,knight,13800,4328,0,0,0,1,7,0,7,na,13800,0,0,12272,1528,0,100.000000,0.000000,0.000000,88.927536,11.072464,0.000000,4328,0,0,4328,0,0,100.000000,0.000000,0.000000,100.000000,0.000000,0.000000,"wKa1,wRb1,bNa3","wKa1,wRb1,bNd3"
KRvN,6,2,1,king+rook,knight,42840,17896,0,0,0,1,11,0,11,na,42840,0,0,38544,4296,0,100.000000,0.000000,0.000000,89.971989,10.028011,0.000000,17896,0,0,17896,0,0,100.000000,0.000000,0.000000,100.000000,0.000000,0.000000,"wKa1,wRb1,bNd3","wKa1,wRb1,bNd3"
KRvN,7,2,1,king+rook,knight,110544,55476,0,0,0,0,17,0,15,na,110480,64,0,93736,16808,0,99.942105,0.057895,0.000000,84.795195,15.204805,0.000000,55476,0,0,55308,168,0,100.000000,0.000000,0.000000,99.697166,0.302834,0.000000,"wKa1,wRe1,bNc2","wKa1,wRb1,bNf2"
KRvN,8,2,1,king+rook,knight,249984,142264,0,0,0,0,21,0,21,na,249840,144,0,216104,33880,0,99.942396,0.057604,0.000000,86.447133,13.552867,0.000000,142264,0,0,141880,384,0,100.000000,0.000000,0.000000,99.730079,0.269921,0.000000,"wKa1,wRd1,bNf2","wKa1,wRe1,bNf2"
KRvN,9,2,1,king+rook,knight,511920,318952,0,0,0,0,27,0,25,na,511688,232,0,452216,59704,0,99.954680,0.045320,0.000000,88.337240,11.662760,0.000000,318952,0,0,318328,624,0,100.000000,0.000000,0.000000,99.804359,0.195641,0.000000,"wKa1,wRh8,bNg6","wKa1,wRb1,bNf2"
KRvN,10,2,1,king+rook,knight,970200,646888,0,0,0,0,33,0,31,na,969864,336,0,872512,97688,0,99.965368,0.034632,0.000000,89.931148,10.068852,0.000000,646888,0,0,645976,912,0,100.000000,0.000000,0.000000,99.859017,0.140983,0.000000,"wKa1,wRf1,bNe3","wKa1,wRb1,bNf2"
KRvN,11,2,1,king+rook,knight,1727880,1213956,0,0,0,0,41,0,41,na,1727424,456,0,1576784,151096,0,99.973609,0.026391,0.000000,91.255411,8.744589,0.000000,1213956,0,0,1212708,1248,0,100.000000,0.000000,0.000000,99.897196,0.102804,0.000000,"wKa1,wRe1,bNc2","wKa1,wRf1,bNc4"
KRvN,12,2,1,king+rook,knight,2924064,2141176,0,0,0,0,51,0,49,na,2923472,592,0,2700488,223576,0,99.979754,0.020246,0.000000,92.353929,7.646071,0.000000,2141176,0,0,2139544,1632,0,100.000000,0.000000,0.000000,99.923780,0.076220,0.000000,"wKa1,wRf5,bNd6","wKa1,wRb1,bNe3"
KRvQ,3,2,1,king+rook,queen,504,16,0,0,0,1,7,7,5,na,504,0,0,220,0,284,100.000000,0.000000,0.000000,43.650794,0.000000,56.349206,16,0,0,16,0,0,100.000000,0.000000,0.000000,100.000000,0.000000,0.000000,"wKb1,wRa1,bQb3","wKa1,wRc1,bQb3"
KRvQ,4,2,1,king+rook,queen,3360,408,0,0,0,0,3,11,3,na,2072,1288,0,8,1980,1372,61.666667,38.333333,0.000000,0.238095,58.928571,40.833333,16,392,0,0,408,0,3.921569,96.078431,0.000000,0.000000,100.000000,0.000000,"wKb1,wRc4,bQd2","wKb1,wRc4,bQd2"
KRvQ,5,2,1,king+rook,queen,13800,2888,0,0,0,0,1,15,0,na,6760,7040,0,0,8288,5512,48.985507,51.014493,0.000000,0.000000,60.057971,39.942029,0,2888,0,0,2888,0,0.000000,100.000000,0.000000,0.000000,100.000000,0.000000,"wKa1,wRb1,bQc1",
KRvQ,6,2,1,king+rook,queen,42840,12232,0,0,0,0,1,19,0,na,17400,25440,0,0,26840,16000,40.616246,59.383754,0.000000,0.000000,62.651727,37.348273,0,12232,0,0,12232,0,0.000000,100.000000,0.000000,0.000000,100.000000,0.000000,"wKa1,wRb1,bQc1",
KRvQ,7,2,1,king+rook,queen,110544,38728,0,0,0,0,1,21,0,na,38164,72380,0,0,72424,38120,34.523810,65.476190,0.000000,0.000000,65.515994,34.484006,0,38728,0,0,38728,0,0.000000,100.000000,0.000000,0.000000,100.000000,0.000000,"wKa1,wRb1,bQc1",
KRvQ,8,2,1,king+rook,queen,249984,101328,0,0,0,0,1,25,0,na,74816,175168,0,0,170548,79436,29.928315,70.071685,0.000000,0.000000,68.223566,31.776434,0,101328,0,0,101328,0,0.000000,100.000000,0.000000,0.000000,100.000000,0.000000,"wKa1,wRb1,bQc1",
KRvQ,9,2,1,king+rook,queen,511920,231536,0,0,0,0,1,27,0,na,134928,376992,0,0,361728,150192,26.357243,73.642757,0.000000,0.000000,70.661041,29.338959,0,231536,0,0,231536,0,0.000000,100.000000,0.000000,0.000000,100.000000,0.000000,"wKa1,wRb1,bQc1",
KRvQ,10,2,1,king+rook,queen,970200,478000,0,0,0,0,1,31,0,na,228120,742080,0,0,706488,263712,23.512678,76.487322,0.000000,0.000000,72.818800,27.181200,0,478000,0,0,478000,0,0.000000,100.000000,0.000000,0.000000,100.000000,0.000000,"wKa1,wRb1,bQc1",
KRvQ,11,2,1,king+rook,queen,1727880,911840,0,0,0,0,1,33,0,na,366300,1361580,0,0,1291080,436800,21.199389,78.800611,0.000000,0.000000,74.720467,25.279533,0,911840,0,0,911840,0,0.000000,100.000000,0.000000,0.000000,100.000000,0.000000,"wKa1,wRb1,bQc1",
KRvQ,12,2,1,king+rook,queen,2924064,1632680,0,0,0,0,1,37,0,na,563904,2360160,0,0,2233924,690140,19.284940,80.715060,0.000000,0.000000,76.397917,23.602083,0,1632680,0,0,1632680,0,0.000000,100.000000,0.000000,0.000000,100.000000,0.000000,"wKa1,wRb1,bQc1",
KRvR,3,2,1,king+rook,rook,504,60,0,0,0,1,5,0,5,na,504,0,0,360,144,0,100.000000,0.000000,0.000000,71.428571,28.571429,0.000000,60,0,0,60,0,0,100.000000,0.000000,0.000000,100.000000,0.000000,0.000000,"wKa1,wRb2,bRc1","wKa1,wRb2,bRc3"
KRvR,4,2,1,king+rook,rook,3360,864,0,0,0,1,13,0,13,na,3360,0,0,1840,1520,0,100.000000,0.000000,0.000000,54.761905,45.238095,0.000000,864,0,0,864,0,0,100.000000,0.000000,0.000000,100.000000,0.000000,0.000000,"wKa1,wRb2,bRd1","wKa1,wRb2,bRd4"
KRvR,5,2,1,king+rook,rook,13800,5040,0,0,0,0,1,0,0,na,6760,7040,0,0,13800,0,48.985507,51.014493,0.000000,0.000000,100.000000,0.000000,0,5040,0,0,5040,0,0.000000,100.000000,0.000000,0.000000,100.000000,0.000000,"wKa1,wRb1,bRc1",
KRvR,6,2,1,king+rook,rook,42840,19200,0,0,0,0,1,0,0,na,17400,25440,0,0,42840,0,40.616246,59.383754,0.000000,0.000000,100.000000,0.000000,0,19200,0,0,19200,0,0.000000,100.000000,0.000000,0.000000,100.000000,0.000000,"wKa1,wRb1,bRc1",
KRvR,7,2,1,king+rook,rook,110544,56700,0,0,0,0,1,0,0,na,38164,72380,0,0,110544,0,34.523810,65.476190,0.000000,0.000000,100.000000,0.000000,0,56700,0,0,56700,0,0.000000,100.000000,0.000000,0.000000,100.000000,0.000000,"wKa1,wRb1,bRc1",
KRvR,8,2,1,king+rook,rook,249984,141120,0,0,0,0,1,0,0,na,74816,175168,0,0,249984,0,29.928315,70.071685,0.000000,0.000000,100.000000,0.000000,0,141120,0,0,141120,0,0.000000,100.000000,0.000000,0.000000,100.000000,0.000000,"wKa1,wRb1,bRc1",
KRvR,9,2,1,king+rook,rook,511920,310464,0,0,0,0,1,0,0,na,134928,376992,0,0,511920,0,26.357243,73.642757,0.000000,0.000000,100.000000,0.000000,0,310464,0,0,310464,0,0.000000,100.000000,0.000000,0.000000,100.000000,0.000000,"wKa1,wRb1,bRc1",
KRvR,10,2,1,king+rook,rook,970200,622080,0,0,0,0,1,0,0,na,228120,742080,0,0,970200,0,23.512678,76.487322,0.000000,0.000000,100.000000,0.000000,0,622080,0,0,622080,0,0.000000,100.000000,0.000000,0.000000,100.000000,0.000000,"wKa1,wRb1,bRc1",
KRvR,11,2,1,king+rook,rook,1727880,1158300,0,0,0,0,1,0,0,na,366300,1361580,0,0,1727880,0,21.199389,78.800611,0.000000,0.000000,100.000000,0.000000,0,1158300,0,0,1158300,0,0.000000,100.000000,0.000000,0.000000,100.000000,0.000000,"wKa1,wRb1,bRc1",
KRvR,12,2,1,king+rook,rook,2924064,2032800,0,0,0,0,1,0,0,na,563904,2360160,0,0,2924064,0,19.284940,80.715060,0.000000,0.000000,100.000000,0.000000,0,2032800,0,0,2032800,0,0.000000,100.000000,0.000000,0.000000,100.000000,0.000000,"wKa1,wRb1,bRc1",
KvB,3,1,1,king,bishop,72,28,0,0,0,1,3,1,3,0,72,0,0,52,0,20,100.000000,0.000000,0.000000,72.222222,0.000000,27.777778,28,0,0,28,0,0,100.000000,0.000000,0.000000,100.000000,0.000000,0.000000,"wKa1,bBc1","wKa1,bBc1"
KvB,4,1,1,king,bishop,240,136,0,0,0,0,1,1,0,0,84,156,0,0,184,56,35.000000,65.000000,0.000000,0.000000,76.666667,23.333333,0,136,0,0,136,0,0.000000,100.000000,0.000000,0.000000,100.000000,0.000000,"wKa1,bBb1",
KvB,5,1,1,king,bishop,600,400,0,0,0,0,1,1,0,0,144,456,0,0,480,120,24.000000,76.000000,0.000000,0.000000,80.000000,20.000000,0,400,0,0,400,0,0.000000,100.000000,0.000000,0.000000,100.000000,0.000000,"wKa1,bBb1",
KvB,6,1,1,king,bishop,1260,920,0,0,0,0,1,1,0,0,220,1040,0,0,1040,220,17.460317,82.539683,0.000000,0.000000,82.539683,17.460317,0,920,0,0,920,0,0.000000,100.000000,0.000000,0.000000,100.000000,0.000000,"wKa1,bBb1",
KvB,7,1,1,king,bishop,2352,1820,0,0,0,0,1,1,0,0,312,2040,0,0,1988,364,13.265306,86.734694,0.000000,0.000000,84.523810,15.476190,0,1820,0,0,1820,0,0.000000,100.000000,0.000000,0.000000,100.000000,0.000000,"wKa1,bBb1",
KvB,8,1,1,king,bishop,4032,3248,0,0,0,0,1,1,0,0,420,3612,0,0,3472,560,10.416667,89.583333,0.000000,0.000000,86.111111,13.888889,0,3248,0,0,3248,0,0.000000,100.000000,0.000000,0.000000,100.000000,0.000000,"wKa1,bBb1",
KvB,9,1,1,king,bishop,6480,5376,0,0,0,0,1,1,0,0,544,5936,0,0,5664,816,8.395062,91.604938,0.000000,0.000000,87.407407,12.592593,0,5376,0,0,5376,0,0.000000,100.000000,0.000000,0.000000,100.000000,0.000000,"wKa1,bBb1",
KvB,10,1,1,king,bishop,9900,8400,0,0,0,0,1,1,0,0,684,9216,0,0,8760,1140,6.909091,93.090909,0.000000,0.000000,88.484848,11.515152,0,8400,0,0,8400,0,0.000000,100.000000,0.000000,0.000000,100.000000,0.000000,"wKa1,bBb1",
KvB,11,1,1,king,bishop,14520,na,0,0,na,na,1,1,0,na,840,13680,0,0,12980,1540,5.785124,94.214876,0.000000,0.000000,89.393939,10.606061,na,na,na,na,na,na,na,na,na,na,na,na,"wKa1,bBb1",
KvB,12,1,1,king,bishop,20592,na,0,0,na,na,1,1,0,na,1012,19580,0,0,18568,2024,4.914530,95.085470,0.000000,0.000000,90.170940,9.829060,na,na,na,na,na,na,na,na,na,na,na,na,"wKa1,bBb1",
KvBB,3,1,2,king,bishop,252,36,0,0,0,0,7,1,7,0,182,70,0,54,72,126,72.222222,27.777778,0.000000,21.428571,28.571429,50.000000,12,24,0,20,16,0,33.333333,66.666667,0.000000,55.555556,44.444444,0.000000,"wKa1,bBc1,bBc2","wKa1,bBc1,bBc2"
KvBB,4,1,2,king,bishop,1680,528,0,0,0,0,0,1,0,0,0,1680,0,0,972,708,0.000000,100.000000,0.000000,0.000000,57.857143,42.142857,0,528,0,0,528,0,0.000000,100.000000,0.000000,0.000000,100.000000,0.000000,,
KvBB,5,1,2,king,bishop,6900,3038,0,0,0,0,0,1,0,0,0,6900,0,0,4384,2516,0.000000,100.000000,0.000000,0.000000,63.536232,36.463768,0,3038,0,0,3038,0,0.000000,100.000000,0.000000,0.000000,100.000000,0.000000,,
KvBB,6,1,2,king,bishop,21420,11364,0,0,0,0,0,1,0,0,0,21420,0,0,14536,6884,0.000000,100.000000,0.000000,0.000000,67.861811,32.138189,0,11364,0,0,11364,0,0.000000,100.000000,0.000000,0.000000,100.000000,0.000000,,
KvBB,7,1,2,king,bishop,55272,33004,0,0,0,0,0,1,0,0,0,55272,0,0,39398,15874,0.000000,100.000000,0.000000,0.000000,71.280214,28.719786,0,33004,0,0,33004,0,0.000000,100.000000,0.000000,0.000000,100.000000,0.000000,,
KvBB,8,1,2,king,bishop,124992,80972,0,0,0,0,0,1,0,0,0,124992,0,0,92552,32440,0.000000,100.000000,0.000000,0.000000,74.046339,25.953661,0,80972,0,0,80972,0,0.000000,100.000000,0.000000,0.000000,100.000000,0.000000,,
KvBB,9,1,2,king,bishop,255960,175982,0,0,0,0,0,1,0,0,0,255960,0,0,195376,60584,0.000000,100.000000,0.000000,0.000000,76.330677,23.669323,0,175982,0,0,175982,0,0.000000,100.000000,0.000000,0.000000,100.000000,0.000000,,
KvBB,10,1,2,king,bishop,485100,348984,0,0,0,0,0,1,0,0,0,485100,0,0,379580,105520,0.000000,100.000000,0.000000,0.000000,78.247784,21.752216,0,348984,0,0,348984,0,0.000000,100.000000,0.000000,0.000000,100.000000,0.000000,,
KvBB,11,1,2,king,bishop,863940,na,0,0,na,na,0,1,0,na,0,863940,0,0,690110,173830,0.000000,100.000000,0.000000,0.000000,79.879390,20.120610,na,na,na,na,na,na,na,na,na,na,na,na,,
KvBB,12,1,2,king,bishop,1462032,na,0,0,na,na,0,1,0,na,0,1462032,0,0,1188404,273628,0.000000,100.000000,0.000000,0.000000,81.284404,18.715596,na,na,na,na,na,na,na,na,na,na,na,na,,
KvK,3,1,1,king,king,72,32,0,0,0,0,1,1,0,0,40,32,0,0,32,40,55.555556,44.444444,0.000000,0.000000,44.444444,55.555556,0,32,0,0,32,0,0.000000,100.000000,0.000000,0.000000,100.000000,0.000000,"wKa1,bKb1",
KvK,4,1,1,king,king,240,156,0,0,0,0,1,1,0,0,84,156,0,0,156,84,35.000000,65.000000,0.000000,0.000000,65.000000,35.000000,0,156,0,0,156,0,0.000000,100.000000,0.000000,0.000000,100.000000,0.000000,"wKa1,bKb1",
KvK,5,1,1,king,king,600,456,0,0,0,0,1,1,0,0,144,456,0,0,456,144,24.000000,76.000000,0.000000,0.000000,76.000000,24.000000,0,456,0,0,456,0,0.000000,100.000000,0.000000,0.000000,100.000000,0.000000,"wKa1,bKb1",
KvK,6,1,1,king,king,1260,1040,0,0,0,0,1,1,0,0,220,1040,0,0,1040,220,17.460317,82.539683,0.000000,0.000000,82.539683,17.460317,0,1040,0,0,1040,0,0.000000,100.000000,0.000000,0.000000,100.000000,0.000000,"wKa1,bKb1",
KvK,7,1,1,king,king,2352,2040,0,0,0,0,1,1,0,0,312,2040,0,0,2040,312,13.265306,86.734694,0.000000,0.000000,86.734694,13.265306,0,2040,0,0,2040,0,0.000000,100.000000,0.000000,0.000000,100.000000,0.000000,"wKa1,bKb1",
KvK,8,1,1,king,king,4032,3612,0,0,0,0,1,1,0,0,420,3612,0,0,3612,420,10.416667,89.583333,0.000000,0.000000,89.583333,10.416667,0,3612,0,0,3612,0,0.000000,100.000000,0.000000,0.000000,100.000000,0.000000,"wKa1,bKb1",
KvK,9,1,1,king,king,6480,5936,0,0,0,0,1,1,0,0,544,5936,0,0,5936,544,8.395062,91.604938,0.000000,0.000000,91.604938,8.395062,0,5936,0,0,5936,0,0.000000,100.000000,0.000000,0.000000,100.000000,0.000000,"wKa1,bKb1",
KvK,10,1,1,king,king,9900,9216,0,0,0,0,1,1,0,0,684,9216,0,0,9216,684,6.909091,93.090909,0.000000,0.000000,93.090909,6.909091,0,9216,0,0,9216,0,0.000000,100.000000,0.000000,0.000000,100.000000,0.000000,"wKa1,bKb1",
KvK,11,1,1,king,king,14520,13680,0,0,0,0,1,1,0,0,840,13680,0,0,13680,840,5.785124,94.214876,0.000000,0.000000,94.214876,5.785124,0,13680,0,0,13680,0,0.000000,100.000000,0.000000,0.000000,100.000000,0.000000,"wKa1,bKb1",
KvK,12,1,1,king,king,20592,19580,0,0,0,0,1,1,0,0,1012,19580,0,0,19580,1012,4.914530,95.085470,0.000000,0.000000,95.085470,4.914530,0,19580,0,0,19580,0,0.000000,100.000000,0.000000,0.000000,100.000000,0.000000,"wKa1,bKb1",
KvK,13,1,1,king,king,28392,27192,0,0,0,0,1,1,0,0,1200,27192,0,0,27192,1200,4.226543,95.773457,0.000000,0.000000,95.773457,4.226543,0,27192,0,0,27192,0,0.000000,100.000000,0.000000,0.000000,100.000000,0.000000,"wKa1,bKb1",
KvK,14,1,1,king,king,38220,36816,0,0,0,0,1,1,0,0,1404,36816,0,0,36816,1404,3.673469,96.326531,0.000000,0.000000,96.326531,3.673469,0,36816,0,0,36816,0,0.000000,100.000000,0.000000,0.000000,100.000000,0.000000,"wKa1,bKb1",
KvKK,3,1,2,king,king,252,52,0,0,0,0,0,3,0,3,0,88,164,0,0,252,0.000000,34.920635,65.079365,0.000000,0.000000,100.000000,0,0,52,0,0,52,0.000000,0.000000,100.000000,0.000000,0.000000,100.000000,,
KvKK,4,1,2,king,king,1680,708,0,0,0,0,0,9,0,9,0,672,1008,0,0,1680,0.000000,40.000000,60.000000,0.000000,0.000000,100.000000,0,0,708,0,0,708,0.000000,0.000000,100.000000,0.000000,0.000000,100.000000,,
KvKK,5,1,2,king,king,6900,3972,0,0,0,0,0,17,0,17,0,2352,4548,0,0,6900,0.000000,34.086957,65.913043,0.000000,0.000000,100.000000,0,0,3972,0,0,3972,0.000000,0.000000,100.000000,0.000000,0.000000,100.000000,,
KvKK,6,1,2,king,king,21420,14560,0,0,0,0,0,21,0,21,0,5920,15500,0,0,21420,0.000000,27.637722,72.362278,0.000000,0.000000,100.000000,0,0,14560,0,0,14560,0.000000,0.000000,100.000000,0.000000,0.000000,100.000000,,
KvKK,7,1,2,king,king,55272,41520,0,0,0,0,0,27,0,27,0,12360,42912,0,0,55272,0.000000,22.362136,77.637864,0.000000,0.000000,100.000000,0,0,41520,0,0,41520,0.000000,0.000000,100.000000,0.000000,0.000000,100.000000,,
KvKK,8,1,2,king,king,124992,100212,0,0,0,0,0,33,0,33,0,22848,102144,0,0,124992,0.000000,18.279570,81.720430,0.000000,0.000000,100.000000,0,0,100212,0,0,100212,0.000000,0.000000,100.000000,0.000000,0.000000,100.000000,,
KvKK,9,1,2,king,king,255960,214648,0,0,0,0,0,45,0,45,0,38752,217208,0,0,255960,0.000000,15.139866,84.860134,0.000000,0.000000,100.000000,0,0,214648,0,0,214648,0.000000,0.000000,100.000000,0.000000,0.000000,100.000000,,
KvKK,10,1,2,king,king,485100,420192,0,0,0,0,0,55,0,55,0,61632,423468,0,0,485100,0.000000,12.705009,87.294991,0.000000,0.000000,100.000000,0,0,420192,0,0,420192,0.000000,0.000000,100.000000,0.000000,0.000000,100.000000,,
KvKK,11,1,2,king,king,863940,766620,0,0,0,0,0,69,0,69,0,93240,770700,0,0,863940,0.000000,10.792416,89.207584,0.000000,0.000000,100.000000,0,0,766620,0,0,766620,0.000000,0.000000,100.000000,0.000000,0.000000,100.000000,,
KvKK,12,1,2,king,king,1462032,1321540,0,0,0,0,0,81,0,81,0,135520,1326512,0,0,1462032,0.000000,9.269291,90.730709,0.000000,0.000000,100.000000,0,0,1321540,0,0,1321540,0.000000,0.000000,100.000000,0.000000,0.000000,100.000000,,
KvN,3,1,1,king,knight,72,16,0,0,0,1,3,1,3,0,72,0,0,48,8,16,100.000000,0.000000,0.000000,66.666667,11.111111,22.222222,16,0,0,16,0,0,100.000000,0.000000,0.000000,100.000000,0.000000,0.000000,"wKa1,bNc1","wKa1,bNc1"
KvN,4,1,1,king,knight,240,108,0,0,0,0,7,1,7,0,152,88,0,56,136,48,63.333333,36.666667,0.000000,23.333333,56.666667,20.000000,52,56,0,40,68,0,48.148148,51.851852,0.000000,37.037037,62.962963,0.000000,"wKa1,bNd1","wKa1,bNd1"
KvN,5,1,1,king,knight,600,360,0,0,0,0,3,1,3,0,184,416,0,8,496,96,30.666667,69.333333,0.000000,1.333333,82.666667,16.000000,32,328,0,4,356,0,8.888889,91.111111,0.000000,1.111111,98.888889,0.000000,"wKc1,bNa1","wKc1,bNa1"
KvN,6,1,1,king,knight,1260,880,0,0,0,0,3,1,3,0,260,1000,0,8,1092,160,20.634921,79.365079,0.000000,0.634921,86.666667,12.698413,32,848,0,4,876,0,3.636364,96.363636,0.000000,0.454545,99.545455,0.000000,"wKc1,bNa1","wKc1,bNa1"
KvN,7,1,1,king,knight,2352,1800,0,0,0,0,3,1,3,0,352,2000,0,8,2104,240,14.965986,85.034014,0.000000,0.340136,89.455782,10.204082,32,1768,0,4,1796,0,1.777778,98.222222,0.000000,0.222222,99.777778,0.000000,"wKc1,bNa1","wKc1,bNa1"
KvN,8,1,1,king,knight,4032,3276,0,0,0,0,3,1,3,0,460,3572,0,8,3688,336,11.408730,88.591270,0.000000,0.198413,91.468254,8.333333,32,3244,0,4,3272,0,0.976801,99.023199,0.000000,0.122100,99.877900,0.000000,"wKc1,bNa1","wKc1,bNa1"
KvN,9,1,1,king,knight,6480,5488,0,0,0,0,3,1,3,0,584,5896,0,8,6024,448,9.012346,90.987654,0.000000,0.123457,92.962963,6.913580,32,5456,0,4,5484,0,0.583090,99.416910,0.000000,0.072886,99.927114,0.000000,"wKc1,bNa1","wKc1,bNa1"
KvN,10,1,1,king,knight,9900,8640,0,0,0,0,3,1,3,0,724,9176,0,8,9316,576,7.313131,92.686869,0.000000,0.080808,94.101010,5.818182,32,8608,0,4,8636,0,0.370370,99.629630,0.000000,0.046296,99.953704,0.000000,"wKc1,bNa1","wKc1,bNa1"
KvN,11,1,1,king,knight,14520,12960,0,0,0,0,3,1,3,0,880,13640,0,8,13792,720,6.060606,93.939394,0.000000,0.055096,94.986226,4.958678,32,12928,0,4,12956,0,0.246914,99.753086,0.000000,0.030864,99.969136,0.000000,"wKc1,bNa1","wKc1,bNa1"
KvN,12,1,1,king,knight,20592,18700,0,0,0,0,3,1,3,0,1052,19540,0,8,19704,880,5.108780,94.891220,0.000000,0.038850,95.687646,4.273504,32,18668,0,4,18696,0,0.171123,99.828877,0.000000,0.021390,99.978610,0.000000,"wKc1,bNa1","wKc1,bNa1"
KvN,13,1,1,king,knight,28392,26136,0,0,0,0,3,1,3,0,1240,27152,0,8,27328,1056,4.367427,95.632573,0.000000,0.028177,96.252465,3.719358,32,26104,0,4,26132,0,0.122436,99.877564,0.000000,0.015305,99.984695,0.000000,"wKc1,bNa1","wKc1,bNa1"
KvN,14,1,1,king,knight,38220,35568,0,0,0,0,3,1,3,0,1444,36776,0,8,36964,1248,3.778127,96.221873,0.000000,0.020931,96.713762,3.265306,32,35536,0,4,35564,0,0.089969,99.910031,0.000000,0.011246,99.988754,0.000000,"wKc1,bNa1","wKc1,bNa1"
KvNN,3,1,2,king,knight,252,12,0,0,0,1,9,1,9,0,252,0,0,148,0,104,100.000000,0.000000,0.000000,58.730159,0.000000,41.269841,12,0,0,12,0,0,100.000000,0.000000,0.000000,100.000000,0.000000,0.000000,"wKa1,bNc2,bNb3","wKa1,bNc1,bNc3"
KvNN,4,1,2,king,knight,1680,360,0,0,0,0,9,3,0,3,268,1396,16,0,988,692,15.952381,83.095238,0.952381,0.000000,58.809524,41.190476,0,344,16,0,324,36,0.000000,95.555556,4.444444,0.000000,90.000000,10.000000,"wKb1,bNa1,bNc3",
KvNN,5,1,2,king,knight,6900,2536,0,0,0,0,3,3,0,3,60,6824,16,0,4700,2200,0.869565,98.898551,0.231884,0.000000,68.115942,31.884058,0,2520,16,0,2416,120,0.000000,99.369085,0.630915,0.000000,95.268139,4.731861,"wKb1,bNa1,bNb2",
KvNN,6,1,2,king,knight,21420,10524,0,0,0,0,3,3,0,3,60,21344,16,0,16140,5280,0.280112,99.645191,0.074697,0.000000,75.350140,24.649860,0,10508,16,0,10388,136,0.000000,99.847967,0.152033,0.000000,98.707716,1.292284,"wKb1,bNa1,bNb2",
KvNN,7,1,2,king,knight,55272,32460,0,0,0,0,3,3,0,3,60,55196,16,0,44376,10896,0.108554,99.862498,0.028948,0.000000,80.286583,19.713417,0,32444,16,0,32324,136,0.000000,99.950709,0.049291,0.000000,99.581023,0.418977,"wKb1,bNa1,bNb2",
KvNN,8,1,2,king,knight,124992,82600,0,0,0,0,3,3,0,3,60,124916,16,0,104824,20168,0.048003,99.939196,0.012801,0.000000,83.864567,16.135433,0,82584,16,0,82464,136,0.000000,99.980630,0.019370,0.000000,99.835351,0.164649,"wKb1,bNa1,bNb2",
KvNN,9,1,2,king,knight,255960,183660,0,0,0,0,3,3,0,3,60,255884,16,0,221568,34392,0.023441,99.970308,0.006251,0.000000,86.563526,13.436474,0,183644,16,0,183524,136,0.000000,99.991288,0.008712,0.000000,99.925950,0.074050,"wKb1,bNa1,bNb2",
KvNN,10,1,2,king,knight,485100,369516,0,0,0,0,3,3,0,3,60,485024,16,0,430044,55056,0.012369,99.984333,0.003298,0.000000,88.650588,11.349412,0,369500,16,0,369380,136,0.000000,99.995670,0.004330,0.000000,99.963195,0.036805,"wKb1,bNa1,bNb2",
KvNN,11,1,2,king,knight,863940,688264,0,0,0,0,3,3,0,3,60,863864,16,0,780100,83840,0.006945,99.991203,0.001852,0.000000,90.295622,9.704378,0,688248,16,0,688128,136,0.000000,99.997675,0.002325,0.000000,99.980240,0.019760,"wKb1,bNa1,bNb2",
KvNN,12,1,2,king,knight,1462032,1205640,0,0,0,0,3,3,0,3,60,1461956,16,0,1339416,122616,0.004104,99.994802,0.001094,0.000000,91.613316,8.386684,0,1205624,16,0,1205504,136,0.000000,99.998673,0.001327,0.000000,99.988720,0.011280,"wKb1,bNa1,bNb2",
KvNN,13,1,2,king,knight,2370732,2008800,0,0,0,0,3,3,0,3,60,2370656,16,0,2197284,173448,0.002531,99.996794,0.000675,0.000000,92.683779,7.316221,0,2008784,16,0,2008664,136,0.000000,99.999204,0.000796,0.000000,99.993230,0.006770,"wKb1,bNa1,bNb2",
KvNN,14,1,2,king,knight,3707340,3210460,0,0,0,0,3,3,0,3,60,3707264,16,0,3468748,238592,0.001618,99.997950,0.000432,0.000000,93.564335,6.435665,0,3210444,16,0,3210324,136,0.000000,99.999502,0.000498,0.000000,99.995764,0.004236,"wKb1,bNa1,bNb2",
KvQ,3,1,1,king,queen,72,16,0,0,0,0,1,5,0,5,40,0,32,0,0,72,55.555556,0.000000,44.444444,0.000000,0.000000,100.000000,0,0,16,0,0,16,0.000000,0.000000,100.000000,0.000000,0.000000,100.000000,"wKa1,bQb1",
KvQ,4,1,1,king,queen,240,88,0,0,0,0,1,9,0,9,84,0,156,0,0,240,35.000000,0.000000,65.000000,0.000000,0.000000,100.000000,0,0,88,0,0,88,0.000000,0.000000,100.000000,0.000000,0.000000,100.000000,"wKa1,bQb1",
KvQ,5,1,1,king,queen,600,280,0,0,0,0,1,13,0,13,144,0,456,0,0,600,24.000000,0.000000,76.000000,0.000000,0.000000,100.000000,0,0,280,0,0,280,0.000000,0.000000,100.000000,0.000000,0.000000,100.000000,"wKa1,bQb1",
KvQ,6,1,1,king,queen,1260,680,0,0,0,0,1,17,0,17,220,0,1040,0,0,1260,17.460317,0.000000,82.539683,0.000000,0.000000,100.000000,0,0,680,0,0,680,0.000000,0.000000,100.000000,0.000000,0.000000,100.000000,"wKa1,bQb1",
KvQ,7,1,1,king,queen,2352,1400,0,0,0,0,1,19,0,19,312,0,2040,0,0,2352,13.265306,0.000000,86.734694,0.000000,0.000000,100.000000,0,0,1400,0,0,1400,0.000000,0.000000,100.000000,0.000000,0.000000,100.000000,"wKa1,bQb1",
KvQ,8,1,1,king,queen,4032,2576,0,0,0,0,1,23,0,23,420,0,3612,0,0,4032,10.416667,0.000000,89.583333,0.000000,0.000000,100.000000,0,0,2576,0,0,2576,0.000000,0.000000,100.000000,0.000000,0.000000,100.000000,"wKa1,bQb1",
KvQ,9,1,1,king,queen,6480,4368,0,0,0,0,1,25,0,25,544,0,5936,0,0,6480,8.395062,0.000000,91.604938,0.000000,0.000000,100.000000,0,0,4368,0,0,4368,0.000000,0.000000,100.000000,0.000000,0.000000,100.000000,"wKa1,bQb1",
KvQ,10,1,1,king,queen,9900,6960,0,0,0,0,1,29,0,29,684,0,9216,0,0,9900,6.909091,0.000000,93.090909,0.000000,0.000000,100.000000,0,0,6960,0,0,6960,0.000000,0.000000,100.000000,0.000000,0.000000,100.000000,"wKa1,bQb1",
KvQ,11,1,1,king,queen,14520,na,0,0,na,na,1,31,0,na,840,0,13680,0,0,14520,5.785124,0.000000,94.214876,0.000000,0.000000,100.000000,na,na,na,na,na,na,na,na,na,na,na,na,"wKa1,bQb1",
KvQ,12,1,1,king,queen,20592,na,0,0,na,na,1,35,0,na,1012,0,19580,0,0,20592,4.914530,0.000000,95.085470,0.000000,0.000000,100.000000,na,na,na,na,na,na,na,na,na,na,na,na,"wKa1,bQb1",
KvQQ,3,1,2,king,queen,252,8,0,0,0,0,0,3,0,3,0,0,252,0,0,252,0.000000,0.000000,100.000000,0.000000,0.000000,100.000000,0,0,8,0,0,8,0.000000,0.000000,100.000000,0.000000,0.000000,100.000000,,
KvQQ,4,1,2,king,queen,1680,204,0,0,0,0,0,5,0,5,0,0,1680,0,0,1680,0.000000,0.000000,100.000000,0.000000,0.000000,100.000000,0,0,204,0,0,204,0.000000,0.000000,100.000000,0.000000,0.000000,100.000000,,
KvQQ,5,1,2,king,queen,6900,1444,0,0,0,0,0,5,0,5,0,0,6900,0,0,6900,0.000000,0.000000,100.000000,0.000000,0.000000,100.000000,0,0,1444,0,0,1444,0.000000,0.000000,100.000000,0.000000,0.000000,100.000000,,
KvQQ,6,1,2,king,queen,21420,6116,0,0,0,0,0,5,0,5,0,0,21420,0,0,21420,0.000000,0.000000,100.000000,0.000000,0.000000,100.000000,0,0,6116,0,0,6116,0.000000,0.000000,100.000000,0.000000,0.000000,100.000000,,
KvQQ,7,1,2,king,queen,55272,19364,0,0,0,0,0,7,0,7,0,0,55272,0,0,55272,0.000000,0.000000,100.000000,0.000000,0.000000,100.000000,0,0,19364,0,0,19364,0.000000,0.000000,100.000000,0.000000,0.000000,100.000000,,
KvQQ,8,1,2,king,queen,124992,50664,0,0,0,0,0,7,0,7,0,0,124992,0,0,124992,0.000000,0.000000,100.000000,0.000000,0.000000,100.000000,0,0,50664,0,0,50664,0.000000,0.000000,100.000000,0.000000,0.000000,100.000000,,
KvQQ,9,1,2,king,queen,255960,115768,0,0,0,0,0,7,0,7,0,0,255960,0,0,255960,0.000000,0.000000,100.000000,0.000000,0.000000,100.000000,0,0,115768,0,0,115768,0.000000,0.000000,100.000000,0.000000,0.000000,100.000000,,
KvQQ,10,1,2,king,queen,485100,239000,0,0,0,0,0,7,0,7,0,0,485100,0,0,485100,0.000000,0.000000,100.000000,0.000000,0.000000,100.000000,0,0,239000,0,0,239000,0.000000,0.000000,100.000000,0.000000,0.000000,100.000000,,
KvQQ,11,1,2,king,queen,863940,na,0,0,na,na,0,9,0,na,0,0,863940,0,0,863940,0.000000,0.000000,100.000000,0.000000,0.000000,100.000000,na,na,na,na,na,na,na,na,na,na,na,na,,
KvQQ,12,1,2,king,queen,1462032,na,0,0,na,na,0,9,0,na,0,0,1462032,0,0,1462032,0.000000,0.000000,100.000000,0.000000,0.000000,100.000000,na,na,na,na,na,na,na,na,na,na,na,na,,
KvR,3,1,1,king,rook,72,20,0,0,0,1,5,1,5,0,72,0,0,36,0,36,100.000000,0.000000,0.000000,50.000000,0.000000,50.000000,20,0,0,20,0,0,100.000000,0.000000,0.000000,100.000000,0.000000,0.000000,"wKa1,bRc2","wKa1,bRc2"
KvR,4,1,1,king,rook,240,108,0,0,0,0,1,1,0,0,84,156,0,0,144,96,35.000000,65.000000,0.000000,0.000000,60.000000,40.000000,0,108,0,0,108,0,0.000000,100.000000,0.000000,0.000000,100.000000,0.000000,"wKa1,bRb1",
KvR,5,1,1,king,rook,600,336,0,0,0,0,1,1,0,0,144,456,0,0,400,200,24.000000,76.000000,0.000000,0.000000,66.666667,33.333333,0,336,0,0,336,0,0.000000,100.000000,0.000000,0.000000,100.000000,0.000000,"wKa1,bRb1",
KvR,6,1,1,king,rook,1260,800,0,0,0,0,1,1,0,0,220,1040,0,0,900,360,17.460317,82.539683,0.000000,0.000000,71.428571,28.571429,0,800,0,0,800,0,0.000000,100.000000,0.000000,0.000000,100.000000,0.000000,"wKa1,bRb1",
KvR,7,1,1,king,rook,2352,1620,0,0,0,0,1,1,0,0,312,2040,0,0,1764,588,13.265306,86.734694,0.000000,0.000000,75.000000,25.000000,0,1620,0,0,1620,0,0.000000,100.000000,0.000000,0.000000,100.000000,0.000000,"wKa1,bRb1",
KvR,8,1,1,king,rook,4032,2940,0,0,0,0,1,1,0,0,420,3612,0,0,3136,896,10.416667,89.583333,0.000000,0.000000,77.777778,22.222222,0,2940,0,0,2940,0,0.000000,100.000000,0.000000,0.000000,100.000000,0.000000,"wKa1,bRb1",
KvR,9,1,1,king,rook,6480,4928,0,0,0,0,1,1,0,0,544,5936,0,0,5184,1296,8.395062,91.604938,0.000000,0.000000,80.000000,20.000000,0,4928,0,0,4928,0,0.000000,100.000000,0.000000,0.000000,100.000000,0.000000,"wKa1,bRb1",
KvR,10,1,1,king,rook,9900,7776,0,0,0,0,1,1,0,0,684,9216,0,0,8100,1800,6.909091,93.090909,0.000000,0.000000,81.818182,18.181818,0,7776,0,0,7776,0,0.000000,100.000000,0.000000,0.000000,100.000000,0.000000,"wKa1,bRb1",
KvR,11,1,1,king,rook,14520,na,0,0,na,na,1,1,0,na,840,13680,0,0,12100,2420,5.785124,94.214876,0.000000,0.000000,83.333333,16.666667,na,na,na,na,na,na,na,na,na,na,na,na,"wKa1,bRb1",
KvR,12,1,1,king,rook,20592,na,0,0,na,na,1,1,0,na,1012,19580,0,0,17424,3168,4.914530,95.085470,0.000000,0.000000,84.615385,15.384615,na,na,na,na,na,na,na,na,na,na,na,na,"wKa1,bRb1",
KvRR,3,1,2,king,rook,252,16,0,0,0,0,7,5,0,3,110,64,78,0,18,234,43.650794,25.396825,30.952381,0.000000,7.142857,92.857143,0,12,4,0,4,12,0.000000,75.000000,25.000000,0.000000,25.000000,75.000000,"wKa1,bRc1,bRa2",
KvRR,4,1,2,king,rook,1680,320,0,0,0,0,0,13,0,13,0,628,1052,0,0,1680,0.000000,37.380952,62.619048,0.000000,0.000000,100.000000,0,0,320,0,0,320,0.000000,0.000000,100.000000,0.000000,0.000000,100.000000,,
KvRR,5,1,2,king,rook,6900,2106,0,0,0,0,0,13,0,13,0,2062,4838,0,0,6900,0.000000,29.884058,70.115942,0.000000,0.000000,100.000000,0,0,2106,0,0,2106,0.000000,0.000000,100.000000,0.000000,0.000000,100.000000,,
KvRR,6,1,2,king,rook,21420,8512,0,0,0,0,0,15,0,15,0,5108,16312,0,0,21420,0.000000,23.846872,76.153128,0.000000,0.000000,100.000000,0,0,8512,0,0,8512,0.000000,0.000000,100.000000,0.000000,0.000000,100.000000,,
KvRR,7,1,2,king,rook,55272,26000,0,0,0,0,0,17,0,15,0,10654,44618,0,0,55272,0.000000,19.275583,80.724417,0.000000,0.000000,100.000000,0,0,26000,0,0,26000,0.000000,0.000000,100.000000,0.000000,0.000000,100.000000,,
KvRR,8,1,2,king,rook,124992,66096,0,0,0,0,0,17,0,17,0,19780,105212,0,0,124992,0.000000,15.825013,84.174987,0.000000,0.000000,100.000000,0,0,66096,0,0,66096,0.000000,0.000000,100.000000,0.000000,0.000000,100.000000,,
KvRR,9,1,2,king,rook,255960,147490,0,0,0,0,0,19,0,17,0,33758,222202,0,0,255960,0.000000,13.188779,86.811221,0.000000,0.000000,100.000000,0,0,147490,0,0,147490,0.000000,0.000000,100.000000,0.000000,0.000000,100.000000,,
KvRR,10,1,2,king,rook,485100,298496,0,0,0,0,0,19,0,19,0,54052,431048,0,0,485100,0.000000,11.142445,88.857555,0.000000,0.000000,100.000000,0,0,298496,0,0,298496,0.000000,0.000000,100.000000,0.000000,0.000000,100.000000,,
KvRR,11,1,2,king,rook,863940,na,0,0,na,na,0,21,0,na,0,82318,781622,0,0,863940,0.000000,9.528208,90.471792,0.000000,0.000000,100.000000,na,na,na,na,na,na,na,na,na,na,na,na,,
KvRR,12,1,2,king,rook,1462032,na,0,0,na,na,0,21,0,na,0,120404,1341628,0,0,1462032,0.000000,8.235387,91.764613,0.000000,0.000000,100.000000,na,na,na,na,na,na,na,na,na,na,na,na,,
NNNNvB,3,4,1,knight,bishop,630,9,0,0,0,0,7,0,5,0,626,4,0,582,48,0,99.365079,0.634921,0.000000,92.380952,7.619048,0.000000,5,4,0,9,0,0,55.555556,44.444444,0.000000,100.000000,0.000000,0.000000,"wNa1,wNc1,wNa3,wNc3,bBb2","wNb1,wNc1,wNa2,wNa3,bBa1"
NNNNvB,4,4,1,knight,bishop,21840,1908,0,1,0,1,5,0,5,0,21840,0,0,21840,0,0,100.000000,0.000000,0.000000,100.000000,0.000000,0.000000,1908,0,0,1908,0,0,100.000000,0.000000,0.000000,100.000000,0.000000,0.000000,"wNb1,wNc1,wNd1,wNa2,bBa4","wNb1,wNc1,wNa2,wNd2,bBa1"
NNNNvB,5,4,1,knight,bishop,265650,44614,0,1,0,1,7,0,7,0,265650,0,0,265650,0,0,100.000000,0.000000,0.000000,100.000000,0.000000,0.000000,44614,0,0,44614,0,0,100.000000,0.000000,0.000000,100.000000,0.000000,0.000000,"wNa1,wNc1,wNe1,wNb2,bBd2","wNa1,wNc1,wNe1,wNc2,bBc4"
NNNNvB,6,4,1,knight,bishop,1884960,455164,0,0,0,1,11,0,11,0,1884960,0,0,1879836,5124,0,100.000000,0.000000,0.000000,99.728164,0.271836,0.000000,455164,0,0,455164,0,0,100.000000,0.000000,0.000000,100.000000,0.000000,0.000000,"wNb1,wNd1,wNf1,wNa2,bBc5","wNb1,wNd1,wNf1,wNa2,bBc5"
NNNNvB,7,4,1,knight,bishop,9534420,2941195,0,0,0,0,21,0,15,0,9534408,12,0,9484042,50378,0,99.999874,0.000126,0.000000,99.471620,0.528380,0.000000,2941195,0,0,2941147,48,0,100.000000,0.000000,0.000000,99.998368,0.001632,0.000000,"wNa1,wNg1,wNa7,wNg7,bBb2","wNa1,wNg1,wNb2,wNf2,bBd5"
NNNNvB,8,4,1,knight,bishop,38122560,14050416,0,0,0,0,63,0,61,0,38122512,48,0,37889172,233388,0,99.999874,0.000126,0.000000,99.387796,0.612204,0.000000,14050416,0,0,14050204,212,0,100.000000,0.000000,0.000000,99.998491,0.001509,0.000000,"wNa1,wNg1,wNh2,wNa3,bBe5","wNa1,wNh1,wNg2,wNa8,bBa4"
NNNNvB,9,4,1,knight,bishop,128107980,54025298,0,0,0,0,33,0,33,0,125221093,2886887,0,81215810,46892170,0,97.746521,2.253479,0.000000,63.396371,36.603629,0.000000,54016155,9143,0,50266316,3758982,0,99.983076,0.016924,0.000000,93.042182,6.957818,0.000000,"wNa1,wNi1,wNa2,wNa4,bBf1","wNa1,wNi1,wNa2,wNa4,bBf1"
NNNNvB,10,4,1,knight,bishop,376437600,na,0,0,na,na,35,0,35,na,85046876,291390724,0,574292,375863308,0,22.592556,77.407444,0.000000,0.152560,99.847440,0.000000,na,na,na,na,na,na,na,na,na,na,na,na,"wNh1,wNg3,wNc5,wNf5,bBa7","wNj3,wNh4,wNc5,wNf5,bBd10"
NNNNvB,11,4,1,knight,bishop,993962970,na,0,0,na,na,25,0,25,na,189456598,804506372,0,734352,993228618,0,19.060730,80.939270,0.000000,0.073881,99.926119,0.000000,na,na,na,na,na,na,na,na,na,na,na,na,"wNg1,wNb2,wNc4,wNh4,bBa2","wNg1,wNb2,wNe3,wNf5,bBa2"
NNNNvB,12,4,1,knight,bishop,2405042640,na,0,0,na,na,25,0,25,na,394660472,2010382168,0,956116,2404086524,0,16.409708,83.590292,0.000000,0.039755,99.960245,0.000000,na,na,na,na,na,na,na,na,na,na,na,na,"wNg1,wNb2,wNc4,wNh4,bBa2","wNg1,wNb2,wNe3,wNf5,bBa2"
NNNNvK,3,4,1,knight,king,630,0,0,0,na,na,3,21,0,0,456,36,138,28,36,566,72.380952,5.714286,21.904762,4.444444,5.714286,89.841270,0,0,0,0,0,0,0.000000,0.000000,0.000000,0.000000,0.000000,0.000000,"wNa1,wNb1,wNa2,wNc2,bKb2",
NNNNvK,4,4,1,knight,king,21840,1120,0,0,0,1,31,0,7,0,21732,108,0,15836,6004,0,99.505495,0.494505,0.000000,72.509158,27.490842,0.000000,1120,0,0,1120,0,0,100.000000,0.000000,0.000000,100.000000,0.000000,0.000000,"wNd1,wNa2,wNc2,wNa4,bKb3","wNb1,wNd1,wNc2,wNa4,bKc4"
NNNNvK,5,4,1,knight,king,265650,38414,0,0,0,0,23,0,15,0,262568,3082,0,168086,97564,0,98.839827,1.160173,0.000000,63.273480,36.726520,0.000000,38414,0,0,38178,236,0,100.000000,0.000000,0.000000,99.385641,0.614359,0.000000,"wNa1,wNe1,wNa2,wNa3,bKb2","wNa1,wNe1,wNa5,wNe5,bKc3"
NNNNvK,6,4,1,knight,king,1884960,468424,0,0,0,0,21,0,19,0,1856876,28084,0,1192352,692608,0,98.510101,1.489899,0.000000,63.256090,36.743910,0.000000,468424,0,0,463944,4480,0,100.000000,0.000000,0.000000,99.043602,0.956398,0.000000,"wNb1,wNe1,wNe2,wNa4,bKd1","wNa1,wNd1,wNf3,wNa6,bKd3"
NNNNvK,7,4,1,knight,king,9534420,3327544,0,0,0,0,27,0,27,0,9386286,148134,0,6249442,3284978,0,98.446324,1.553676,0.000000,65.546116,34.453884,0.000000,3327004,540,0,3273538,54006,0,99.983772,0.016228,0.000000,98.377001,1.622999,0.000000,"wNa1,wNg1,wNf2,wNa6,bKe3","wNa1,wNg1,wNa7,wNg7,bKd4"
NNNNvK,8,4,1,knight,king,38122560,16728992,0,0,0,0,35,0,35,0,37621432,501128,0,26490956,11631604,0,98.685482,1.314518,0.000000,69.488922,30.511078,0.000000,16718128,10864,0,16451104,277888,0,99.935059,0.064941,0.000000,98.338884,1.661116,0.000000,"wNh1,wNa2,wNc2,wNa8,bKf3","wNh1,wNa2,wNc2,wNa8,bKf3"
NNNNvK,9,4,1,knight,king,128107980,66081160,0,0,0,0,41,0,41,0,126781646,1326334,0,94129337,33978643,0,98.964675,1.035325,0.000000,73.476560,26.523440,0.000000,66026192,54968,0,65148849,932311,0,99.916817,0.083183,0.000000,98.589143,1.410857,0.000000,"wNa1,wNi1,wNb2,wNd2,bKg3","wNa1,wNi1,wNb2,wNd2,bKg3"
NNNNvK,10,4,1,knight,king,376437600,218556664,0,0,0,0,45,0,45,0,373453492,2984108,0,290035884,86401716,0,99.207277,0.792723,0.000000,77.047533,22.952467,0.000000,218387636,169028,0,216147624,2409040,0,99.922662,0.077338,0.000000,98.897750,1.102250,0.000000,"wNa1,wNj1,wNc2,wNe2,bKh3","wNa1,wNj1,wNc2,wNe2,bKh3"
NNNNvK,11,4,1,knight,king,993962970,630871934,0,0,0,0,53,0,53,0,987955520,6007450,0,796088485,197874485,0,99.395606,0.604394,0.000000,80.092369,19.907631,0.000000,630461378,410556,0,625564605,5307329,0,99.934922,0.065078,0.000000,99.158731,0.841269,0.000000,"wNb1,wNh1,wNk1,wNa2,bKh3","wNb1,wNh1,wNk1,wNa2,bKh3"
NNNNvK,12,4,1,knight,king,2405042640,1635201664,0,0,0,0,59,0,59,0,2393908644,11133996,0,1987713688,417328952,0,99.537056,0.462944,0.000000,82.647752,17.352248,0.000000,1634345092,856572,0,1624745988,10455676,0,99.947617,0.052383,0.000000,99.360588,0.639412,0.000000,"wNa1,wNl1,wNb6,wNb8,bKc3","wNa1,wNl1,wNb6,wNb8,bKc3"
NNNNvK,13,4,1,knight,king,5411195790,3884102122,0,0,0,0,67,0,67,0,5391838476,19357314,0,4587854641,823341149,0,99.642273,0.357727,0.000000,84.784488,15.215512,0.000000,3882490350,1611772,0,3865122977,18979145,0,99.958503,0.041497,0.000000,99.511363,0.488637,0.000000,"wNa1,wNm1,wNa13,wNm13,bKd3","wNa1,wNm1,wNa13,wNm13,bKd3"
NNNNvK,14,4,1,knight,king,11448265920,8582803400,0,0,0,0,75,0,75,0,11416288500,31977420,0,9911338140,1536927780,0,99.720679,0.279321,0.000000,86.575017,13.424983,0.000000,8579989444,2813956,0,8550445096,32358304,0,99.967214,0.032786,0.000000,99.622987,0.377013,0.000000,"wNn1,wNe2,wNn4,wNa14,bKl4","wNn1,wNe2,wNn4,wNa14,bKl4"
NNNNvN,3,4,1,knight,knight,630,190,0,0,0,0,5,0,5,0,560,70,0,560,70,0,88.888889,11.111111,0.000000,88.888889,11.111111,0.000000,120,70,0,120,70,0,63.157895,36.842105,0.000000,63.157895,36.842105,0.000000,"wNa1,wNb2,wNc2,wNa3,bNc1","wNa1,wNb2,wNc2,wNa3,bNc1"
NNNNvN,4,4,1,knight,knight,21840,8140,0,1,0,1,11,0,11,0,21840,0,0,21840,0,0,100.000000,0.000000,0.000000,100.000000,0.000000,0.000000,8140,0,0,8140,0,0,100.000000,0.000000,0.000000,100.000000,0.000000,0.000000,"wNd1,wNb2,wNc3,wNa4,bNa1","wNd1,wNb2,wNc3,wNa4,bNa1"
NNNNvN,5,4,1,knight,knight,265650,129960,0,1,0,1,11,0,11,0,265650,0,0,265650,0,0,100.000000,0.000000,0.000000,100.000000,0.000000,0.000000,129960,0,0,129960,0,0,100.000000,0.000000,0.000000,100.000000,0.000000,0.000000,"wNa1,wNe1,wNa5,wNe5,bNc1","wNa1,wNe1,wNa5,wNe5,bNc1"
NNNNvN,6,4,1,knight,knight,1884960,1089148,0,1,0,1,13,0,13,0,1884960,0,0,1884960,0,0,100.000000,0.000000,0.000000,100.000000,0.000000,0.000000,1089148,0,0,1089148,0,0,100.000000,0.000000,0.000000,100.000000,0.000000,0.000000,"wNa1,wNe1,wNa5,wNe5,bNc1","wNa1,wNe1,wNa5,wNe5,bNc1"
NNNNvN,7,4,1,knight,knight,9534420,6182386,0,0,0,1,19,0,19,0,9534420,0,0,9534388,32,0,100.000000,0.000000,0.000000,99.999664,0.000336,0.000000,6182386,0,0,6182386,0,0,100.000000,0.000000,0.000000,100.000000,0.000000,0.000000,"wNa1,wNg1,wNa7,wNg7,bNd4","wNa1,wNg1,wNa7,wNg7,bNd4"
NNNNvN,8,4,1,knight,knight,38122560,26868060,0,1,0,1,21,0,21,0,38122560,0,0,38122560,0,0,100.000000,0.000000,0.000000,100.000000,0.000000,0.000000,26868060,0,0,26868060,0,0,100.000000,0.000000,0.000000,100.000000,0.000000,0.000000,"wNa1,wNc1,wNe1,wNg1,bNb1","wNa1,wNc1,wNe1,wNg1,bNb1"
NNNNvN,9,4,1,knight,knight,128107980,96055570,0,1,0,1,25,0,25,0,128107980,0,0,128107980,0,0,100.000000,0.000000,0.000000,100.000000,0.000000,0.000000,96055570,0,0,96055570,0,0,100.000000,0.000000,0.000000,100.000000,0.000000,0.000000,"wNa1,wNc1,wNe1,wNg1,bNb2","wNa1,wNc1,wNe1,wNg1,bNb2"
NNNNvN,10,4,1,knight,knight,376437600,295864060,0,1,0,1,31,0,31,0,376437600,0,0,376437600,0,0,100.000000,0.000000,0.000000,100.000000,0.000000,0.000000,295864060,0,0,295864060,0,0,100.000000,0.000000,0.000000,100.000000,0.000000,0.000000,"wNa1,wNb1,wNd1,wNf1,bNh1","wNa1,wNb1,wNd1,wNf1,bNh1"
NNNNvN,11,4,1,knight,knight,993962970,810303528,0,0,0,1,39,0,39,0,993962970,0,0,835766632,158196338,0,100.000000,0.000000,0.000000,84.084283,15.915717,0.000000,810303528,0,0,810303528,0,0,100.000000,0.000000,0.000000,100.000000,0.000000,0.000000,"wNa1,wNb1,wNd1,wNf1,bNc1","wNa1,wNb1,wNd1,wNf1,bNc1"
NNNNvN,12,4,1,knight,knight,2405042640,2018149516,0,0,0,1,49,0,49,0,2405042640,0,0,2063890436,341152204,0,100.000000,0.000000,0.000000,85.815129,14.184871,0.000000,2018149516,0,0,2018149516,0,0,100.000000,0.000000,0.000000,100.000000,0.000000,0.000000,"wNa1,wNc1,wNe1,wNg1,bNi1","wNa1,wNc1,wNe1,wNg1,bNi1"
NNNNvN,13,4,1,knight,knight,5411195790,4647386020,0,0,0,1,65,0,65,0,5411195790,0,0,4725520004,685675786,0,100.000000,0.000000,0.000000,87.328572,12.671428,0.000000,4647386020,0,0,4647386020,0,0,100.000000,0.000000,0.000000,100.000000,0.000000,0.000000,"wNa1,wNb1,wNl1,wNm1,bNc1","wNa1,wNb1,wNl1,wNm1,bNc1"
NNNNvQ,3,4,1,knight,queen,630,0,0,0,na,na,3,17,0,0,456,36,138,20,36,574,72.380952,5.714286,21.904762,3.174603,5.714286,91.111111,0,0,0,0,0,0,0.000000,0.000000,0.000000,0.000000,0.000000,0.000000,"wNa1,wNb1,wNa2,wNc2,bQb2",
NNNNvQ,4,4,1,knight,queen,21840,4,0,0,0,0,25,19,9,0,20684,1156,0,6996,11300,3544,94.706960,5.293040,0.000000,32.032967,51.739927,16.227106,4,0,0,0,4,0,100.000000,0.000000,0.000000,0.000000,100.000000,0.000000,"wNa1,wNd1,wNa3,wNb3,bQa2","wNb1,wNc1,wNa2,wNa3,bQd4"
NNNNvQ,5,4,1,knight,queen,265650,2192,0,0,0,0,17,19,11,17,152874,112768,8,2696,221440,41514,57.547149,42.449840,0.003011,1.014869,83.357802,15.627329,168,2024,0,8,2176,8,7.664234,92.335766,0.000000,0.364964,99.270073,0.364964,"wNa1,wNb1,wNb2,wNd2,bQb4","wNb1,wNd1,wNa2,wNc2,bQe5"
NNNNvQ,6,4,1,knight,queen,1884960,54084,0,0,0,0,7,23,0,19,801560,1081928,1472,488,1492012,392460,42.523979,57.397929,0.078092,0.025889,79.153510,20.820601,0,54084,0,0,53860,224,0.000000,100.000000,0.000000,0.000000,99.585829,0.414171,"wNb2,wNf2,wNc3,wNb4,bQf1",
NNNNvQ,7,4,1,knight,queen,9534420,558284,0,0,0,0,5,27,0,27,3357382,6148355,28683,476,6945636,2588308,35.213280,64.485884,0.300836,0.004992,72.848018,27.146990,0,558196,88,0,546800,11484,0.000000,99.984237,0.015763,0.000000,97.942982,2.057018,"wNc1,wNd1,wNd3,wNb4,bQb1",
NNNNvQ,8,4,1,knight,queen,38122560,3593004,0,0,0,0,5,41,0,39,11261216,26471996,389348,592,24921728,13200240,29.539506,69.439188,1.021306,0.001553,65.372651,34.625796,0,3588932,4072,0,3386388,206616,0.000000,99.886669,0.113331,0.000000,94.249492,5.750508,"wNc1,wNd1,wNd3,wNb4,bQb1",
NNNNvQ,9,4,1,knight,queen,128107980,16993750,0,0,0,0,5,43,0,41,32060758,92829995,3217227,728,74115234,53992018,25.026355,72.462305,2.511340,0.000568,57.853722,42.145710,0,16898276,95474,0,14898876,2094874,0.000000,99.438182,0.561818,0.000000,87.672680,12.327320,"wNc1,wNd1,wNd3,wNb4,bQb1",
NNNNvQ,10,4,1,knight,queen,376437600,na,0,0,na,na,5,55,0,na,80583712,275980872,19873016,880,189322308,187114412,21.406924,73.313843,5.279232,0.000234,50.293145,49.706621,na,na,na,na,na,na,na,na,na,na,na,na,"wNc1,wNd1,wNd3,wNb4,bQb1",
NNNNvQ,11,4,1,knight,queen,993962970,na,0,0,na,na,5,67,0,na,183671630,716466183,93825157,1048,428433446,565528476,18.478720,72.081778,9.439502,0.000105,43.103562,56.896332,na,na,na,na,na,na,na,na,na,na,na,na,"wNc1,wNd1,wNd3,wNb4,bQb1",
NNNNvQ,12,4,1,knight,queen,2405042640,na,0,0,na,na,5,81,0,na,386907520,1657135264,360999856,1232,878290784,1526750624,16.087346,68.902532,15.010123,0.000051,36.518720,63.481229,na,na,na,na,na,na,na,na,na,na,na,na,"wNc1,wNd1,wNd3,wNb4,bQb1",
NNNNvR,3,4,1,knight,rook,630,1,0,0,0,1,9,13,3,0,630,0,0,534,0,96,100.000000,0.000000,0.000000,84.761905,0.000000,15.238095,1,0,0,1,0,0,100.000000,0.000000,0.000000,100.000000,0.000000,0.000000,"wNb1,wNa2,wNc2,wNb3,bRb2","wNa1,wNc1,wNa3,wNc3,bRb2"
NNNNvR,4,4,1,knight,rook,21840,280,0,0,0,1,25,0,7,0,21840,0,0,20800,1040,0,100.000000,0.000000,0.000000,95.238095,4.761905,0.000000,280,0,0,280,0,0,100.000000,0.000000,0.000000,100.000000,0.000000,0.000000,"wNc1,wNd1,wNa3,wNa4,bRa1","wNa1,wNb1,wNc1,wNa2,bRd4"
NNNNvR,5,4,1,knight,rook,265650,14594,0,0,0,0,33,0,13,0,263398,2252,0,158370,107280,0,99.152268,0.847732,0.000000,59.616036,40.383964,0.000000,14594,0,0,14322,272,0,100.000000,0.000000,0.000000,98.136220,1.863780,0.000000,"wNb1,wNa2,wNc2,wNb3,bRb2","wNa1,wNe1,wNd4,wNa5,bRc3"
NNNNvR,6,4,1,knight,rook,1884960,206288,0,0,0,0,23,0,21,0,1792028,92932,0,817652,1067308,0,95.069816,4.930184,0.000000,43.377684,56.622316,0.000000,206168,120,0,180560,25728,0,99.941829,0.058171,0.000000,87.528116,12.471884,0.000000,"wNa1,wNf2,wNa3,wNa5,bRe2","wNe1,wNa2,wNf2,wNa5,bRb6"
NNNNvR,7,4,1,knight,rook,9534420,1601359,0,0,0,0,29,0,27,0,3495388,6039032,0,17379,9517041,0,36.660730,63.339270,0.000000,0.182276,99.817724,0.000000,5210,1596149,0,3,1601356,0,0.325349,99.674651,0.000000,0.000187,99.999813,0.000000,"wNb2,wNd3,wNe3,wNa5,bRd2","wNf1,wNd3,wNa4,wNc4,bRe2"
NNNNvR,8,4,1,knight,rook,38122560,8593720,0,0,0,0,15,0,11,0,11381944,26740616,0,13688,38108872,0,29.856190,70.143810,0.000000,0.035905,99.964095,0.000000,648,8593072,0,0,8593720,0,0.007540,99.992460,0.000000,0.000000,100.000000,0.000000,"wNf1,wNc2,wNb3,wNf3,bRb1","wNf2,wNc3,wNg3,wNa4,bRe1"
NNNNvR,9,4,1,knight,rook,128107980,35777110,0,0,0,0,13,0,0,0,32197522,95910458,0,14928,128093052,0,25.133112,74.866888,0.000000,0.011653,99.988347,0.000000,0,35777110,0,0,35777110,0,0.000000,100.000000,0.000000,0.000000,100.000000,0.000000,"wNe1,wNa2,wNb2,wNf2,bRb1",
NNNNvR,10,4,1,knight,rook,376437600,na,0,0,na,na,13,0,0,na,80745072,295692528,0,17208,376420392,0,21.449789,78.550211,0.000000,0.004571,99.995429,0.000000,na,na,na,na,na,na,na,na,na,na,na,na,"wNe1,wNa2,wNb2,wNf2,bRb1",
NNNNvR,11,4,1,knight,rook,993962970,na,0,0,na,na,13,0,0,na,183859890,810103080,0,19712,993943258,0,18.497660,81.502340,0.000000,0.001983,99.998017,0.000000,na,na,na,na,na,na,na,na,na,na,na,na,"wNe1,wNa2,wNb2,wNf2,bRb1",
NNNNvR,12,4,1,knight,rook,2405042640,na,0,0,na,na,13,0,0,na,387125080,2017917560,0,22440,2405020200,0,16.096392,83.903608,0.000000,0.000933,99.999067,0.000000,na,na,na,na,na,na,na,na,na,na,na,na,"wNe1,wNa2,wNb2,wNf2,bRb1",
NNNvB,3,3,1,knight,bishop,504,36,0,0,0,0,7,9,5,0,452,52,0,348,144,12,89.682540,10.317460,0.000000,69.047619,28.571429,2.380952,28,8,0,28,8,0,77.777778,22.222222,0.000000,77.777778,22.222222,0.000000,"wNa1,wNc2,wNa3,bBb2","wNb1,wNc1,wNa2,bBa1"
NNNvB,4,3,1,knight,bishop,7280,1232,0,0,0,1,7,0,7,0,7280,0,0,7244,36,0,100.000000,0.000000,0.000000,99.505495,0.494505,0.000000,1232,0,0,1232,0,0,100.000000,0.000000,0.000000,100.000000,0.000000,0.000000,"wNa1,wNd2,wNa3,bBd4","wNd1,wNb2,wNa4,bBb1"
NNNvB,5,3,1,knight,bishop,50600,13336,0,0,0,1,15,0,9,0,50600,0,0,50456,144,0,100.000000,0.000000,0.000000,99.715415,0.284585,0.000000,13336,0,0,13336,0,0,100.000000,0.000000,0.000000,100.000000,0.000000,0.000000,"wNa1,wNe1,wNa5,bBd2","wNa1,wNe1,wNc2,bBc4"
NNNvB,6,3,1,knight,bishop,235620,80984,0,0,0,0,13,0,13,0,234312,1308,0,165220,70400,0,99.444869,0.555131,0.000000,70.121382,29.878618,0.000000,80984,0,0,79176,1808,0,100.000000,0.000000,0.000000,97.767460,2.232540,0.000000,"wNa1,wNb1,wNb2,bBd4","wNb1,wNf1,wNa6,bBf2"
NNNvB,7,3,1,knight,bishop,847504,349988,0,0,0,0,21,0,21,0,837396,10108,0,570212,277292,0,98.807321,1.192679,0.000000,67.281334,32.718666,0.000000,349964,24,0,335892,14096,0,99.993143,0.006857,0.000000,95.972433,4.027567,0.000000,"wNa1,wNg1,wNd4,bBd6","wNa1,wNg1,wNd4,bBd6"
NNNvB,8,3,1,knight,bishop,2541504,1200208,0,0,0,0,63,0,63,0,2502180,39324,0,1716020,825484,0,98.452727,1.547273,0.000000,67.519862,32.480138,0.000000,1200096,112,0,1139432,60776,0,99.990668,0.009332,0.000000,94.936211,5.063789,0.000000,"wNa1,wNc1,wNg1,bBe3","wNb1,wNh1,wNa2,bBd1"
NNNvB,9,3,1,knight,bishop,6654960,3478840,0,0,0,0,19,0,19,0,1347644,5307316,0,6516,6648444,0,20.250219,79.749781,0.000000,0.097912,99.902088,0.000000,21584,3457256,0,108,3478732,0,0.620437,99.379563,0.000000,0.003104,99.996896,0.000000,"wNd3,wNe3,wNf3,bBb1","wNe1,wNe3,wNe5,bBb1"
NNNvB,10,3,1,knight,bishop,15684900,na,0,0,na,na,19,0,19,na,2654136,13030764,0,7488,15677412,0,16.921600,83.078400,0.000000,0.047740,99.952260,0.000000,na,na,na,na,na,na,na,na,na,na,na,na,"wNd3,wNe3,wNf3,bBb1","wNe1,wNe3,wNe5,bBb1"
NNNvB,11,3,1,knight,bishop,33981640,na,0,0,na,na,19,0,19,na,4898140,29083500,0,8680,33972960,0,14.414078,85.585922,0.000000,0.025543,99.974457,0.000000,na,na,na,na,na,na,na,na,na,na,na,na,"wNd3,wNe3,wNf3,bBb1","wNe1,wNe3,wNe5,bBb1"
NNNvB,12,3,1,knight,bishop,68715504,na,0,0,na,na,19,0,19,na,8548864,60166640,0,9984,68705520,0,12.440954,87.559046,0.000000,0.014529,99.985471,0.000000,na,na,na,na,na,na,na,na,na,na,na,na,"wNd3,wNe3,wNf3,bBb1","wNe1,wNe3,wNe5,bBb1"
NNNvBB,3,3,2,knight,bishop,1260,0,0,0,na,na,13,17,0,0,906,218,136,300,278,682,71.904762,17.301587,10.793651,23.809524,22.063492,54.126984,0,0,0,0,0,0,0.000000,0.000000,0.000000,0.000000,0.000000,0.000000,"wNc1,wNb2,wNa3,bBa1,bBc3",
NNNvBB,4,3,2,knight,bishop,43680,1408,0,0,0,0,29,23,29,0,42924,724,32,22944,14836,5900,98.269231,1.657509,0.073260,52.527473,33.965201,13.507326,1376,32,0,1288,120,0,97.727273,2.272727,0.000000,91.477273,8.522727,0.000000,"wNa1,wNd1,wNa4,bBa2,bBd2","wNa1,wNd1,wNa4,bBa2,bBd2"
NNNvBB,5,3,2,knight,bishop,531300,38804,0,0,0,0,37,25,31,0,522436,8856,8,279226,232718,19356,98.331639,1.666855,0.001506,52.555242,43.801619,3.643139,38800,4,0,36680,2124,0,99.989692,0.010308,0.000000,94.526337,5.473663,0.000000,"wNa1,wNb2,wNc2,bBc3,bBb5","wNa1,wNe1,wNa5,bBa3,bBe4"
NNNvBB,6,3,2,knight,bishop,3769920,451936,0,0,0,0,31,33,31,21,1712372,2057508,40,78688,3599672,91560,45.421972,54.576967,0.001061,2.087259,95.484042,2.428699,43468,408468,0,3084,448772,80,9.618176,90.381824,0.000000,0.682398,99.299901,0.017702,"wNc1,wNd1,wNb3,bBe4,bBe6","wNc1,wNd1,wNa4,bBe4,bBe6"
NNNvBB,7,3,2,knight,bishop,19068840,3276060,0,0,0,0,35,21,33,0,6329908,12738932,0,116922,18903036,48882,33.195034,66.804966,0.000000,0.613157,99.130498,0.256345,29132,3246928,0,646,3275414,0,0.889239,99.110761,0.000000,0.019719,99.980281,0.000000,"wNe2,wNc3,wNa4,bBd5,bBd7","wNc1,wNb2,wNd3,bBc6,bBd7"
NNNvBB,8,3,2,knight,bishop,76245120,17088964,0,0,0,0,85,25,77,0,21135400,55109720,0,243836,75833848,167436,27.720331,72.279669,0.000000,0.319805,99.460592,0.219602,30128,17058836,0,8,17088956,0,0.176301,99.823699,0.000000,0.000047,99.999953,0.000000,"wNg2,wNb3,wNa6,bBc2,bBf4","wNd1,wNb2,wNc2,bBf1,bBg2"
NNNvBB,9,3,2,knight,bishop,256215960,70269640,0,0,0,0,19,33,5,0,96520,256119440,0,4,255915612,300344,0.037671,99.962329,0.000000,0.000002,99.882775,0.117223,24,70269616,0,0,70269640,0,0.000034,99.999966,0.000000,0.000000,100.000000,0.000000,"wNd3,wNe3,wNf3,bBb1,bBe5","wNd1,wNc4,wNg4,bBc1,bBg1"
NNNvBB,10,3,2,knight,bishop,752875200,na,0,0,na,na,19,49,0,na,111932,752763268,0,0,751371808,1503392,0.014867,99.985133,0.000000,0.000000,99.800313,0.199687,na,na,na,na,na,na,na,na,na,na,na,na,"wNd3,wNe3,wNf3,bBb1,bBe5",
NNNvBB,11,3,2,knight,bishop,1987925940,na,0,0,na,na,19,53,0,na,131608,1987794332,0,0,1985900922,2025018,0.006620,99.993380,0.000000,0.000000,99.898134,0.101866,na,na,na,na,na,na,na,na,na,na,na,na,"wNd3,wNe3,wNf3,bBb1,bBe5",
NNNvBB,12,3,2,knight,bishop,4810085280,na,0,0,na,na,19,9,0,na,153260,4809932020,0,0,4810046572,38708,0.003186,99.996814,0.000000,0.000000,99.999195,0.000805,na,na,na,na,na,na,na,na,na,na,na,na,"wNd3,wNe3,wNf3,bBb1,bBe5",
NNNvK,3,3,1,knight,king,504,4,0,0,0,0,1,19,0,13,288,0,216,0,0,504,57.142857,0.000000,42.857143,0.000000,0.000000,100.000000,0,0,4,0,0,4,0.000000,0.000000,100.000000,0.000000,0.000000,100.000000,"wNa1,wNb1,wNc1,bKa2",
NNNvK,4,3,1,knight,king,7280,764,0,0,0,0,29,0,29,0,5736,1544,0,1244,6036,0,78.791209,21.208791,0.000000,17.087912,82.912088,0.000000,712,52,0,544,220,0,93.193717,6.806283,0.000000,71.204188,28.795812,0.000000,"wNa1,wNd1,wNb2,bKb4","wNa1,wNd1,wNb2,bKb4"
NNNvK,5,3,1,knight,king,50600,11592,0,0,0,0,21,0,21,0,28256,22344,0,1740,48860,0,55.841897,44.158103,0.000000,3.438735,96.561265,0.000000,4588,7004,0,1156,10436,0,39.579020,60.420980,0.000000,9.972395,90.027605,0.000000,"wNa1,wNb2,wNd2,bKc1","wNa1,wNe1,wNa5,bKe5"
NNNvK,6,3,1,knight,king,235620,82040,0,0,0,0,21,0,21,0,98736,136884,0,2808,232812,0,41.904762,58.095238,0.000000,1.191749,98.808251,0.000000,14428,67612,0,2112,79928,0,17.586543,82.413457,0.000000,2.574354,97.425646,0.000000,"wNe1,wNb2,wNd2,bKc1","wNe1,wNf2,wNa5,bKa1"
NNNvK,7,3,1,knight,king,847504,383080,0,0,0,0,21,0,21,0,262748,584756,0,3504,844000,0,31.002568,68.997432,0.000000,0.413449,99.586551,0.000000,21380,361700,0,2784,380296,0,5.581080,94.418920,0.000000,0.726741,99.273259,0.000000,"wNe1,wNb2,wNd2,bKc1","wNe1,wNf2,wNa5,bKa1"
NNNvK,8,3,1,knight,king,2541504,1367692,0,0,0,0,21,0,21,0,621776,1919728,0,4144,2537360,0,24.464884,75.535116,0.000000,0.163053,99.836947,0.000000,27772,1339920,0,3408,1364284,0,2.030574,97.969426,0.000000,0.249179,99.750821,0.000000,"wNe1,wNb2,wNd2,bKc1","wNe1,wNf2,wNa5,bKa1"
NNNvK,9,3,1,knight,king,6654960,4047584,0,0,0,0,21,0,21,0,1334588,5320372,0,4776,6650184,0,20.054035,79.945965,0.000000,0.071766,99.928234,0.000000,33836,4013748,0,4024,4043560,0,0.835955,99.164045,0.000000,0.099417,99.900583,0.000000,"wNe1,wNb2,wNd2,bKc1","wNe1,wNf2,wNa5,bKa1"
NNNvK,10,3,1,knight,king,15684900,10429752,0,0,0,0,21,0,21,0,2640760,13044140,0,5464,15679436,0,16.836320,83.163680,0.000000,0.034836,99.965164,0.000000,40340,10389412,0,4696,10425056,0,0.386778,99.613222,0.000000,0.045025,99.954975,0.000000,"wNe1,wNb2,wNd2,bKc1","wNe1,wNf2,wNa5,bKa1"
NNNvK,11,3,1,knight,king,33981640,24163280,0,0,0,0,21,0,21,0,4882076,29099564,0,6200,33975440,0,14.366805,85.633195,0.000000,0.018245,99.981755,0.000000,47188,24116092,0,5416,24157864,0,0.195288,99.804712,0.000000,0.022414,99.977586,0.000000,"wNe1,wNb2,wNd2,bKc1","wNe1,wNf2,wNa5,bKa1"
NNNvK,12,3,1,knight,king,68715504,51453500,0,0,0,0,21,0,21,0,8529784,60185720,0,7000,68708504,0,12.413187,87.586813,0.000000,0.010187,99.989813,0.000000,54628,51398872,0,6200,51447300,0,0.106170,99.893830,0.000000,0.012050,99.987950,0.000000,"wNe1,wNb2,wNd2,bKc1","wNe1,wNf2,wNa5,bKa1"
NNNvK,13,3,1,knight,king,131180504,102307352,0,0,0,0,21,0,21,0,14212780,116967724,0,7864,131172640,0,10.834522,89.165478,0.000000,0.005995,99.994005,0.000000,62636,102244716,0,7048,102300304,0,0.061223,99.938777,0.000000,0.006889,99.993111,0.000000,"wNe1,wNb2,wNd2,bKc1","wNe1,wNf2,wNa5,bKa1"
NNNvK,14,3,1,knight,king,238505540,192180504,0,0,0,0,21,0,21,0,22749608,215755932,0,8792,238496748,0,9.538398,90.461602,0.000000,0.003686,99.996314,0.000000,71236,192109268,0,7960,192172544,0,0.037067,99.962933,0.000000,0.004142,99.995858,0.000000,"wNe1,wNb2,wNd2,bKc1","wNe1,wNf2,wNa5,bKa1"
NNNvKK,3,3,2,knight,king,1260,0,0,0,na,na,0,11,0,0,0,0,1260,0,0,1260,0.000000,0.000000,100.000000,0.000000,0.000000,100.000000,0,0,0,0,0,0,0.000000,0.000000,0.000000,0.000000,0.000000,0.000000,,
NNNvKK,4,3,2,knight,king,43680,552,0,0,0,0,31,25,0,23,7556,32984,3140,0,14076,29604,17.298535,75.512821,7.188645,0.000000,32.225275,67.774725,0,540,12,0,472,80,0.000000,97.826087,2.173913,0.000000,85.507246,14.492754,"wNa1,wNd1,wNb2,bKa4,bKd4",
NNNvKK,5,3,2,knight,king,531300,30378,0,0,0,0,21,35,11,33,19644,505796,5860,12,305482,225806,3.697346,95.199699,1.102955,0.002259,57.497083,42.500659,24,30350,4,0,30106,272,0.079005,99.907828,0.013167,0.000000,99.104615,0.895385,"wNa1,wNb2,wNd2,bKc1,bKc4","wNa1,wNc2,wNc3,bKa5,bKe5"
NNNvKK,6,3,2,knight,king,3769920,476432,0,0,0,0,21,89,0,89,42496,3678616,48808,0,2242564,1527356,1.127239,97.578092,1.294669,0.000000,59.485719,40.514281,0,476348,84,0,466884,9548,0.000000,99.982369,0.017631,0.000000,97.995936,2.004064,"wNe1,wNb2,wNd2,bKc1,bKc4",
NNNvKK,7,3,2,knight,king,19068840,3977458,0,0,0,0,21,129,0,127,58128,18679400,331312,0,11528628,7540212,0.304832,97.957715,1.737452,0.000000,60.457941,39.542059,0,3975598,1860,0,3869142,108316,0.000000,99.953236,0.046764,0.000000,97.276753,2.723247,"wNe1,wNb2,wNd2,bKc1,bKc4",
NNNvKK,8,3,2,knight,king,76245120,22310328,0,0,0,0,21,67,0,49,71888,76171068,2164,0,74914612,1330508,0.094285,99.902876,0.002838,0.000000,98.254960,1.745040,0,22310300,28,0,22309384,944,0.000000,99.999874,0.000126,0.000000,99.995769,0.004231,"wNe1,wNb2,wNd2,bKc1,bKc4",
NNNvKK,9,3,2,knight,king,256215960,95279134,0,0,0,0,21,9,0,0,84544,256131416,0,0,256214264,1696,0.032997,99.967003,0.000000,0.000000,99.999338,0.000662,0,95279134,0,0,95279134,0,0.000000,100.000000,0.000000,0.000000,100.000000,0.000000,"wNe1,wNb2,wNd2,bKc1,bKc4",
NNNvKK,10,3,2,knight,king,752875200,333806832,0,0,0,0,21,9,0,0,97992,752777208,0,0,752873504,1696,0.013016,99.986984,0.000000,0.000000,99.999775,0.000225,0,333806832,0,0,333806832,0,0.000000,100.000000,0.000000,0.000000,100.000000,0.000000,"wNe1,wNb2,wNd2,bKc1,bKc4",
NNNvKK,11,3,2,knight,king,1987925940,1006571370,0,0,0,0,21,9,0,0,112304,1987813636,0,0,1987924244,1696,0.005649,99.994351,0.000000,0.000000,99.999915,0.000085,0,1006571370,0,0,1006571370,0,0.000000,100.000000,0.000000,0.000000,100.000000,0.000000,"wNe1,wNb2,wNd2,bKc1,bKc4",
NNNvKK,12,3,2,knight,king,4810085280,2698952920,0,0,0,0,21,9,0,0,127888,4809957392,0,0,4810083584,1696,0.002659,99.997341,0.000000,0.000000,99.999965,0.000035,0,2698952920,0,0,2698952920,0,0.000000,100.000000,0.000000,0.000000,100.000000,0.000000,"wNe1,wNb2,wNd2,bKc1,bKc4",
NNNvKK,13,3,2,knight,king,10822391580,6585048738,0,0,0,0,21,9,0,0,144744,10822246836,0,0,10822389884,1696,0.001337,99.998663,0.000000,0.000000,99.999984,0.000016,0,6585048738,0,0,6585048738,0,0.000000,100.000000,0.000000,0.000000,100.000000,0.000000,"wNe1,wNb2,wNd2,bKc1,bKc4",
NNNvKK,14,3,2,knight,king,22896531840,14868376944,0,0,0,0,21,9,0,0,162904,22896368936,0,0,22896530144,1696,0.000711,99.999289,0.000000,0.000000,99.999993,0.000007,0,14868376944,0,0,14868376944,0,0.000000,100.000000,0.000000,0.000000,100.000000,0.000000,"wNe1,wNb2,wNd2,bKc1,bKc4",
NNNvN,3,3,1,knight,knight,504,216,0,0,0,0,7,0,7,0,448,56,0,376,128,0,88.888889,11.111111,0.000000,74.603175,25.396825,0.000000,160,56,0,160,56,0,74.074074,25.925926,0.000000,74.074074,25.925926,0.000000,"wNc1,wNa2,wNb2,bNa1","wNc1,wNa2,wNb2,bNa1"
NNNvN,4,3,1,knight,knight,7280,3564,0,0,0,1,13,0,13,0,7280,0,0,5264,2016,0,100.000000,0.000000,0.000000,72.307692,27.692308,0.000000,3564,0,0,3564,0,0,100.000000,0.000000,0.000000,100.000000,0.000000,0.000000,"wNd1,wNb2,wNa4,bNc2","wNd1,wNb2,wNa4,bNc2"
NNNvN,5,3,1,knight,knight,50600,29744,0,0,0,1,13,0,13,0,50600,0,0,44588,6012,0,100.000000,0.000000,0.000000,88.118577,11.881423,0.000000,29744,0,0,29744,0,0,100.000000,0.000000,0.000000,100.000000,0.000000,0.000000,"wNa1,wNe1,wNa5,bNc1","wNa1,wNe1,wNa5,bNc1"
NNNvN,6,3,1,knight,knight,235620,156376,0,0,0,1,13,0,13,0,235620,0,0,180000,55620,0,100.000000,0.000000,0.000000,76.394194,23.605806,0.000000,156376,0,0,156376,0,0,100.000000,0.000000,0.000000,100.000000,0.000000,0.000000,"wNa1,wNc1,wNe1,bNb1","wNa1,wNc1,wNe1,bNb1"
NNNvN,7,3,1,knight,knight,847504,612824,0,0,0,0,19,0,19,0,847500,4,0,663880,183624,0,99.999528,0.000472,0.000000,78.333554,21.666446,0.000000,612820,4,0,612816,8,0,99.999347,0.000653,0.000000,99.998695,0.001305,0.000000,"wNb1,wNa2,wNg2,bNc5","wNb1,wNa2,wNg2,bNc5"
NNNvN,8,3,1,knight,knight,2541504,1955820,0,0,0,1,25,0,25,0,2541504,0,0,2053172,488332,0,100.000000,0.000000,0.000000,80.785708,19.214292,0.000000,1955820,0,0,1955820,0,0,100.000000,0.000000,0.000000,100.000000,0.000000,0.000000,"wNa1,wNc1,wNf1,bNe1","wNa1,wNc1,wNf1,bNe1"
NNNvN,9,3,1,knight,knight,6654960,5364184,0,0,0,1,35,0,35,0,6654960,0,0,5538024,1116936,0,100.000000,0.000000,0.000000,83.216488,16.783512,0.000000,5364184,0,0,5364184,0,0,100.000000,0.000000,0.000000,100.000000,0.000000,0.000000,"wNb1,wNd1,wNf1,bNa1","wNb1,wNd1,wNf1,bNa1"
NNNvN,10,3,1,knight,knight,15684900,13096264,0,0,0,1,81,0,81,0,15684900,0,0,13385296,2299604,0,100.000000,0.000000,0.000000,85.338740,14.661260,0.000000,13096264,0,0,13096264,0,0,100.000000,0.000000,0.000000,100.000000,0.000000,0.000000,"wNb1,wNi1,wNa2,bNd1","wNb1,wNi1,wNa2,bNd1"
NNNvN,11,3,1,knight,knight,33981640,29160496,0,0,0,0,25,0,25,0,5440716,28540924,0,82248,33899392,0,16.010752,83.989248,0.000000,0.242037,99.757963,0.000000,619572,28540924,0,78564,29081932,0,2.124696,97.875304,0.000000,0.269419,99.730581,0.000000,"wNd3,wNg3,wNa4,bNb1","wNd3,wNg3,wNa4,bNb1"
NNNvN,12,3,1,knight,knight,68715504,60256204,0,0,0,0,25,0,25,0,9245428,59470076,0,102448,68613056,0,13.454646,86.545354,0.000000,0.149090,99.850910,0.000000,786128,59470076,0,98592,60157612,0,1.304642,98.695358,0.000000,0.163621,99.836379,0.000000,"wNd3,wNg3,wNa4,bNb1","wNd3,wNg3,wNa4,bNb1"
NNNvN,13,3,1,knight,knight,131180504,117048480,0,0,0,0,25,0,25,0,15128796,116051708,0,128124,131052380,0,11.532808,88.467192,0.000000,0.097670,99.902330,0.000000,996772,116051708,0,124032,116924448,0,0.851589,99.148411,0.000000,0.105966,99.894034,0.000000,"wNd3,wNg3,wNa4,bNb1","wNd3,wNg3,wNa4,bNb1"
NNNvN,14,3,1,knight,knight,238505540,215847704,0,0,0,0,25,0,25,0,23907876,214597664,0,159128,238346412,0,10.024034,89.975966,0.000000,0.066719,99.933281,0.000000,1250040,214597664,0,154776,215692928,0,0.579131,99.420869,0.000000,0.071706,99.928294,0.000000,"wNd3,wNg3,wNa4,bNb1","wNd3,wNg3,wNa4,bNb1"
NNNvNN,3,3,2,knight,knight,1260,204,0,0,0,0,9,9,7,7,824,428,8,380,736,144,65.396825,33.968254,0.634921,30.158730,58.412698,11.428571,64,132,8,76,112,16,31.372549,64.705882,3.921569,37.254902,54.901961,7.843137,"wNa1,wNc1,wNb2,bNc2,bNa3","wNc1,wNa2,wNb2,bNb1,bNc2"
NNNvNN,4,3,2,knight,knight,43680,10080,0,0,0,0,19,5,19,0,30664,13016,0,2508,41164,8,70.201465,29.798535,0.000000,5.741758,94.239927,0.018315,2608,7472,0,1548,8532,0,25.873016,74.126984,0.000000,15.357143,84.642857,0.000000,"wNa1,wNc1,wNa2,bNd1,bNb2","wNa1,wNc1,wNa2,bNd1,bNb2"
NNNvNN,5,3,2,knight,knight,531300,183052,0,0,0,0,31,5,31,0,420434,110866,0,147224,384028,48,79.133070,20.866930,0.000000,27.710145,72.280821,0.009034,98738,84314,0,93780,89272,0,53.939864,46.060136,0.000000,51.231344,48.768656,0.000000,"wNa1,wNe1,wNc2,bNc3,bNc5","wNa1,wNe1,wNc2,bNc3,bNc5"
NNNvNN,6,3,2,knight,knight,3769920,1657024,0,0,0,0,31,5,31,0,1888872,1881048,0,29192,3740632,96,50.103769,49.896231,0.000000,0.774340,99.223113,0.002546,129436,1527588,0,25428,1631596,0,7.811353,92.188647,0.000000,1.534558,98.465442,0.000000,"wNa1,wNd1,wNe1,bNe2,bNa6","wNa1,wNd1,wNe1,bNe2,bNa6"
NNNvNN,7,3,2,knight,knight,19068840,9953732,0,0,0,0,27,0,27,0,8138078,10930762,0,77674,18991166,0,42.677363,57.322637,0.000000,0.407335,99.592665,0.000000,417194,9536538,0,72818,9880914,0,4.191332,95.808668,0.000000,0.731565,99.268435,0.000000,"wNa1,wNe1,wNc2,bNb2,bNa7","wNa1,wNe1,wNc2,bNb2,bNa7"
NNNvNN,8,3,2,knight,knight,76245120,45102192,0,0,0,0,59,5,59,0,27954500,48290620,0,184224,76060800,96,36.663986,63.336014,0.000000,0.241621,99.758253,0.000126,1011340,44090852,0,178680,44923512,0,2.242330,97.757670,0.000000,0.396167,99.603833,0.000000,"wNa1,wNf1,wNc3,bNh4,bNa8","wNa1,wNf1,wNc3,bNh4,bNa8"
NNNvNN,9,3,2,knight,knight,256215960,166331856,0,0,0,0,37,5,37,0,79445374,176770586,0,4882,256210982,96,31.007192,68.992808,0.000000,0.001905,99.998057,0.000037,57942,166273914,0,4698,166327158,0,0.034835,99.965165,0.000000,0.002824,99.997176,0.000000,"wNb1,wNc1,wNd1,bNf1,bNa2","wNe2,wNb3,wNe3,bNi1,bNb2"
NNNvNN,10,3,2,knight,knight,752875200,524562112,0,0,0,0,85,5,85,0,205305884,547569316,0,4696,752870408,96,27.269577,72.730423,0.000000,0.000624,99.999364,0.000013,52996,524509116,0,4544,524557568,0,0.010103,99.989897,0.000000,0.000866,99.999134,0.000000,"wNe2,wNd5,wNf5,bNa1,bNb5","wNe2,wNd5,wNf5,bNa1,bNb5"
NNNvNN,11,3,2,knight,knight,1987925940,1463202252,0,0,0,0,25,5,17,0,1597830,1986328110,0,1962,1987923882,96,0.080377,99.919623,0.000000,0.000099,99.999896,0.000005,26690,1463175562,0,1906,1463200346,0,0.001824,99.998176,0.000000,0.000130,99.999870,0.000000,"wNd3,wNg3,wNa4,bNb1,bNe5","wNd3,wNe3,wNe4,bNa2,bNa4"
NNNvNN,12,3,2,knight,knight,4810085280,3697368864,0,0,0,0,25,5,17,0,2016808,4808068472,0,2148,4810083036,96,0.041929,99.958071,0.000000,0.000045,99.999953,0.000002,29348,3697339516,0,2092,3697366772,0,0.000794,99.999206,0.000000,0.000057,99.999943,0.000000,"wNd3,wNg3,wNa4,bNb1,bNe5","wNd3,wNe3,wNe4,bNa2,bNa4"
NNNvNN,13,3,2,knight,knight,10822391580,8613779812,0,0,0,0,25,5,17,0,2555902,10819835678,0,2346,10822389138,96,0.023617,99.976383,0.000000,0.000022,99.999977,0.000001,32162,8613747650,0,2290,8613777522,0,0.000373,99.999627,0.000000,0.000027,99.999973,0.000000,"wNd3,wNg3,wNa4,bNb1,bNe5","wNd3,wNe3,wNe4,bNa2,bNa4"
NNNvNN,14,3,2,knight,knight,22896531840,18748609296,0,0,0,0,25,5,17,0,3213080,22893318760,0,2556,22896529188,96,0.014033,99.985967,0.000000,0.000011,99.999988,0.000000,35132,18748574164,0,2500,18748606796,0,0.000187,99.999813,0.000000,0.000013,99.999987,0.000000,"wNd3,wNg3,wNa4,bNb1,bNe5","wNd3,wNe3,wNe4,bNa2,bNa4"
NNNvQ,3,3,1,knight,queen,504,0,0,0,na,na,1,15,0,0,288,0,216,0,0,504,57.142857,0.000000,42.857143,0.000000,0.000000,100.000000,0,0,0,0,0,0,0.000000,0.000000,0.000000,0.000000,0.000000,0.000000,"wNa1,wNb1,wNc1,bQa2",
NNNvQ,4,3,1,knight,queen,7280,24,0,0,0,0,3,19,0,15,3876,2632,772,32,1728,5520,53.241758,36.153846,10.604396,0.439560,23.736264,75.824176,0,24,0,0,8,16,0.000000,100.000000,0.000000,0.000000,33.333333,66.666667,"wNb1,wNd1,wNa2,bQa1",
NNNvQ,5,3,1,knight,queen,50600,1472,0,0,0,0,3,17,0,17,21048,23996,5556,16,13384,37200,41.596838,47.422925,10.980237,0.031621,26.450593,73.517787,0,1416,56,0,776,696,0.000000,96.195652,3.804348,0.000000,52.717391,47.282609,"wNb1,wNd1,wNa2,bQa1",
NNNvQ,6,3,1,knight,queen,235620,16624,0,0,0,0,3,21,0,21,79332,117824,38464,8,52336,183276,33.669468,50.005942,16.324590,0.003395,22.212036,77.784568,0,15176,1448,0,7496,9128,0.000000,91.289702,8.710298,0.000000,45.091434,54.908566,"wNb1,wNd1,wNa2,bQa1",
NNNvQ,7,3,1,knight,queen,847504,101368,0,0,0,0,3,23,0,23,234768,414916,197820,8,154412,693084,27.701108,48.957409,23.341483,0.000944,18.219619,81.779437,0,83992,17376,0,37240,64128,0.000000,82.858496,17.141504,0.000000,36.737432,63.262568,"wNb1,wNd1,wNa2,bQa1",
NNNvQ,8,3,1,knight,queen,2541504,433736,0,0,0,0,3,29,0,27,585772,1133512,822220,8,367184,2174312,23.048242,44.600048,32.351710,0.000315,14.447508,85.552177,0,309104,124632,0,121472,312264,0.000000,71.265470,28.734530,0.000000,28.005976,71.994024,"wNb1,wNd1,wNa2,bQa1",
NNNvQ,9,3,1,knight,queen,6654960,1466568,0,0,0,0,3,33,0,31,1290864,2601208,2762888,8,757748,5897204,19.397021,39.086756,41.516222,0.000120,11.386214,88.613666,0,873384,593184,0,310504,1156064,0.000000,59.552915,40.447085,0.000000,21.172152,78.827848,"wNb1,wNd1,wNa2,bQa1",
NNNvQ,10,3,1,knight,queen,15684900,na,0,0,na,na,3,39,0,na,2588724,5220624,7875552,8,1408696,14276196,16.504562,33.284395,50.211044,0.000051,8.981224,91.018725,na,na,na,na,na,na,na,na,na,na,na,na,"wNb1,wNd1,wNa2,bQa1",
NNNvQ,11,3,1,knight,queen,33981640,na,0,0,na,na,3,41,0,na,4821232,9524368,19636040,8,2433908,31547724,14.187756,28.027982,57.784262,0.000024,7.162421,92.837556,na,na,na,na,na,na,na,na,na,na,na,na,"wNb1,wNd1,wNa2,bQa1",
NNNvQ,12,3,1,knight,queen,68715504,na,0,0,na,na,3,43,0,na,8459388,16127844,44128272,8,3962424,64753072,12.310741,23.470459,64.218800,0.000012,5.766419,94.233569,na,na,na,na,na,na,na,na,na,na,na,na,"wNb1,wNd1,wNa2,bQa1",
NNNvQQ,3,3,2,knight,queen,1260,0,0,0,na,na,0,7,0,0,0,0,1260,0,0,1260,0.000000,0.000000,100.000000,0.000000,0.000000,100.000000,0,0,0,0,0,0,0.000000,0.000000,0.000000,0.000000,0.000000,0.000000,,
NNNvQQ,4,3,2,knight,queen,43680,0,0,0,na,na,3,13,0,0,184,7244,36252,0,0,43680,0.421245,16.584249,82.994505,0.000000,0.000000,100.000000,0,0,0,0,0,0,0.000000,0.000000,0.000000,0.000000,0.000000,0.000000,"wNb1,wNd1,wNa2,bQa1,bQc3",
NNNvQQ,5,3,2,knight,queen,531300,504,0,0,0,0,3,15,0,13,200,81476,449624,0,0,531300,0.037644,15.335216,84.627141,0.000000,0.000000,100.000000,0,0,504,0,0,504,0.000000,0.000000,100.000000,0.000000,0.000000,100.000000,"wNb1,wNd1,wNa2,bQa1,bQc3",
NNNvQQ,6,3,2,knight,queen,3769920,21256,0,0,0,0,3,17,0,13,88,422696,3347136,0,32,3769888,0.002334,11.212333,88.785332,0.000000,0.000849,99.999151,0,0,21256,0,0,21256,0.000000,0.000000,100.000000,0.000000,0.000000,100.000000,"wNb1,wNd1,wNa2,bQa1,bQc3",
NNNvQQ,7,3,2,knight,queen,19068840,291892,0,0,0,0,3,19,0,15,88,1519576,17549176,0,112,19068728,0.000461,7.968896,92.030643,0.000000,0.000587,99.999413,0,0,291892,0,0,291892,0.000000,0.000000,100.000000,0.000000,0.000000,100.000000,"wNb1,wNd1,wNa2,bQa1,bQc3",
NNNvQQ,8,3,2,knight,queen,76245120,2298392,0,0,0,0,3,19,0,17,88,4143876,72101156,0,240,76244880,0.000115,5.434939,94.564945,0.000000,0.000315,99.999685,0,0,2298392,0,0,2298392,0.000000,0.000000,100.000000,0.000000,0.000000,100.000000,"wNb1,wNd1,wNa2,bQa1,bQc3",
NNNvQQ,9,3,2,knight,queen,256215960,12671548,0,0,0,0,3,21,0,19,88,9429784,246786088,0,384,256215576,0.000034,3.680405,96.319561,0.000000,0.000150,99.999850,0,0,12671548,0,0,12671548,0.000000,0.000000,100.000000,0.000000,0.000000,100.000000,"wNb1,wNd1,wNa2,bQa1,bQc3",
NNNvQQ,10,3,2,knight,queen,752875200,na,0,0,na,na,3,23,0,na,88,18779032,734096080,0,560,752874640,0.000012,2.494309,97.505680,0.000000,0.000074,99.999926,na,na,na,na,na,na,na,na,na,na,na,na,"wNb1,wNd1,wNa2,bQa1,bQc3",
NNNvQQ,11,3,2,knight,queen,1987925940,na,0,0,na,na,3,23,0,na,88,34154056,1953771796,0,768,1987925172,0.000004,1.718075,98.281921,0.000000,0.000039,99.999961,na,na,na,na,na,na,na,na,na,na,na,na,"wNb1,wNd1,wNa2,bQa1,bQc3",
NNNvQQ,12,3,2,knight,queen,4810085280,na,0,0,na,na,3,25,0,na,88,57857936,4752227256,0,1008,4810084272,0.000002,1.202846,98.797152,0.000000,0.000021,99.999979,na,na,na,na,na,na,na,na,na,na,na,na,"wNb1,wNd1,wNa2,bQa1,bQc3",
NNNvR,3,3,1,knight,rook,504,4,0,0,0,1,7,11,3,0,436,4,64,204,24,276,86.507937,0.793651,12.698413,40.476190,4.761905,54.761905,4,0,0,4,0,0,100.000000,0.000000,0.000000,100.000000,0.000000,0.000000,"wNa1,wNa2,wNc2,bRb1","wNa1,wNc1,wNa3,bRb2"
NNNvR,4,3,1,knight,rook,7280,340,0,0,0,0,31,11,27,0,6948,332,0,3128,3096,1056,95.439560,4.560440,0.000000,42.967033,42.527473,14.505495,340,0,0,332,8,0,100.000000,0.000000,0.000000,97.647059,2.352941,0.000000,"wNc1,wNd1,wNa2,bRb1","wNa1,wNd1,wNb3,bRc4"
NNNvR,5,3,1,knight,rook,50600,6040,0,0,0,0,33,21,33,0,29472,21128,0,1884,44972,3744,58.245059,41.754941,0.000000,3.723320,88.877470,7.399209,1716,4324,0,244,5796,0,28.410596,71.589404,0.000000,4.039735,95.960265,0.000000,"wNd1,wNa2,wNc2,bRb1","wNa2,wNc2,wNe2,bRb1"
NNNvR,6,3,1,knight,rook,235620,45836,0,0,0,0,9,25,7,0,81552,154068,0,228,225096,10296,34.611663,65.388337,0.000000,0.096766,95.533486,4.369748,224,45612,0,0,45836,0,0.488699,99.511301,0.000000,0.000000,100.000000,0.000000,"wNe1,wNf1,wNc2,bRc1","wNd1,wNd3,wNa4,bRc2"
NNNvR,7,3,1,knight,rook,847504,225148,0,0,0,0,5,0,3,0,235956,611548,0,120,847384,0,27.841285,72.158715,0.000000,0.014159,99.985841,0.000000,48,225100,0,0,225148,0,0.021319,99.978681,0.000000,0.000000,100.000000,0.000000,"wNd1,wNc2,wNc3,bRc1","wNc1,wNe1,wNc3,bRd2"
NNNvR,8,3,1,knight,rook,2541504,838116,0,0,0,0,5,0,0,0,586784,1954720,0,108,2541396,0,23.088061,76.911939,0.000000,0.004249,99.995751,0.000000,0,838116,0,0,838116,0,0.000000,100.000000,0.000000,0.000000,100.000000,0.000000,"wNd1,wNc2,wNc3,bRc1",
NNNvR,9,3,1,knight,rook,6654960,2570600,0,0,0,0,5,0,0,0,1291876,5363084,0,108,6654852,0,19.412228,80.587772,0.000000,0.001623,99.998377,0.000000,0,2570600,0,0,2570600,0,0.000000,100.000000,0.000000,0.000000,100.000000,0.000000,"wNd1,wNc2,wNc3,bRc1",
NNNvR,10,3,1,knight,rook,15684900,na,0,0,na,na,5,0,0,na,2589736,13095164,0,108,15684792,0,16.511014,83.488986,0.000000,0.000689,99.999311,0.000000,na,na,na,na,na,na,na,na,na,na,na,na,"wNd1,wNc2,wNc3,bRc1",
NNNvR,11,3,1,knight,rook,33981640,na,0,0,na,na,5,0,0,na,4822244,29159396,0,108,33981532,0,14.190734,85.809266,0.000000,0.000318,99.999682,0.000000,na,na,na,na,na,na,na,na,na,na,na,na,"wNd1,wNc2,wNc3,bRc1",
NNNvR,12,3,1,knight,rook,68715504,na,0,0,na,na,5,0,0,na,8460400,60255104,0,108,68715396,0,12.312214,87.687786,0.000000,0.000157,99.999843,0.000000,na,na,na,na,na,na,na,na,na,na,na,na,"wNd1,wNc2,wNc3,bRc1",
NNNvRR,3,3,2,knight,rook,1260,0,0,0,na,na,9,11,0,0,408,60,792,0,8,1252,32.380952,4.761905,62.857143,0.000000,0.634921,99.365079,0,0,0,0,0,0,0.000000,0.000000,0.000000,0.000000,0.000000,0.000000,"wNa1,wNc1,wNa2,bRc2,bRb3",
NNNvRR,4,3,2,knight,rook,43680,108,0,0,0,0,33,19,0,13,13948,15844,13888,0,1736,41944,31.932234,36.272894,31.794872,0.000000,3.974359,96.025641,0,40,68,0,8,100,0.000000,37.037037,62.962963,0.000000,7.407407,92.592593,"wNc1,wNa2,wNb2,bRa1,bRd1",
NNNvRR,5,3,2,knight,rook,531300,7284,0,0,0,0,33,31,0,25,19584,327448,184268,0,27930,503370,3.686053,61.631470,34.682477,0.000000,5.256917,94.743083,0,2400,4884,0,8,7276,0.000000,32.948929,67.051071,0.000000,0.109830,99.890170,"wNd1,wNa2,wNc2,bRb1,bRc3",
NNNvRR,6,3,2,knight,rook,3769920,141652,0,0,0,0,9,35,0,31,3136,2202444,1564340,0,183136,3586784,0.083185,58.421505,41.495310,0.000000,4.857822,95.142178,0,27480,114172,0,8,141644,0.000000,19.399655,80.600345,0.000000,0.005648,99.994352,"wNb1,wNe1,wNc2,bRc1,bRd2",
NNNvRR,7,3,2,knight,rook,19068840,1344048,0,0,0,0,5,41,0,35,1640,17595404,1471796,0,6813872,12254968,0.008600,92.273070,7.718330,0.000000,35.733018,64.266982,0,1318970,25078,0,981380,362668,0.000000,98.134144,1.865856,0.000000,73.016737,26.983263,"wNd1,wNa2,wNc3,bRc1,bRb4",
NNNvRR,8,3,2,knight,rook,76245120,8292388,0,0,0,0,5,59,0,57,1440,67565048,8678632,0,23779888,52465232,0.001889,88.615570,11.382541,0.000000,31.188734,68.811266,0,7895444,396944,0,5257532,3034856,0.000000,95.213152,4.786848,0.000000,63.401905,36.598095,"wNd1,wNa2,wNc3,bRc1,bRb4",
NNNvRR,9,3,2,knight,rook,256215960,38236608,0,0,0,0,5,67,0,65,1440,216429942,39784578,0,69256792,186959168,0.000562,84.471686,15.527752,0.000000,27.030632,72.969368,0,34863526,3373082,0,20969120,17267488,0.000000,91.178396,8.821604,0.000000,54.840429,45.159571,"wNd1,wNa2,wNc3,bRc1,bRb4",
NNNvRR,10,3,2,knight,rook,752875200,na,0,0,na,na,5,77,0,na,1440,601322676,151551084,0,177344192,575531008,0.000191,79.870167,20.129642,0.000000,23.555590,76.444410,na,na,na,na,na,na,na,na,na,na,na,na,"wNd1,wNa2,wNc3,bRc1,bRb4",
NNNvRR,11,3,2,knight,rook,1987925940,na,0,0,na,na,5,93,0,na,1440,1485092570,502831930,0,409901144,1578024796,0.000072,74.705629,25.294299,0.000000,20.619538,79.380462,na,na,na,na,na,na,na,na,na,na,na,na,"wNd1,wNa2,wNc3,bRc1,bRb4",
NNNvRR,12,3,2,knight,rook,4810085280,na,0,0,na,na,5,99,0,na,1440,3319767884,1490315956,0,869993604,3940091676,0.000030,69.016820,30.983150,0.000000,18.086864,81.913136,na,na,na,na,na,na,na,na,na,na,na,na,"wNd1,wNa2,wNc3,bRc1,bRb4",
NNvB,3,2,1,knight,bishop,252,54,0,0,0,0,7,9,5,9,160,68,24,70,112,70,63.492063,26.984127,9.523810,27.777778,44.444444,27.777778,16,36,2,26,24,4,29.629630,66.666667,3.703704,48.148148,44.444444,7.407407,"wNc1,wNa2,bBb2","wNb1,wNa2,bBa1"
NNvB,4,2,1,knight,bishop,1680,528,0,0,0,0,11,3,11,0,1660,20,0,1156,476,48,98.809524,1.190476,0.000000,68.809524,28.333333,2.857143,528,0,0,500,28,0,100.000000,0.000000,0.000000,94.696970,5.303030,0.000000,"wNb1,wNc1,bBa4","wNb1,wNc1,bBa4"
NNvB,5,2,1,knight,bishop,6900,2836,0,0,0,0,19,3,19,0,6844,56,0,4828,1968,104,99.188406,0.811594,0.000000,69.971014,28.521739,1.507246,2836,0,0,2724,112,0,100.000000,0.000000,0.000000,96.050776,3.949224,0.000000,"wNb1,wNd1,bBc5","wNb1,wNd1,bBc5"
NNvB,6,2,1,knight,bishop,21420,10484,0,0,0,0,7,3,7,0,7700,13720,0,360,20892,168,35.947712,64.052288,0.000000,1.680672,97.535014,0.784314,1336,9148,0,248,10236,0,12.743228,87.256772,0.000000,2.365509,97.634491,0.000000,"wNa1,wNb1,bBd1","wNa1,wNb1,bBd1"
NNvB,7,2,1,knight,bishop,55272,30594,0,0,0,0,7,3,7,0,11692,43580,0,96,54936,240,21.153568,78.846432,0.000000,0.173686,99.392097,0.434216,520,30074,0,40,30554,0,1.699680,98.300320,0.000000,0.130745,99.869255,0.000000,"wNc1,wNd2,bBd6","wNc1,wNd2,bBd6"
NNvB,8,2,1,knight,bishop,124992,75708,0,0,0,0,3,3,3,0,20476,104516,0,56,124616,320,16.381848,83.618152,0.000000,0.044803,99.699181,0.256016,232,75476,0,0,75708,0,0.306441,99.693559,0.000000,0.000000,100.000000,0.000000,"wNb1,wNd1,bBa1","wNb1,wNd1,bBa1"
NNvB,9,2,1,knight,bishop,255960,165972,0,0,0,0,3,3,3,0,34700,221260,0,56,255496,408,13.556806,86.443194,0.000000,0.021878,99.818722,0.159400,232,165740,0,0,165972,0,0.139783,99.860217,0.000000,0.000000,100.000000,0.000000,"wNb1,wNd1,bBa1","wNb1,wNd1,bBa1"
NNvB,10,2,1,knight,bishop,485100,na,0,0,na,na,3,3,3,na,55364,429736,0,56,484540,504,11.412905,88.587095,0.000000,0.011544,99.884560,0.103896,na,na,na,na,na,na,na,na,na,na,na,na,"wNb1,wNd1,bBa1","wNb1,wNd1,bBa1"
NNvB,11,2,1,knight,bishop,863940,na,0,0,na,na,3,3,3,na,84148,779792,0,56,863276,608,9.740028,90.259972,0.000000,0.006482,99.923143,0.070375,na,na,na,na,na,na,na,na,na,na,na,na,"wNb1,wNd1,bBa1","wNb1,wNd1,bBa1"
NNvB,12,2,1,knight,bishop,1462032,na,0,0,na,na,3,3,3,na,122924,1339108,0,56,1461256,720,8.407750,91.592250,0.000000,0.003830,99.946923,0.049247,na,na,na,na,na,na,na,na,na,na,na,na,"wNb1,wNd1,bBa1","wNb1,wNd1,bBa1"
NNvB,3,2,1,knight+knight,bishop,504,108,0,0,0,0,7,9,5,na,320,136,48,140,224,140,63.492063,26.984127,9.523810,27.777778,44.444444,27.777778,32,72,4,52,48,8,29.629630,66.666667,3.703704,48.148148,44.444444,7.407407,"wNa1,wNc2,bBb2","wNa1,wNc3,bBc1"
NNvB,4,2,1,knight+knight,bishop,3360,1056,0,0,0,0,11,3,11,na,3320,40,0,2312,952,96,98.809524,1.190476,0.000000,68.809524,28.333333,2.857143,1056,0,0,1000,56,0,100.000000,0.000000,0.000000,94.696970,5.303030,0.000000,"wNb1,wNc1,bBa4","wNb1,wNc1,bBa4"
NNvB,5,2,1,knight+knight,bishop,13800,5672,0,0,0,0,19,3,19,na,13688,112,0,9656,3936,208,99.188406,0.811594,0.000000,69.971014,28.521739,1.507246,5672,0,0,5448,224,0,100.000000,0.000000,0.000000,96.050776,3.949224,0.000000,"wNa1,wNe1,bBc3","wNa1,wNd4,bBe1"
NNvB,6,2,1,knight+knight,bishop,42840,20968,0,0,0,0,7,3,7,na,15400,27440,0,720,41784,336,35.947712,64.052288,0.000000,1.680672,97.535014,0.784314,2672,18296,0,496,20472,0,12.743228,87.256772,0.000000,2.365509,97.634491,0.000000,"wNa1,wNb1,bBd1","wNa1,wNb1,bBd1"
NNvB,7,2,1,knight+knight,bishop,110544,61188,0,0,0,0,7,3,7,na,23384,87160,0,192,109872,480,21.153568,78.846432,0.000000,0.173686,99.392097,0.434216,1040,60148,0,80,61108,0,1.699680,98.300320,0.000000,0.130745,99.869255,0.000000,"wNb1,wNd3,bBd6","wNb1,wNd3,bBd6"
NNvB,8,2,1,knight+knight,bishop,249984,151416,0,0,0,0,3,3,3,na,40952,209032,0,112,249232,640,16.381848,83.618152,0.000000,0.044803,99.699181,0.256016,464,150952,0,0,151416,0,0.306441,99.693559,0.000000,0.000000,100.000000,0.000000,"wNa1,wNd2,bBa2","wNa1,wNd2,bBa2"
NNvB,9,2,1,knight+knight,bishop,511920,331944,0,0,0,0,3,3,3,na,69400,442520,0,112,510992,816,13.556806,86.443194,0.000000,0.021878,99.818722,0.159400,464,331480,0,0,331944,0,0.139783,99.860217,0.000000,0.000000,100.000000,0.000000,"wNa1,wNd2,bBa2","wNa1,wNd2,bBa2"
NNvB,10,2,1,knight+knight,bishop,970200,663344,0,0,0,0,3,3,3,na,110728,859472,0,112,969080,1008,11.412905,88.587095,0.000000,0.011544,99.884560,0.103896,464,662880,0,0,663344,0,0.069949,99.930051,0.000000,0.000000,100.000000,0.000000,"wNa1,wNd2,bBa2","wNa1,wNd2,bBa2"
NNvB,11,2,1,knight+knight,bishop,1727880,1232276,0,0,0,0,3,3,3,na,168296,1559584,0,112,1726552,1216,9.740028,90.259972,0.000000,0.006482,99.923143,0.070375,464,1231812,0,0,1232276,0,0.037654,99.962346,0.000000,0.000000,100.000000,0.000000,"wNa1,wNd2,bBa2","wNa1,wNd2,bBa2"
NNvB,12,2,1,knight+knight,bishop,2924064,2158000,0,0,0,0,3,3,3,na,245848,2678216,0,112,2922512,1440,8.407750,91.592250,0.000000,0.003830,99.946923,0.049247,464,2157536,0,0,2158000,0,0.021501,99.978499,0.000000,0.000000,100.000000,0.000000,"wNa1,wNd2,bBa2","wNa1,wNd2,bBa2"
NNvBB,3,2,2,knight,bishop,756,18,0,0,0,0,13,13,13,9,198,236,322,24,122,610,26.190476,31.216931,42.592593,3.174603,16.137566,80.687831,2,4,12,4,4,10,11.111111,22.222222,66.666667,22.222222,22.222222,55.555556,"wNa2,wNc2,bBc1,bBa3","wNc1,wNa3,bBa1,bBc3"
NNvBB,4,2,2,knight,bishop,10920,1080,0,0,0,0,15,23,15,23,4776,4956,1188,256,3644,7020,43.736264,45.384615,10.879121,2.344322,33.369963,64.285714,48,720,312,28,628,424,4.444444,66.666667,28.888889,2.592593,58.148148,39.259259,"wNb1,wNc1,bBa1,bBb4","wNb1,wNc1,bBa1,bBb4"
NNvBB,5,2,2,knight,bishop,75900,13092,0,0,0,0,23,25,21,25,27196,45938,2766,766,34570,40564,35.831357,60.524374,3.644269,1.009223,45.546772,53.444005,216,12446,430,14,10882,2196,1.649863,95.065689,3.284449,0.106936,83.119462,16.773602,"wNd1,wNa2,bBb1,bBe3","wNa1,wNb1,bBc1,bBa5"
NNvBB,6,2,2,knight,bishop,353430,85394,0,0,0,0,7,33,0,33,3828,339330,10272,0,178152,175278,1.083100,96.010525,2.906375,0.000000,50.406587,49.593413,0,84142,1252,0,74228,11166,0.000000,98.533855,1.466145,0.000000,86.924140,13.075860,"wNa1,wNb1,bBd1,bBc3",
NNvBB,7,2,2,knight,bishop,1271256,391270,0,0,0,0,7,21,0,21,1124,1265128,5004,0,1006608,264648,0.088416,99.517957,0.393626,0.000000,79.182163,20.817837,0,390400,870,0,384676,6594,0.000000,99.777647,0.222353,0.000000,98.314719,1.685281,"wNc1,wNd2,bBd3,bBd6",
NNvBB,8,2,2,knight,bishop,3812256,1402672,0,0,0,0,3,25,0,25,540,3796390,15326,0,3087886,724370,0.014165,99.583816,0.402019,0.000000,80.998915,19.001085,0,1401530,1142,0,1385338,17334,0.000000,99.918584,0.081416,0.000000,98.764216,1.235784,"wNb1,wNd1,bBa1,bBc3",
NNvBB,9,2,2,knight,bishop,9982440,4205484,0,0,0,0,3,33,0,33,540,9957770,24130,0,8988480,993960,0.005409,99.752866,0.241724,0.000000,90.042915,9.957085,0,4204634,850,0,4178920,26564,0.000000,99.979788,0.020212,0.000000,99.368349,0.631651,"wNb1,wNd1,bBa1,bBc3",
NNvBB,10,2,2,knight,bishop,23527350,na,0,0,na,na,3,49,0,na,540,23420248,106562,0,19566436,3960914,0.002295,99.544777,0.452928,0.000000,83.164640,16.835360,na,na,na,na,na,na,na,na,na,na,na,na,"wNb1,wNd1,bBa1,bBc3",
NNvBB,11,2,2,knight,bishop,50972460,na,0,0,na,na,3,53,0,na,540,50844196,127724,0,46641994,4330466,0.001059,99.748366,0.250575,0.000000,91.504303,8.495697,na,na,na,na,na,na,na,na,na,na,na,na,"wNb1,wNd1,bBa1,bBc3",
NNvBB,12,2,2,knight,bishop,103073256,na,0,0,na,na,3,35,0,na,540,103071398,1318,0,102364920,708336,0.000524,99.998197,0.001279,0.000000,99.312784,0.687216,na,na,na,na,na,na,na,na,na,na,na,na,"wNb1,wNd1,bBa1,bBc3",
NNvK,3,2,1,knight,king,252,12,0,0,0,0,1,9,0,9,104,0,148,0,0,252,41.269841,0.000000,58.730159,0.000000,0.000000,100.000000,0,0,12,0,0,12,0.000000,0.000000,100.000000,0.000000,0.000000,100.000000,"wNa1,wNb1,bKc2",
NNvK,4,2,1,knight,king,1680,360,0,0,0,0,3,9,3,0,692,988,0,16,1396,268,41.190476,58.809524,0.000000,0.952381,83.095238,15.952381,36,324,0,16,344,0,10.000000,90.000000,0.000000,4.444444,95.555556,0.000000,"wNa1,wNc1,bKd1","wNa1,wNc1,bKa4"
NNvK,5,2,1,knight,king,6900,2536,0,0,0,0,3,3,3,0,2200,4700,0,16,6824,60,31.884058,68.115942,0.000000,0.231884,98.898551,0.869565,120,2416,0,16,2520,0,4.731861,95.268139,0.000000,0.630915,99.369085,0.000000,"wNb1,wNd1,bKa1","wNb1,wNa2,bKe1"
NNvK,6,2,1,knight,king,21420,10524,0,0,0,0,3,3,3,0,5280,16140,0,16,21344,60,24.649860,75.350140,0.000000,0.074697,99.645191,0.280112,136,10388,0,16,10508,0,1.292284,98.707716,0.000000,0.152033,99.847967,0.000000,"wNb1,wNd1,bKa1","wNc1,wNb2,bKf1"
NNvK,7,2,1,knight,king,55272,32460,0,0,0,0,3,3,3,0,10896,44376,0,16,55196,60,19.713417,80.286583,0.000000,0.028948,99.862498,0.108554,136,32324,0,16,32444,0,0.418977,99.581023,0.000000,0.049291,99.950709,0.000000,"wNb1,wNd1,bKa1","wNd1,wNc2,bKg1"
NNvK,8,2,1,knight,king,124992,82600,0,0,0,0,3,3,3,0,20168,104824,0,16,124916,60,16.135433,83.864567,0.000000,0.012801,99.939196,0.048003,136,82464,0,16,82584,0,0.164649,99.835351,0.000000,0.019370,99.980630,0.000000,"wNb1,wNd1,bKa1","wNe1,wNd2,bKh1"
NNvK,9,2,1,knight,king,255960,183660,0,0,0,0,3,3,3,0,34392,221568,0,16,255884,60,13.436474,86.563526,0.000000,0.006251,99.970308,0.023441,136,183524,0,16,183644,0,0.074050,99.925950,0.000000,0.008712,99.991288,0.000000,"wNb1,wNd1,bKa1","wNd1,wNe2,bKa1"
NNvK,10,2,1,knight,king,485100,369516,0,0,0,0,3,3,3,0,55056,430044,0,16,485024,60,11.349412,88.650588,0.000000,0.003298,99.984333,0.012369,136,369380,0,16,369500,0,0.036805,99.963195,0.000000,0.004330,99.995670,0.000000,"wNb1,wNd1,bKa1","wNd1,wNe2,bKa1"
NNvK,11,2,1,knight,king,863940,688264,0,0,0,0,3,3,3,0,83840,780100,0,16,863864,60,9.704378,90.295622,0.000000,0.001852,99.991203,0.006945,136,688128,0,16,688248,0,0.019760,99.980240,0.000000,0.002325,99.997675,0.000000,"wNb1,wNd1,bKa1","wNd1,wNe2,bKa1"
NNvK,12,2,1,knight,king,1462032,1205640,0,0,0,0,3,3,3,0,122616,1339416,0,16,1461956,60,8.386684,91.613316,0.000000,0.001094,99.994802,0.004104,136,1205504,0,16,1205624,0,0.011280,99.988720,0.000000,0.001327,99.998673,0.000000,"wNb1,wNd1,bKa1","wNd1,wNe2,bKa1"
NNvK,13,2,1,knight,king,2370732,2008800,0,0,0,0,3,3,3,0,173448,2197284,0,16,2370656,60,7.316221,92.683779,0.000000,0.000675,99.996794,0.002531,136,2008664,0,16,2008784,0,0.006770,99.993230,0.000000,0.000796,99.999204,0.000000,"wNb1,wNd1,bKa1","wNd1,wNe2,bKa1"
NNvK,14,2,1,knight,king,3707340,3210460,0,0,0,0,3,3,3,0,238592,3468748,0,16,3707264,60,6.435665,93.564335,0.000000,0.000432,99.997950,0.001618,136,3210324,0,16,3210444,0,0.004236,99.995764,0.000000,0.000498,99.999502,0.000000,"wNb1,wNd1,bKa1","wNd1,wNe2,bKa1"
NNvK,3,2,1,knight+knight,king,504,24,0,0,0,0,1,9,0,na,208,0,296,0,0,504,41.269841,0.000000,58.730159,0.000000,0.000000,100.000000,0,0,24,0,0,24,0.000000,0.000000,100.000000,0.000000,0.000000,100.000000,"wNa1,wNb1,bKc2",
NNvK,4,2,1,knight+knight,king,3360,720,0,0,0,0,3,9,3,na,1384,1976,0,32,2792,536,41.190476,58.809524,0.000000,0.952381,83.095238,15.952381,72,648,0,32,688,0,10.000000,90.000000,0.000000,4.444444,95.555556,0.000000,"wNa1,wNc1,bKd1","wNa1,wNc1,bKa4"
NNvK,5,2,1,knight+knight,king,13800,5072,0,0,0,0,3,3,3,na,4400,9400,0,32,13648,120,31.884058,68.115942,0.000000,0.231884,98.898551,0.869565,240,4832,0,32,5040,0,4.731861,95.268139,0.000000,0.630915,99.369085,0.000000,"wNa1,wNc3,bKe1","wNa1,wNc3,bKe1"
NNvK,6,2,1,knight+knight,king,42840,21048,0,0,0,0,3,3,3,na,10560,32280,0,32,42688,120,24.649860,75.350140,0.000000,0.074697,99.645191,0.280112,272,20776,0,32,21016,0,1.292284,98.707716,0.000000,0.152033,99.847967,0.000000,"wNb1,wNd1,bKa1","wNb1,wNd3,bKf1"
NNvK,7,2,1,knight+knight,king,110544,64920,0,0,0,0,3,3,3,na,21792,88752,0,32,110392,120,19.713417,80.286583,0.000000,0.028948,99.862498,0.108554,272,64648,0,32,64888,0,0.418977,99.581023,0.000000,0.049291,99.950709,0.000000,"wNb1,wNd1,bKa1","wNc1,wNc3,bKa1"
NNvK,8,2,1,knight+knight,king,249984,165200,0,0,0,0,3,3,3,na,40336,209648,0,32,249832,120,16.135433,83.864567,0.000000,0.012801,99.939196,0.048003,272,164928,0,32,165168,0,0.164649,99.835351,0.000000,0.019370,99.980630,0.000000,"wNb1,wNd1,bKa1","wNc1,wNc3,bKa1"
NNvK,9,2,1,knight+knight,king,511920,367320,0,0,0,0,3,3,3,na,68784,443136,0,32,511768,120,13.436474,86.563526,0.000000,0.006251,99.970308,0.023441,272,367048,0,32,367288,0,0.074050,99.925950,0.000000,0.008712,99.991288,0.000000,"wNb1,wNd1,bKa1","wNc1,wNc3,bKa1"
NNvK,10,2,1,knight+knight,king,970200,739032,0,0,0,0,3,3,3,na,110112,860088,0,32,970048,120,11.349412,88.650588,0.000000,0.003298,99.984333,0.012369,272,738760,0,32,739000,0,0.036805,99.963195,0.000000,0.004330,99.995670,0.000000,"wNb1,wNd1,bKa1","wNc1,wNc3,bKa1"
NNvK,11,2,1,knight+knight,king,1727880,1376528,0,0,0,0,3,3,3,na,167680,1560200,0,32,1727728,120,9.704378,90.295622,0.000000,0.001852,99.991203,0.006945,272,1376256,0,32,1376496,0,0.019760,99.980240,0.000000,0.002325,99.997675,0.000000,"wNb1,wNd1,bKa1","wNc1,wNc3,bKa1"
NNvK,12,2,1,knight+knight,king,2924064,2411280,0,0,0,0,3,3,3,na,245232,2678832,0,32,2923912,120,8.386684,91.613316,0.000000,0.001094,99.994802,0.004104,272,2411008,0,32,2411248,0,0.011280,99.988720,0.000000,0.001327,99.998673,0.000000,"wNb1,wNd1,bKa1","wNc1,wNc3,bKa1"
NNvKK,3,2,2,knight,king,756,6,0,0,0,0,0,5,0,5,0,0,756,0,0,756,0.000000,0.000000,100.000000,0.000000,0.000000,100.000000,0,0,6,0,0,6,0.000000,0.000000,100.000000,0.000000,0.000000,100.000000,,
NNvKK,4,2,2,knight,king,10920,558,0,0,0,0,3,15,0,15,84,5912,4924,0,384,10536,0.769231,54.139194,45.091575,0.000000,3.516484,96.483516,0,64,494,0,8,550,0.000000,11.469534,88.530466,0.000000,1.433692,98.566308,"wNa1,wNc1,bKd1,bKb3",
NNvKK,5,2,2,knight,king,75900,10754,0,0,0,0,3,33,0,27,180,45580,30140,0,4826,71074,0.237154,60.052701,39.710145,0.000000,6.358366,93.641634,0,2952,7802,0,58,10696,0.000000,27.450251,72.549749,0.000000,0.539334,99.460666,"wNb1,wNd1,bKa1,bKc3",
NNvKK,6,2,2,knight,king,353430,87076,0,0,0,0,3,79,0,79,204,179140,174086,0,16476,336954,0.057720,50.686133,49.256147,0.000000,4.661743,95.338257,0,14196,72880,0,40,87036,0.000000,16.303000,83.697000,0.000000,0.045937,99.954063,"wNb1,wNd1,bKa1,bKc3",
NNvKK,7,2,2,knight,king,1271256,442590,0,0,0,0,3,121,0,119,204,528008,743044,0,40920,1230336,0.016047,41.534357,58.449596,0.000000,3.218864,96.781136,0,42608,399982,0,44,442546,0.000000,9.626969,90.373031,0.000000,0.009941,99.990059,"wNb1,wNd1,bKa1,bKc3",
NNvKK,8,2,2,knight,king,3812256,1672238,0,0,0,0,3,67,0,65,204,3687268,124784,0,2356282,1455974,0.005351,96.721416,3.273232,0.000000,61.808074,38.191926,0,1654886,17352,0,1561478,110760,0.000000,98.962349,1.037651,0.000000,93.376541,6.623459,"wNb1,wNd1,bKa1,bKc3",
NNvKK,9,2,2,knight,king,9982440,5150350,0,0,0,0,3,19,0,9,204,9982108,128,0,9950200,32240,0.002044,99.996674,0.001282,0.000000,99.677033,0.322967,0,5150308,42,0,5149964,386,0.000000,99.999185,0.000815,0.000000,99.992505,0.007495,"wNb1,wNd1,bKa1,bKc3",
NNvKK,10,2,2,knight,king,23527350,13665060,0,0,0,0,3,15,0,9,204,23527018,128,0,23497698,29652,0.000867,99.998589,0.000544,0.000000,99.873968,0.126032,0,13665018,42,0,13664674,386,0.000000,99.999693,0.000307,0.000000,99.997175,0.002825,"wNb1,wNd1,bKa1,bKc3",
NNvKK,11,2,2,knight,king,50972460,32365106,0,0,0,0,3,15,0,9,204,50972128,128,0,50940060,32400,0.000400,99.999349,0.000251,0.000000,99.936436,0.063564,0,32365064,42,0,32364720,386,0.000000,99.999870,0.000130,0.000000,99.998807,0.001193,"wNb1,wNd1,bKa1,bKc3",
NNvKK,12,2,2,knight,king,103073256,70104790,0,0,0,0,3,15,0,9,204,103072924,128,0,103037860,35396,0.000198,99.999678,0.000124,0.000000,99.965659,0.034341,0,70104748,42,0,70104404,386,0.000000,99.999940,0.000060,0.000000,99.999449,0.000551,"wNb1,wNd1,bKa1,bKc3",
NNvKK,13,2,2,knight,king,196770756,141282858,0,0,0,0,3,15,0,9,204,196770424,128,0,196732116,38640,0.000104,99.999831,0.000065,0.000000,99.980363,0.019637,0,141282816,42,0,141282472,386,0.000000,99.999970,0.000030,0.000000,99.999727,0.000273,"wNb1,wNd1,bKa1,bKc3",
NNvKK,14,2,2,knight,king,357758310,268281140,0,0,0,0,3,15,0,9,204,357757978,128,0,357716178,42132,0.000057,99.999907,0.000036,0.000000,99.988223,0.011777,0,268281098,42,0,268280754,386,0.000000,99.999984,0.000016,0.000000,99.999856,0.000144,"wNb1,wNd1,bKa1,bKc3",
NNvN,3,2,1,knight,knight,252,148,0,0,0,0,7,0,7,0,184,68,0,96,156,0,73.015873,26.984127,0.000000,38.095238,61.904762,0.000000,80,68,0,80,68,0,54.054054,45.945946,0.000000,54.054054,45.945946,0.000000,"wNc1,wNa2,bNa1","wNc1,wNa2,bNa1"
NNvN,4,2,1,knight,knight,1680,1060,0,0,0,0,9,3,9,0,944,736,0,216,1460,4,56.190476,43.809524,0.000000,12.857143,86.904762,0.238095,324,736,0,200,860,0,30.566038,69.433962,0.000000,18.867925,81.132075,0.000000,"wNa1,wNb2,bNc3","wNa1,wNb2,bNc3"
NNvN,5,2,1,knight,knight,6900,4856,0,0,0,0,19,3,19,0,5176,1724,0,2908,3976,16,75.014493,24.985507,0.000000,42.144928,57.623188,0.231884,3132,1724,0,2716,2140,0,64.497529,35.502471,0.000000,55.930807,44.069193,0.000000,"wNe1,wNa2,bNd2","wNe1,wNa2,bNd2"
NNvN,6,2,1,knight,knight,21420,16312,0,0,0,0,9,3,9,0,7868,13552,0,496,20892,32,36.732026,63.267974,0.000000,2.315593,97.535014,0.149393,2760,13552,0,488,15824,0,16.920059,83.079941,0.000000,2.991663,97.008337,0.000000,"wNb1,wNd1,bNf1","wNb1,wNd1,bNf1"
NNvN,7,2,1,knight,knight,55272,44548,0,0,0,0,9,3,9,0,14356,40916,0,504,54736,32,25.973368,74.026632,0.000000,0.911854,99.030250,0.057895,3632,40916,0,496,44052,0,8.153004,91.846996,0.000000,1.113406,98.886594,0.000000,"wNa2,wNc2,bNg2","wNa2,wNc2,bNg2"
NNvN,8,2,1,knight,knight,124992,104996,0,0,0,0,7,3,7,0,23816,101176,0,516,124444,32,19.054019,80.945981,0.000000,0.412826,99.561572,0.025602,3820,101176,0,508,104488,0,3.638234,96.361766,0.000000,0.483828,99.516172,0.000000,"wNc2,wNd2,bNa5","wNc2,wNd2,bNa5"
NNvN,9,2,1,knight,knight,255960,221740,0,0,0,0,7,3,7,0,38692,217268,0,596,255332,32,15.116424,84.883576,0.000000,0.232849,99.754649,0.012502,4472,217268,0,588,221152,0,2.016776,97.983224,0.000000,0.265175,99.734825,0.000000,"wNc3,wNd3,bNa6","wNc3,wNd3,bNa6"
NNvN,10,2,1,knight,knight,485100,430216,0,0,0,0,7,3,7,0,60032,425068,0,684,484384,32,12.375180,87.624820,0.000000,0.141002,99.852402,0.006597,5148,425068,0,676,429540,0,1.196608,98.803392,0.000000,0.157130,99.842870,0.000000,"wNg2,wNd4,bNc1","wNg2,wNd4,bNc1"
NNvN,11,2,1,knight,knight,863940,780272,0,0,0,0,7,3,7,0,89548,774392,0,780,863128,32,10.365072,89.634928,0.000000,0.090284,99.906012,0.003704,5880,774392,0,772,779500,0,0.753583,99.246417,0.000000,0.098940,99.901060,0.000000,"wNg2,wNd4,bNc1","wNg2,wNd4,bNc1"
NNvN,12,2,1,knight,knight,1462032,1339588,0,0,0,0,7,3,7,0,129112,1332920,0,884,1461116,32,8.830997,91.169003,0.000000,0.060464,99.937347,0.002189,6668,1332920,0,876,1338712,0,0.497765,99.502235,0.000000,0.065393,99.934607,0.000000,"wNg2,wNd4,bNc1","wNg2,wNd4,bNc1"
NNvN,13,2,1,knight,knight,2370732,2197456,0,0,0,0,7,3,7,0,180788,2189944,0,996,2369704,32,7.625830,92.374170,0.000000,0.042012,99.956638,0.001350,7512,2189944,0,988,2196468,0,0.341850,99.658150,0.000000,0.044961,99.955039,0.000000,"wNg2,wNd4,bNc1","wNg2,wNd4,bNc1"
NNvN,14,2,1,knight,knight,3707340,3468920,0,0,0,0,7,3,7,0,246832,3460508,0,1116,3706192,32,6.657927,93.342073,0.000000,0.030102,99.969034,0.000863,8412,3460508,0,1108,3467812,0,0.242496,99.757504,0.000000,0.031941,99.968059,0.000000,"wNg2,wNd4,bNc1","wNg2,wNd4,bNc1"
NNvN,3,2,1,knight+knight,knight,504,296,0,0,0,0,7,0,7,na,368,136,0,192,312,0,73.015873,26.984127,0.000000,38.095238,61.904762,0.000000,160,136,0,160,136,0,54.054054,45.945946,0.000000,54.054054,45.945946,0.000000,"wNa1,wNc2,bNb1","wNa1,wNc2,bNb1"
NNvN,4,2,1,knight+knight,knight,3360,2120,0,0,0,0,9,3,9,na,1888,1472,0,432,2920,8,56.190476,43.809524,0.000000,12.857143,86.904762,0.238095,648,1472,0,400,1720,0,30.566038,69.433962,0.000000,18.867925,81.132075,0.000000,"wNa1,wNb2,bNc3","wNa1,wNb2,bNc3"
NNvN,5,2,1,knight+knight,knight,13800,9712,0,0,0,0,19,3,19,na,10352,3448,0,5816,7952,32,75.014493,24.985507,0.000000,42.144928,57.623188,0.231884,6264,3448,0,5432,4280,0,64.497529,35.502471,0.000000,55.930807,44.069193,0.000000,"wNa1,wNe2,bNb2","wNa1,wNe2,bNb2"
NNvN,6,2,1,knight+knight,knight,42840,32624,0,0,0,0,9,3,9,na,15736,27104,0,992,41784,64,36.732026,63.267974,0.000000,2.315593,97.535014,0.149393,5520,27104,0,976,31648,0,16.920059,83.079941,0.000000,2.991663,97.008337,0.000000,"wNb1,wNd1,bNf1","wNb1,wNd1,bNf1"
NNvN,7,2,1,knight+knight,knight,110544,89096,0,0,0,0,9,3,9,na,28712,81832,0,1008,109472,64,25.973368,74.026632,0.000000,0.911854,99.030250,0.057895,7264,81832,0,992,88104,0,8.153004,91.846996,0.000000,1.113406,98.886594,0.000000,"wNa1,wNd2,bNb7","wNa1,wNd2,bNb7"
NNvN,8,2,1,knight+knight,knight,249984,209992,0,0,0,0,7,3,7,na,47632,202352,0,1032,248888,64,19.054019,80.945981,0.000000,0.412826,99.561572,0.025602,7640,202352,0,1016,208976,0,3.638234,96.361766,0.000000,0.483828,99.516172,0.000000,"wNb1,wNd4,bNa5","wNb1,wNd4,bNa5"
NNvN,9,2,1,knight+knight,knight,511920,443480,0,0,0,0,7,3,7,na,77384,434536,0,1192,510664,64,15.116424,84.883576,0.000000,0.232849,99.754649,0.012502,8944,434536,0,1176,442304,0,2.016776,97.983224,0.000000,0.265175,99.734825,0.000000,"wNc1,wNd5,bNa6","wNc1,wNd5,bNa6"
NNvN,10,2,1,knight+knight,knight,970200,860432,0,0,0,0,7,3,7,na,120064,850136,0,1368,968768,64,12.375180,87.624820,0.000000,0.141002,99.852402,0.006597,10296,850136,0,1352,859080,0,1.196608,98.803392,0.000000,0.157130,99.842870,0.000000,"wNd1,wNd6,bNa3","wNd1,wNd6,bNa3"
NNvN,11,2,1,knight+knight,knight,1727880,1560544,0,0,0,0,7,3,7,na,179096,1548784,0,1560,1726256,64,10.365072,89.634928,0.000000,0.090284,99.906012,0.003704,11760,1548784,0,1544,1559000,0,0.753583,99.246417,0.000000,0.098940,99.901060,0.000000,"wNd1,wNd6,bNa3","wNd1,wNd6,bNa3"
NNvN,12,2,1,knight+knight,knight,2924064,2679176,0,0,0,0,7,3,7,na,258224,2665840,0,1768,2922232,64,8.830997,91.169003,0.000000,0.060464,99.937347,0.002189,13336,2665840,0,1752,2677424,0,0.497765,99.502235,0.000000,0.065393,99.934607,0.000000,"wNd1,wNd6,bNa3","wNd1,wNd6,bNa3"
NNvNN,3,2,2,knight,knight,756,244,0,0,0,0,9,9,7,7,272,432,52,52,432,272,35.978836,57.142857,6.878307,6.878307,57.142857,35.978836,32,160,52,52,160,32,13.114754,65.573770,21.311475,21.311475,65.573770,13.114754,"wNa1,wNc1,bNc2,bNa3","wNc1,wNa2,bNb1,bNc2"
NNvNN,4,2,2,knight,knight,10920,4232,0,0,0,0,9,9,0,0,1088,9828,4,4,9828,1088,9.963370,90.000000,0.036630,0.036630,90.000000,9.963370,0,4228,4,4,4228,0,0.000000,99.905482,0.094518,0.094518,99.905482,0.000000,"wNb1,wNa2,bNb2,bNc3",
NNvNN,5,2,2,knight,knight,75900,37464,0,0,0,0,21,21,5,5,17174,58720,6,6,58720,17174,22.627141,77.364954,0.007905,0.007905,77.364954,22.627141,24,37434,6,6,37434,24,0.064061,99.919923,0.016015,0.016015,99.919923,0.064061,"wNa1,wNc1,bNd1,bNe2","wNb1,wNb2,bNa5,bNe5"
NNvNN,6,2,2,knight,knight,353430,204662,0,0,0,0,9,9,5,5,5184,348240,6,6,348240,5184,1.466769,98.531534,0.001698,0.001698,98.531534,1.466769,72,204584,6,6,204584,72,0.035180,99.961888,0.002932,0.002932,99.961888,0.035180,"wNb1,wNd1,bNf1,bNc3","wNc1,wNc3,bNa6,bNf6"
NNvNN,7,2,2,knight,knight,1271256,824996,0,0,0,0,9,9,0,0,6284,1264972,0,0,1264972,6284,0.494314,99.505686,0.000000,0.000000,99.505686,0.494314,0,824996,0,0,824996,0,0.000000,100.000000,0.000000,0.000000,100.000000,0.000000,"wNa2,wNc2,bNg2,bNb4",
NNvNN,8,2,2,knight,knight,3812256,2688240,0,0,0,0,7,7,5,5,6768,3805482,6,6,3805482,6768,0.177533,99.822310,0.000157,0.000157,99.822310,0.177533,72,2688162,6,6,2688162,72,0.002678,99.997098,0.000223,0.000223,99.997098,0.002678,"wNc2,wNd2,bNd4,bNa5","wNd2,wNd4,bNa1,bNh1"
NNvNN,9,2,2,knight,knight,9982440,7487972,0,0,0,0,7,7,5,5,7984,9974450,6,6,9974450,7984,0.079980,99.919959,0.000060,0.000060,99.919959,0.079980,72,7487894,6,6,7487894,72,0.000962,99.998958,0.000080,0.000080,99.998958,0.000962,"wNc3,wNd3,bNd5,bNa6","wNe2,wNd4,bNa1,bNi1"
NNvNN,10,2,2,knight,knight,23527350,18497750,0,0,0,0,7,7,5,5,9296,23518048,6,6,23518048,9296,0.039511,99.960463,0.000026,0.000026,99.960463,0.039511,72,18497672,6,6,18497672,72,0.000389,99.999578,0.000032,0.000032,99.999578,0.000389,"wNe3,wNc4,bNa3,bNd6","wNf2,wNd4,bNa1,bNj1"
NNvNN,11,2,2,knight,knight,50972460,41565432,0,0,0,0,7,7,5,5,10736,50961718,6,6,50961718,10736,0.021062,99.978926,0.000012,0.000012,99.978926,0.021062,72,41565354,6,6,41565354,72,0.000173,99.999812,0.000014,0.000014,99.999812,0.000173,"wNe3,wNc4,bNa3,bNd6","wNg2,wNd4,bNa1,bNk1"
NNvNN,12,2,2,knight,knight,103073256,86511416,0,0,0,0,7,7,5,5,12304,103060946,6,6,103060946,12304,0.011937,99.988057,0.000006,0.000006,99.988057,0.011937,72,86511338,6,6,86511338,72,0.000083,99.999910,0.000007,0.000007,99.999910,0.000083,"wNe3,wNc4,bNa3,bNd6","wNh2,wNd4,bNa1,bNl1"
NNvNN,13,2,2,knight,knight,196770756,169026560,0,0,0,0,7,7,5,5,14000,196756750,6,6,196756750,14000,0.007115,99.992882,0.000003,0.000003,99.992882,0.007115,72,169026482,6,6,169026482,72,0.000043,99.999954,0.000004,0.000004,99.999954,0.000043,"wNe3,wNc4,bNa3,bNd6","wNi2,wNd4,bNa1,bNm1"
NNvNN,14,2,2,knight,knight,357758310,313175622,0,0,0,0,7,7,5,5,15824,357742480,6,6,357742480,15824,0.004423,99.995575,0.000002,0.000002,99.995575,0.004423,72,313175544,6,6,313175544,72,0.000023,99.999975,0.000002,0.000002,99.999975,0.000023,"wNe3,wNc4,bNa3,bNd6","wNj2,wNd4,bNa1,bNn1"
NNvQ,3,2,1,knight,queen,252,0,0,0,na,na,1,9,0,0,104,0,148,0,0,252,41.269841,0.000000,58.730159,0.000000,0.000000,100.000000,0,0,0,0,0,0,0.000000,0.000000,0.000000,0.000000,0.000000,0.000000,"wNa1,wNb1,bQc2",
NNvQ,4,2,1,knight,queen,1680,48,0,0,0,0,1,9,0,9,620,0,1060,0,0,1680,36.904762,0.000000,63.095238,0.000000,0.000000,100.000000,0,0,48,0,0,48,0.000000,0.000000,100.000000,0.000000,0.000000,100.000000,"wNa1,wNb1,bQc2",
NNvQ,5,2,1,knight,queen,6900,664,0,0,0,0,1,11,0,11,2044,0,4856,0,0,6900,29.623188,0.000000,70.376812,0.000000,0.000000,100.000000,0,0,664,0,0,664,0.000000,0.000000,100.000000,0.000000,0.000000,100.000000,"wNa1,wNb1,bQc2",
NNvQ,6,2,1,knight,queen,21420,3664,0,0,0,0,1,13,0,11,5108,0,16312,0,0,21420,23.846872,0.000000,76.153128,0.000000,0.000000,100.000000,0,0,3664,0,0,3664,0.000000,0.000000,100.000000,0.000000,0.000000,100.000000,"wNa1,wNb1,bQc2",
NNvQ,7,2,1,knight,queen,55272,13440,0,0,0,0,1,15,0,13,10724,0,44548,0,0,55272,19.402229,0.000000,80.597771,0.000000,0.000000,100.000000,0,0,13440,0,0,13440,0.000000,0.000000,100.000000,0.000000,0.000000,100.000000,"wNa1,wNb1,bQc2",
NNvQ,8,2,1,knight,queen,124992,38524,0,0,0,0,1,17,0,15,19996,0,104996,0,0,124992,15.997824,0.000000,84.002176,0.000000,0.000000,100.000000,0,0,38524,0,0,38524,0.000000,0.000000,100.000000,0.000000,0.000000,100.000000,"wNa1,wNb1,bQc2",
NNvQ,9,2,1,knight,queen,255960,93532,0,0,0,0,1,17,0,17,34220,0,221740,0,0,255960,13.369276,0.000000,86.630724,0.000000,0.000000,100.000000,0,0,93532,0,0,93532,0.000000,0.000000,100.000000,0.000000,0.000000,100.000000,"wNa1,wNb1,bQc2",
NNvQ,10,2,1,knight,queen,485100,na,0,0,na,na,1,19,0,na,54884,0,430216,0,0,485100,11.313956,0.000000,88.686044,0.000000,0.000000,100.000000,na,na,na,na,na,na,na,na,na,na,na,na,"wNa1,wNb1,bQc2",
NNvQ,11,2,1,knight,queen,863940,na,0,0,na,na,1,21,0,na,83668,0,780272,0,0,863940,9.684469,0.000000,90.315531,0.000000,0.000000,100.000000,na,na,na,na,na,na,na,na,na,na,na,na,"wNa1,wNb1,bQc2",
NNvQ,12,2,1,knight,queen,1462032,na,0,0,na,na,1,21,0,na,122444,0,1339588,0,0,1462032,8.374919,0.000000,91.625081,0.000000,0.000000,100.000000,na,na,na,na,na,na,na,na,na,na,na,na,"wNa1,wNb1,bQc2",
NNvQ,3,2,1,knight+knight,queen,504,0,0,0,na,na,1,9,0,na,208,0,296,0,0,504,41.269841,0.000000,58.730159,0.000000,0.000000,100.000000,0,0,0,0,0,0,0.000000,0.000000,0.000000,0.000000,0.000000,0.000000,"wNa1,wNb1,bQc2",
NNvQ,4,2,1,knight+knight,queen,3360,96,0,0,0,0,1,9,0,na,1240,0,2120,0,0,3360,36.904762,0.000000,63.095238,0.000000,0.000000,100.000000,0,0,96,0,0,96,0.000000,0.000000,100.000000,0.000000,0.000000,100.000000,"wNa1,wNb1,bQc2",
NNvQ,5,2,1,knight+knight,queen,13800,1328,0,0,0,0,1,11,0,na,4088,0,9712,0,0,13800,29.623188,0.000000,70.376812,0.000000,0.000000,100.000000,0,0,1328,0,0,1328,0.000000,0.000000,100.000000,0.000000,0.000000,100.000000,"wNa1,wNb1,bQc2",
NNvQ,6,2,1,knight+knight,queen,42840,7328,0,0,0,0,1,13,0,na,10216,0,32624,0,0,42840,23.846872,0.000000,76.153128,0.000000,0.000000,100.000000,0,0,7328,0,0,7328,0.000000,0.000000,100.000000,0.000000,0.000000,100.000000,"wNa1,wNb1,bQc2",
NNvQ,7,2,1,knight+knight,queen,110544,26880,0,0,0,0,1,15,0,na,21448,0,89096,0,0,110544,19.402229,0.000000,80.597771,0.000000,0.000000,100.000000,0,0,26880,0,0,26880,0.000000,0.000000,100.000000,0.000000,0.000000,100.000000,"wNa1,wNb1,bQc2",
NNvQ,8,2,1,knight+knight,queen,249984,77048,0,0,0,0,1,17,0,na,39992,0,209992,0,0,249984,15.997824,0.000000,84.002176,0.000000,0.000000,100.000000,0,0,77048,0,0,77048,0.000000,0.000000,100.000000,0.000000,0.000000,100.000000,"wNa1,wNb1,bQc2",
NNvQ,9,2,1,knight+knight,queen,511920,187064,0,0,0,0,1,17,0,na,68440,0,443480,0,0,511920,13.369276,0.000000,86.630724,0.000000,0.000000,100.000000,0,0,187064,0,0,187064,0.000000,0.000000,100.000000,0.000000,0.000000,100.000000,"wNa1,wNb1,bQc2",
NNvQ,10,2,1,knight+knight,queen,970200,402920,0,0,0,0,1,19,0,na,109768,0,860432,0,0,970200,11.313956,0.000000,88.686044,0.000000,0.000000,100.000000,0,0,402920,0,0,402920,0.000000,0.000000,100.000000,0.000000,0.000000,100.000000,"wNa1,wNb1,bQc2",
NNvQ,11,2,1,knight+knight,queen,1727880,792696,0,0,0,0,1,21,0,na,167336,0,1560544,0,0,1727880,9.684469,0.000000,90.315531,0.000000,0.000000,100.000000,0,0,792696,0,0,792696,0.000000,0.000000,100.000000,0.000000,0.000000,100.000000,"wNa1,wNb1,bQc2",
NNvQ,12,2,1,knight+knight,queen,2924064,1452592,0,0,0,0,1,21,0,na,244888,0,2679176,0,0,2924064,8.374919,0.000000,91.625081,0.000000,0.000000,100.000000,0,0,1452592,0,0,1452592,0.000000,0.000000,100.000000,0.000000,0.000000,100.000000,"wNa1,wNb1,bQc2",
NNvQQ,3,2,2,knight,queen,756,0,0,0,na,na,0,5,0,0,0,0,756,0,0,756,0.000000,0.000000,100.000000,0.000000,0.000000,100.000000,0,0,0,0,0,0,0.000000,0.000000,0.000000,0.000000,0.000000,0.000000,,
NNvQQ,4,2,2,knight,queen,10920,8,0,0,0,0,0,9,0,5,0,0,10920,0,0,10920,0.000000,0.000000,100.000000,0.000000,0.000000,100.000000,0,0,8,0,0,8,0.000000,0.000000,100.000000,0.000000,0.000000,100.000000,,
NNvQQ,5,2,2,knight,queen,75900,768,0,0,0,0,0,11,0,7,0,0,75900,0,0,75900,0.000000,0.000000,100.000000,0.000000,0.000000,100.000000,0,0,768,0,0,768,0.000000,0.000000,100.000000,0.000000,0.000000,100.000000,,
NNvQQ,6,2,2,knight,queen,353430,10848,0,0,0,0,0,11,0,9,0,0,353430,0,0,353430,0.000000,0.000000,100.000000,0.000000,0.000000,100.000000,0,0,10848,0,0,10848,0.000000,0.000000,100.000000,0.000000,0.000000,100.000000,,
NNvQQ,7,2,2,knight,queen,1271256,76784,0,0,0,0,0,13,0,9,0,0,1271256,0,0,1271256,0.000000,0.000000,100.000000,0.000000,0.000000,100.000000,0,0,76784,0,0,76784,0.000000,0.000000,100.000000,0.000000,0.000000,100.000000,,
NNvQQ,8,2,2,knight,queen,3812256,365496,0,0,0,0,0,13,0,11,0,0,3812256,0,0,3812256,0.000000,0.000000,100.000000,0.000000,0.000000,100.000000,0,0,365496,0,0,365496,0.000000,0.000000,100.000000,0.000000,0.000000,100.000000,,
NNvQQ,9,2,2,knight,queen,9982440,1338348,0,0,0,0,0,15,0,11,0,0,9982440,0,0,9982440,0.000000,0.000000,100.000000,0.000000,0.000000,100.000000,0,0,1338348,0,0,1338348,0.000000,0.000000,100.000000,0.000000,0.000000,100.000000,,
NNvQQ,10,2,2,knight,queen,23527350,na,0,0,na,na,0,17,0,na,0,0,23527350,0,0,23527350,0.000000,0.000000,100.000000,0.000000,0.000000,100.000000,na,na,na,na,na,na,na,na,na,na,na,na,,
NNvQQ,11,2,2,knight,queen,50972460,na,0,0,na,na,0,19,0,na,0,0,50972460,0,0,50972460,0.000000,0.000000,100.000000,0.000000,0.000000,100.000000,na,na,na,na,na,na,na,na,na,na,na,na,,
NNvQQ,12,2,2,knight,queen,103073256,na,0,0,na,na,0,19,0,na,0,0,103073256,0,0,103073256,0.000000,0.000000,100.000000,0.000000,0.000000,100.000000,na,na,na,na,na,na,na,na,na,na,na,na,,
NNvR,3,2,1,knight,rook,252,14,0,0,0,0,3,9,0,9,124,20,108,10,16,226,49.206349,7.936508,42.857143,3.968254,6.349206,89.682540,0,0,14,2,4,8,0.000000,0.000000,100.000000,14.285714,28.571429,57.142857,"wNa1,wNb1,bRb2",
NNvR,4,2,1,knight,rook,1680,244,0,0,0,0,3,9,3,9,656,740,284,8,408,1264,39.047619,44.047619,16.904762,0.476190,24.285714,75.238095,8,176,60,0,160,84,3.278689,72.131148,24.590164,0.000000,65.573770,34.426230,"wNa1,wNc1,bRd1","wNc1,wNb2,bRd4"
NNvR,5,2,1,knight,rook,6900,1724,0,0,0,0,1,21,0,21,2044,4120,736,0,2182,4718,29.623188,59.710145,10.666667,0.000000,31.623188,68.376812,0,1628,96,0,1118,606,0.000000,94.431555,5.568445,0.000000,64.849188,35.150812,"wNa1,wNb1,bRc2",
NNvR,6,2,1,knight,rook,21420,7292,0,0,0,0,1,23,0,23,5108,14720,1592,0,8116,13304,23.846872,68.720822,7.432306,0.000000,37.889823,62.110177,0,7160,132,0,5152,2140,0.000000,98.189797,1.810203,0.000000,70.652770,29.347230,"wNa1,wNb1,bRc2",
NNvR,7,2,1,knight,rook,55272,23026,0,0,0,0,1,9,0,0,10724,44548,0,0,54748,524,19.402229,80.597771,0.000000,0.000000,99.051961,0.948039,0,23026,0,0,23026,0,0.000000,100.000000,0.000000,0.000000,100.000000,0.000000,"wNa1,wNb1,bRc2",
NNvR,8,2,1,knight,rook,124992,59972,0,0,0,0,1,3,0,0,19996,104996,0,0,124712,280,15.997824,84.002176,0.000000,0.000000,99.775986,0.224014,0,59972,0,0,59972,0,0.000000,100.000000,0.000000,0.000000,100.000000,0.000000,"wNa1,wNb1,bRc2",
NNvR,9,2,1,knight,rook,255960,136244,0,0,0,0,1,3,0,0,34220,221740,0,0,255640,320,13.369276,86.630724,0.000000,0.000000,99.874980,0.125020,0,136244,0,0,136244,0,0.000000,100.000000,0.000000,0.000000,100.000000,0.000000,"wNa1,wNb1,bRc2",
NNvR,10,2,1,knight,rook,485100,na,0,0,na,na,1,3,0,na,54884,430216,0,0,484740,360,11.313956,88.686044,0.000000,0.000000,99.925788,0.074212,na,na,na,na,na,na,na,na,na,na,na,na,"wNa1,wNb1,bRc2",
NNvR,11,2,1,knight,rook,863940,na,0,0,na,na,1,3,0,na,83668,780272,0,0,863540,400,9.684469,90.315531,0.000000,0.000000,99.953700,0.046300,na,na,na,na,na,na,na,na,na,na,na,na,"wNa1,wNb1,bRc2",
NNvR,12,2,1,knight,rook,1462032,na,0,0,na,na,1,3,0,na,122444,1339588,0,0,1461592,440,8.374919,91.625081,0.000000,0.000000,99.969905,0.030095,na,na,na,na,na,na,na,na,na,na,na,na,"wNa1,wNb1,bRc2",
NNvR,3,2,1,knight+knight,rook,504,28,0,0,0,0,3,9,0,na,248,40,216,20,32,452,49.206349,7.936508,42.857143,3.968254,6.349206,89.682540,0,0,28,4,8,16,0.000000,0.000000,100.000000,14.285714,28.571429,57.142857,"wNa1,wNb1,bRb2",
NNvR,4,2,1,knight+knight,rook,3360,488,0,0,0,0,3,9,3,na,1312,1480,568,16,816,2528,39.047619,44.047619,16.904762,0.476190,24.285714,75.238095,16,352,120,0,320,168,3.278689,72.131148,24.590164,0.000000,65.573770,34.426230,"wNa1,wNc1,bRd1","wNb1,wNc2,bRa4"
NNvR,5,2,1,knight+knight,rook,13800,3448,0,0,0,0,1,21,0,na,4088,8240,1472,0,4364,9436,29.623188,59.710145,10.666667,0.000000,31.623188,68.376812,0,3256,192,0,2236,1212,0.000000,94.431555,5.568445,0.000000,64.849188,35.150812,"wNa1,wNb1,bRc2",
NNvR,6,2,1,knight+knight,rook,42840,14584,0,0,0,0,1,23,0,na,10216,29440,3184,0,16232,26608,23.846872,68.720822,7.432306,0.000000,37.889823,62.110177,0,14320,264,0,10304,4280,0.000000,98.189797,1.810203,0.000000,70.652770,29.347230,"wNa1,wNb1,bRc2",
NNvR,7,2,1,knight+knight,rook,110544,46052,0,0,0,0,1,9,0,na,21448,89096,0,0,109496,1048,19.402229,80.597771,0.000000,0.000000,99.051961,0.948039,0,46052,0,0,46052,0,0.000000,100.000000,0.000000,0.000000,100.000000,0.000000,"wNa1,wNb1,bRc2",
NNvR,8,2,1,knight+knight,rook,249984,119944,0,0,0,0,1,3,0,na,39992,209992,0,0,249424,560,15.997824,84.002176,0.000000,0.000000,99.775986,0.224014,0,119944,0,0,119944,0,0.000000,100.000000,0.000000,0.000000,100.000000,0.000000,"wNa1,wNb1,bRc2",
NNvR,9,2,1,knight+knight,rook,511920,272488,0,0,0,0,1,3,0,na,68440,443480,0,0,511280,640,13.369276,86.630724,0.000000,0.000000,99.874980,0.125020,0,272488,0,0,272488,0,0.000000,100.000000,0.000000,0.000000,100.000000,0.000000,"wNa1,wNb1,bRc2",
NNvR,10,2,1,knight+knight,rook,970200,558968,0,0,0,0,1,3,0,na,109768,860432,0,0,969480,720,11.313956,88.686044,0.000000,0.000000,99.925788,0.074212,0,558968,0,0,558968,0,0.000000,100.000000,0.000000,0.000000,100.000000,0.000000,"wNa1,wNb1,bRc2",
NNvR,11,2,1,knight+knight,rook,1727880,1059364,0,0,0,0,1,3,0,na,167336,1560544,0,0,1727080,800,9.684469,90.315531,0.000000,0.000000,99.953700,0.046300,0,1059364,0,0,1059364,0,0.000000,100.000000,0.000000,0.000000,100.000000,0.000000,"wNa1,wNb1,bRc2",
NNvR,12,2,1,knight+knight,rook,2924064,1884712,0,0,0,0,1,3,0,na,244888,2679176,0,0,2923184,880,8.374919,91.625081,0.000000,0.000000,99.969905,0.030095,0,1884712,0,0,1884712,0,0.000000,100.000000,0.000000,0.000000,100.000000,0.000000,"wNa1,wNb1,bRc2",
NNvRR,3,2,2,knight,rook,756,2,0,0,0,0,3,9,0,9,20,36,700,0,0,756,2.645503,4.761905,92.592593,0.000000,0.000000,100.000000,0,0,2,0,0,2,0.000000,0.000000,100.000000,0.000000,0.000000,100.000000,"wNa1,wNb1,bRb2,bRc3",
NNvRR,4,2,2,knight,rook,10920,216,0,0,0,0,3,9,0,9,36,1594,9290,0,0,10920,0.329670,14.597070,85.073260,0.000000,0.000000,100.000000,0,0,216,0,0,216,0.000000,0.000000,100.000000,0.000000,0.000000,100.000000,"wNa1,wNc1,bRd1,bRb3",
NNvRR,5,2,2,knight,rook,75900,4540,0,0,0,0,0,13,0,13,0,12152,63748,0,4,75896,0.000000,16.010540,83.989460,0.000000,0.005270,99.994730,0,0,4540,0,0,4540,0.000000,0.000000,100.000000,0.000000,0.000000,100.000000,,
NNvRR,6,2,2,knight,rook,353430,40272,0,0,0,0,0,19,0,15,0,56556,296874,0,14,353416,0.000000,16.002037,83.997963,0.000000,0.003961,99.996039,0,0,40272,0,0,40272,0.000000,0.000000,100.000000,0.000000,0.000000,100.000000,,
NNvRR,7,2,2,knight,rook,1271256,218670,0,0,0,0,0,21,0,19,0,508108,763148,0,32412,1238844,0.000000,39.968976,60.031024,0.000000,2.549604,97.450396,0,17512,201158,0,0,218670,0.000000,8.008415,91.991585,0.000000,0.000000,100.000000,,
NNvRR,8,2,2,knight,rook,3812256,872920,0,0,0,0,0,25,0,25,0,1289244,2523012,0,74588,3737668,0.000000,33.818400,66.181600,0.000000,1.956532,98.043468,0,48512,824408,0,0,872920,0.000000,5.557439,94.442561,0.000000,0.000000,100.000000,,
NNvRR,9,2,2,knight,rook,9982440,2818068,0,0,0,0,0,27,0,27,0,2828920,7153520,0,141208,9841232,0.000000,28.338963,71.661037,0.000000,1.414564,98.585436,0,105024,2713044,0,0,2818068,0.000000,3.726809,96.273191,0.000000,0.000000,100.000000,,
NNvRR,10,2,2,knight,rook,23527350,na,0,0,na,na,0,31,0,na,0,5633420,17893930,0,243812,23283538,0.000000,23.944133,76.055867,0.000000,1.036292,98.963708,na,na,na,na,na,na,na,na,na,na,na,na,,
NNvRR,11,2,2,knight,rook,50972460,na,0,0,na,na,0,35,0,na,0,10412040,40560420,0,393368,50579092,0.000000,20.426795,79.573205,0.000000,0.771727,99.228273,na,na,na,na,na,na,na,na,na,na,na,na,,
NNvRR,12,2,2,knight,rook,103073256,na,0,0,na,na,0,37,0,na,0,18135580,84937676,0,602284,102470972,0.000000,17.594845,82.405155,0.000000,0.584326,99.415674,na,na,na,na,na,na,na,na,na,na,na,na,,
NvB,3,1,1,knight,bishop,72,36,0,0,0,0,1,7,0,7,16,28,28,0,24,48,22.222222,38.888889,38.888889,0.000000,33.333333,66.666667,0,16,20,0,16,20,0.000000,44.444444,55.555556,0.000000,44.444444,55.555556,"wNa1,bBc2",
NvB,4,1,1,knight,bishop,240,136,0,0,0,0,3,3,0,3,72,152,16,8,136,96,30.000000,63.333333,6.666667,3.333333,56.666667,40.000000,0,120,16,8,120,8,0.000000,88.235294,11.764706,5.882353,88.235294,5.882353,"wNb1,bBa2",
NvB,5,1,1,knight,bishop,600,384,0,0,0,0,3,3,3,3,120,460,20,4,380,216,20.000000,76.666667,3.333333,0.666667,63.333333,36.000000,8,356,20,4,332,48,2.083333,92.708333,5.208333,1.041667,86.458333,12.500000,"wNa1,bBe3","wNa1,bBe3"
NvB,6,1,1,knight,bishop,1260,880,0,0,0,0,1,3,0,3,160,1076,24,0,880,380,12.698413,85.396825,1.904762,0.000000,69.841270,30.158730,0,856,24,0,784,96,0.000000,97.272727,2.727273,0.000000,89.090909,10.909091,"wNa1,bBc2",
NvB,7,1,1,knight,bishop,2352,1748,0,0,0,0,1,3,0,3,240,2084,28,0,1756,596,10.204082,88.605442,1.190476,0.000000,74.659864,25.340136,0,1720,28,0,1596,152,0.000000,98.398169,1.601831,0.000000,91.304348,8.695652,"wNa1,bBc2",
NvB,8,1,1,knight,bishop,4032,3136,0,0,0,0,1,3,0,3,336,3664,32,0,3160,872,8.333333,90.873016,0.793651,0.000000,78.373016,21.626984,0,3104,32,0,2920,216,0.000000,98.979592,1.020408,0.000000,93.112245,6.887755,"wNa1,bBc2",
NvB,9,1,1,knight,bishop,6480,5216,0,0,0,0,1,3,0,3,448,5996,36,0,5264,1216,6.913580,92.530864,0.555556,0.000000,81.234568,18.765432,0,5180,36,0,4928,288,0.000000,99.309816,0.690184,0.000000,94.478528,5.521472,"wNa1,bBc2",
NvB,10,1,1,knight,bishop,9900,na,0,0,na,na,1,3,0,na,576,9284,40,0,8264,1636,5.818182,93.777778,0.404040,0.000000,83.474747,16.525253,na,na,na,na,na,na,na,na,na,na,na,na,"wNa1,bBc2",
NvB,11,1,1,knight,bishop,14520,na,0,0,na,na,1,3,0,na,720,13756,44,0,12380,2140,4.958678,94.738292,0.303030,0.000000,85.261708,14.738292,na,na,na,na,na,na,na,na,na,na,na,na,"wNa1,bBc2",
NvB,12,1,1,knight,bishop,20592,na,0,0,na,na,1,3,0,na,880,19664,48,0,17856,2736,4.273504,95.493395,0.233100,0.000000,86.713287,13.286713,na,na,na,na,na,na,na,na,na,na,na,na,"wNa1,bBc2",
NvBB,3,1,2,knight,bishop,252,54,0,0,0,0,0,9,0,9,0,68,184,0,22,230,0.000000,26.984127,73.015873,0.000000,8.730159,91.269841,0,6,48,0,10,44,0.000000,11.111111,88.888889,0.000000,18.518519,81.481481,,
NvBB,4,1,2,knight,bishop,1680,528,0,0,0,0,3,7,0,7,24,376,1280,0,4,1676,1.428571,22.380952,76.190476,0.000000,0.238095,99.761905,0,8,520,0,0,528,0.000000,1.515152,98.484848,0.000000,0.000000,100.000000,"wNb1,bBa2,bBd2",
NvBB,5,1,2,knight,bishop,6900,2836,0,0,0,0,3,11,0,9,24,1360,5516,0,4,6896,0.347826,19.710145,79.942029,0.000000,0.057971,99.942029,0,16,2820,0,0,2836,0.000000,0.564175,99.435825,0.000000,0.000000,100.000000,"wNa1,bBb3,bBe3",
NvBB,6,1,2,knight,bishop,21420,10484,0,0,0,0,0,17,0,17,0,3720,17700,0,4,21416,0.000000,17.366947,82.633053,0.000000,0.018674,99.981326,0,16,10468,0,0,10484,0.000000,0.152614,99.847386,0.000000,0.000000,100.000000,,
NvBB,7,1,2,knight,bishop,55272,30594,0,0,0,0,0,19,0,19,0,30200,25072,0,12984,42288,0.000000,54.638877,45.361123,0.000000,23.491099,76.508901,0,14664,15930,0,10932,19662,0.000000,47.930967,52.069033,0.000000,35.732497,64.267503,,
NvBB,8,1,2,knight,bishop,124992,75708,0,0,0,0,0,23,0,23,0,68368,56624,0,34500,90492,0.000000,54.697901,45.302099,0.000000,27.601767,72.398233,0,37040,38668,0,29888,45820,0.000000,48.924816,51.075184,0.000000,39.477994,60.522006,,
NvBB,9,1,2,knight,bishop,255960,165972,0,0,0,0,0,31,0,31,0,192456,63504,0,112736,143224,0.000000,75.189873,24.810127,0.000000,44.044382,55.955618,0,119992,45980,0,98932,67040,0.000000,72.296532,27.703468,0.000000,59.607645,40.392355,,
NvBB,10,1,2,knight,bishop,485100,na,0,0,na,na,0,47,0,na,0,262256,222844,0,161908,323192,0.000000,54.062255,45.937745,0.000000,33.376211,66.623789,na,na,na,na,na,na,na,na,na,na,na,na,,
NvBB,11,1,2,knight,bishop,863940,na,0,0,na,na,0,51,0,na,0,654822,209118,0,446122,417818,0.000000,75.794847,24.205153,0.000000,51.638077,48.361923,na,na,na,na,na,na,na,na,na,na,na,na,,
NvBB,12,1,2,knight,bishop,1462032,na,0,0,na,na,0,35,0,na,0,1436936,25096,0,1006572,455460,0.000000,98.283485,1.716515,0.000000,68.847467,31.152533,na,na,na,na,na,na,na,na,na,na,na,na,,
NvK,3,1,1,knight,king,72,16,0,0,0,0,1,3,0,3,16,8,48,0,0,72,22.222222,11.111111,66.666667,0.000000,0.000000,100.000000,0,0,16,0,0,16,0.000000,0.000000,100.000000,0.000000,0.000000,100.000000,"wNa1,bKc2",
NvK,4,1,1,knight,king,240,108,0,0,0,0,1,7,0,7,48,136,56,0,88,152,20.000000,56.666667,23.333333,0.000000,36.666667,63.333333,0,68,40,0,56,52,0.000000,62.962963,37.037037,0.000000,51.851852,48.148148,"wNa1,bKc2",
NvK,5,1,1,knight,king,600,360,0,0,0,0,1,3,0,3,96,496,8,0,416,184,16.000000,82.666667,1.333333,0.000000,69.333333,30.666667,0,356,4,0,328,32,0.000000,98.888889,1.111111,0.000000,91.111111,8.888889,"wNa1,bKc2",
NvK,6,1,1,knight,king,1260,880,0,0,0,0,1,3,0,3,160,1092,8,0,1000,260,12.698413,86.666667,0.634921,0.000000,79.365079,20.634921,0,876,4,0,848,32,0.000000,99.545455,0.454545,0.000000,96.363636,3.636364,"wNa1,bKc2",
NvK,7,1,1,knight,king,2352,1800,0,0,0,0,1,3,0,3,240,2104,8,0,2000,352,10.204082,89.455782,0.340136,0.000000,85.034014,14.965986,0,1796,4,0,1768,32,0.000000,99.777778,0.222222,0.000000,98.222222,1.777778,"wNa1,bKc2",
NvK,8,1,1,knight,king,4032,3276,0,0,0,0,1,3,0,3,336,3688,8,0,3572,460,8.333333,91.468254,0.198413,0.000000,88.591270,11.408730,0,3272,4,0,3244,32,0.000000,99.877900,0.122100,0.000000,99.023199,0.976801,"wNa1,bKc2",
NvK,9,1,1,knight,king,6480,5488,0,0,0,0,1,3,0,3,448,6024,8,0,5896,584,6.913580,92.962963,0.123457,0.000000,90.987654,9.012346,0,5484,4,0,5456,32,0.000000,99.927114,0.072886,0.000000,99.416910,0.583090,"wNa1,bKc2",
NvK,10,1,1,knight,king,9900,8640,0,0,0,0,1,3,0,3,576,9316,8,0,9176,724,5.818182,94.101010,0.080808,0.000000,92.686869,7.313131,0,8636,4,0,8608,32,0.000000,99.953704,0.046296,0.000000,99.629630,0.370370,"wNa1,bKc2",
NvK,11,1,1,knight,king,14520,12960,0,0,0,0,1,3,0,3,720,13792,8,0,13640,880,4.958678,94.986226,0.055096,0.000000,93.939394,6.060606,0,12956,4,0,12928,32,0.000000,99.969136,0.030864,0.000000,99.753086,0.246914,"wNa1,bKc2",
NvK,12,1,1,knight,king,20592,18700,0,0,0,0,1,3,0,3,880,19704,8,0,19540,1052,4.273504,95.687646,0.038850,0.000000,94.891220,5.108780,0,18696,4,0,18668,32,0.000000,99.978610,0.021390,0.000000,99.828877,0.171123,"wNa1,bKc2",
NvK,13,1,1,knight,king,28392,26136,0,0,0,0,1,3,0,3,1056,27328,8,0,27152,1240,3.719358,96.252465,0.028177,0.000000,95.632573,4.367427,0,26132,4,0,26104,32,0.000000,99.984695,0.015305,0.000000,99.877564,0.122436,"wNa1,bKc2",
NvK,14,1,1,knight,king,38220,35568,0,0,0,0,1,3,0,3,1248,36964,8,0,36776,1444,3.265306,96.713762,0.020931,0.000000,96.221873,3.778127,0,35564,4,0,35536,32,0.000000,99.988754,0.011246,0.000000,99.910031,0.089969,"wNa1,bKc2",
NvKK,3,1,2,knight,king,252,12,0,0,0,0,0,3,0,3,0,28,224,0,0,252,0.000000,11.111111,88.888889,0.000000,0.000000,100.000000,0,0,12,0,0,12,0.000000,0.000000,100.000000,0.000000,0.000000,100.000000,,
NvKK,4,1,2,knight,king,1680,360,0,0,0,0,0,5,0,5,0,240,1440,0,8,1672,0.000000,14.285714,85.714286,0.000000,0.476190,99.523810,0,0,360,0,0,360,0.000000,0.000000,100.000000,0.000000,0.000000,100.000000,,
NvKK,5,1,2,knight,king,6900,2536,0,0,0,0,0,11,0,11,0,1648,5252,0,64,6836,0.000000,23.884058,76.115942,0.000000,0.927536,99.072464,0,120,2416,0,0,2536,0.000000,4.731861,95.268139,0.000000,0.000000,100.000000,,
NvKK,6,1,2,knight,king,21420,10524,0,0,0,0,0,15,0,15,0,4804,16616,0,172,21248,0.000000,22.427638,77.572362,0.000000,0.802988,99.197012,0,456,10068,0,0,10524,0.000000,4.332953,95.667047,0.000000,0.000000,100.000000,,
NvKK,7,1,2,knight,king,55272,32460,0,0,0,0,0,21,0,21,0,10648,44624,0,324,54948,0.000000,19.264727,80.735273,0.000000,0.586192,99.413808,0,968,31492,0,0,32460,0.000000,2.982132,97.017868,0.000000,0.000000,100.000000,,
NvKK,8,1,2,knight,king,124992,82600,0,0,0,0,0,37,0,37,0,20268,104724,0,516,124476,0.000000,16.215438,83.784562,0.000000,0.412826,99.587174,0,1640,80960,0,0,82600,0.000000,1.985472,98.014528,0.000000,0.000000,100.000000,,
NvKK,9,1,2,knight,king,255960,183660,0,0,0,0,0,19,0,19,0,253708,2252,0,205788,50172,0.000000,99.120175,0.879825,0.000000,80.398500,19.601500,0,182472,1188,0,176748,6912,0.000000,99.353153,0.646847,0.000000,96.236524,3.763476,,
NvKK,10,1,2,knight,king,485100,369516,0,0,0,0,0,15,0,15,0,483016,2084,0,412496,72604,0.000000,99.570398,0.429602,0.000000,85.033189,14.966811,0,368484,1032,0,363488,6028,0.000000,99.720716,0.279284,0.000000,98.368677,1.631323,,
NvKK,11,1,2,knight,king,863940,688264,0,0,0,0,0,15,0,15,0,861672,2268,0,758008,105932,0.000000,99.737482,0.262518,0.000000,87.738500,12.261500,0,687144,1120,0,681504,6760,0.000000,99.837272,0.162728,0.000000,99.017819,0.982181,,
NvKK,12,1,2,knight,king,1462032,1205640,0,0,0,0,0,15,0,15,0,1459564,2468,0,1311932,150100,0.000000,99.831194,0.168806,0.000000,89.733467,10.266533,0,1204424,1216,0,1198084,7556,0.000000,99.899141,0.100859,0.000000,99.373279,0.626721,,
NvKK,13,1,2,knight,king,2370732,2008800,0,0,0,0,0,15,0,15,0,2368048,2684,0,2163488,207244,0.000000,99.886786,0.113214,0.000000,91.258227,8.741773,0,2007480,1320,0,2000384,8416,0.000000,99.934289,0.065711,0.000000,99.581043,0.418957,,
NvKK,14,1,2,knight,king,3707340,3210460,0,0,0,0,0,15,0,15,0,3704424,2916,0,3427648,279692,0.000000,99.921345,0.078655,0.000000,92.455723,7.544277,0,3209028,1432,0,3201120,9340,0.000000,99.955396,0.044604,0.000000,99.709076,0.290924,,
NvN,3,1,1,knight,knight,72,56,0,0,0,0,1,1,0,0,16,56,0,0,56,16,22.222222,77.777778,0.000000,0.000000,77.777778,22.222222,0,56,0,0,56,0,0.000000,100.000000,0.000000,0.000000,100.000000,0.000000,"wNa1,bNc2",
NvN,4,1,1,knight,knight,240,192,0,0,0,0,1,1,0,0,48,188,4,4,188,48,20.000000,78.333333,1.666667,1.666667,78.333333,20.000000,0,188,4,4,188,0,0.000000,97.916667,2.083333,2.083333,97.916667,0.000000,"wNa1,bNc2",
NvN,5,1,1,knight,knight,600,504,0,0,0,0,3,3,3,3,104,492,4,4,492,104,17.333333,82.000000,0.666667,0.666667,82.000000,17.333333,8,492,4,4,492,8,1.587302,97.619048,0.793651,0.793651,97.619048,1.587302,"wNb1,bNa5","wNb1,bNa5"
NvN,6,1,1,knight,knight,1260,1100,0,0,0,0,3,3,3,3,184,1072,4,4,1072,184,14.603175,85.079365,0.317460,0.317460,85.079365,14.603175,24,1072,4,4,1072,24,2.181818,97.454545,0.363636,0.363636,97.454545,2.181818,"wNb1,bNf6","wNb1,bNf6"
NvN,7,1,1,knight,knight,2352,2112,0,0,0,0,3,3,3,3,264,2084,4,4,2084,264,11.224490,88.605442,0.170068,0.170068,88.605442,11.224490,24,2084,4,4,2084,24,1.136364,98.674242,0.189394,0.189394,98.674242,1.136364,"wNc2,bNg1","wNc2,bNg1"
NvN,8,1,1,knight,knight,4032,3696,0,0,0,0,3,3,3,3,360,3668,4,4,3668,360,8.928571,90.972222,0.099206,0.099206,90.972222,8.928571,24,3668,4,4,3668,24,0.649351,99.242424,0.108225,0.108225,99.242424,0.649351,"wNd2,bNh1","wNd2,bNh1"
NvN,9,1,1,knight,knight,6480,6032,0,0,0,0,3,3,3,3,472,6004,4,4,6004,472,7.283951,92.654321,0.061728,0.061728,92.654321,7.283951,24,6004,4,4,6004,24,0.397878,99.535809,0.066313,0.066313,99.535809,0.397878,"wNe2,bNa1","wNe2,bNa1"
NvN,10,1,1,knight,knight,9900,9324,0,0,0,0,3,3,3,3,600,9296,4,4,9296,600,6.060606,93.898990,0.040404,0.040404,93.898990,6.060606,24,9296,4,4,9296,24,0.257400,99.699700,0.042900,0.042900,99.699700,0.257400,"wNe2,bNa1","wNe2,bNa1"
NvN,11,1,1,knight,knight,14520,13800,0,0,0,0,3,3,3,3,744,13772,4,4,13772,744,5.123967,94.848485,0.027548,0.027548,94.848485,5.123967,24,13772,4,4,13772,24,0.173913,99.797101,0.028986,0.028986,99.797101,0.173913,"wNe2,bNa1","wNe2,bNa1"
NvN,12,1,1,knight,knight,20592,19712,0,0,0,0,3,3,3,3,904,19684,4,4,19684,904,4.390054,95.590521,0.019425,0.019425,95.590521,4.390054,24,19684,4,4,19684,24,0.121753,99.857955,0.020292,0.020292,99.857955,0.121753,"wNe2,bNa1","wNe2,bNa1"
NvN,13,1,1,knight,knight,28392,27336,0,0,0,0,3,3,3,3,1080,27308,4,4,27308,1080,3.803888,96.182023,0.014088,0.014088,96.182023,3.803888,24,27308,4,4,27308,24,0.087796,99.897571,0.014633,0.014633,99.897571,0.087796,"wNe2,bNa1","wNe2,bNa1"
NvN,14,1,1,knight,knight,38220,36972,0,0,0,0,3,3,3,3,1272,36944,4,4,36944,1272,3.328100,96.661434,0.010466,0.010466,96.661434,3.328100,24,36944,4,4,36944,24,0.064914,99.924267,0.010819,0.010819,99.924267,0.064914,"wNe2,bNa1","wNe2,bNa1"
NvNN,3,1,2,knight,knight,252,148,0,0,0,0,0,7,0,7,0,156,96,0,68,184,0.000000,61.904762,38.095238,0.000000,26.984127,73.015873,0,68,80,0,68,80,0.000000,45.945946,54.054054,0.000000,45.945946,54.054054,,
NvNN,4,1,2,knight,knight,1680,1060,0,0,0,0,3,9,0,9,4,1460,216,0,736,944,0.238095,86.904762,12.857143,0.000000,43.809524,56.190476,0,860,200,0,736,324,0.000000,81.132075,18.867925,0.000000,69.433962,30.566038,"wNb2,bNd1,bNa4",
NvNN,5,1,2,knight,knight,6900,4856,0,0,0,0,3,19,0,19,16,3976,2908,0,1724,5176,0.231884,57.623188,42.144928,0.000000,24.985507,75.014493,0,2140,2716,0,1724,3132,0.000000,44.069193,55.930807,0.000000,35.502471,64.497529,"wNb1,bNd2,bNa5",
NvNN,6,1,2,knight,knight,21420,16312,0,0,0,0,3,9,0,9,32,20892,496,0,13552,7868,0.149393,97.535014,2.315593,0.000000,63.267974,36.732026,0,15824,488,0,13552,2760,0.000000,97.008337,2.991663,0.000000,83.079941,16.920059,"wNb1,bNc3,bNf6",
NvNN,7,1,2,knight,knight,55272,44548,0,0,0,0,3,9,0,9,32,54736,504,0,40916,14356,0.057895,99.030250,0.911854,0.000000,74.026632,25.973368,0,44052,496,0,40916,3632,0.000000,98.886594,1.113406,0.000000,91.846996,8.153004,"wNc2,bNa1,bNd4",
NvNN,8,1,2,knight,knight,124992,104996,0,0,0,0,3,7,0,7,32,124444,516,0,101176,23816,0.025602,99.561572,0.412826,0.000000,80.945981,19.054019,0,104488,508,0,101176,3820,0.000000,99.516172,0.483828,0.000000,96.361766,3.638234,"wNc2,bNa1,bNd4",
NvNN,9,1,2,knight,knight,255960,221740,0,0,0,0,3,7,0,7,32,255332,596,0,217268,38692,0.012502,99.754649,0.232849,0.000000,84.883576,15.116424,0,221152,588,0,217268,4472,0.000000,99.734825,0.265175,0.000000,97.983224,2.016776,"wNc2,bNa1,bNd4",
NvNN,10,1,2,knight,knight,485100,430216,0,0,0,0,3,7,0,7,32,484384,684,0,425068,60032,0.006597,99.852402,0.141002,0.000000,87.624820,12.375180,0,429540,676,0,425068,5148,0.000000,99.842870,0.157130,0.000000,98.803392,1.196608,"wNc2,bNa1,bNd4",
NvNN,11,1,2,knight,knight,863940,780272,0,0,0,0,3,7,0,7,32,863128,780,0,774392,89548,0.003704,99.906012,0.090284,0.000000,89.634928,10.365072,0,779500,772,0,774392,5880,0.000000,99.901060,0.098940,0.000000,99.246417,0.753583,"wNc2,bNa1,bNd4",
NvNN,12,1,2,knight,knight,1462032,1339588,0,0,0,0,3,7,0,7,32,1461116,884,0,1332920,129112,0.002189,99.937347,0.060464,0.000000,91.169003,8.830997,0,1338712,876,0,1332920,6668,0.000000,99.934607,0.065393,0.000000,99.502235,0.497765,"wNc2,bNa1,bNd4",
NvNN,13,1,2,knight,knight,2370732,2197456,0,0,0,0,3,7,0,7,32,2369704,996,0,2189944,180788,0.001350,99.956638,0.042012,0.000000,92.374170,7.625830,0,2196468,988,0,2189944,7512,0.000000,99.955039,0.044961,0.000000,99.658150,0.341850,"wNc2,bNa1,bNd4",
NvNN,14,1,2,knight,knight,3707340,3468920,0,0,0,0,3,7,0,7,32,3706192,1116,0,3460508,246832,0.000863,99.969034,0.030102,0.000000,93.342073,6.657927,0,3467812,1108,0,3460508,8412,0.000000,99.968059,0.031941,0.000000,99.757504,0.242496,"wNc2,bNa1,bNd4",
NvQ,3,1,1,knight,queen,72,0,0,0,na,na,1,3,0,0,16,8,48,0,0,72,22.222222,11.111111,66.666667,0.000000,0.000000,100.000000,0,0,0,0,0,0,0.000000,0.000000,0.000000,0.000000,0.000000,0.000000,"wNa1,bQc2",
NvQ,4,1,1,knight,queen,240,40,0,0,0,0,1,3,0,3,48,0,192,0,0,240,20.000000,0.000000,80.000000,0.000000,0.000000,100.000000,0,0,40,0,0,40,0.000000,0.000000,100.000000,0.000000,0.000000,100.000000,"wNa1,bQc2",
NvQ,5,1,1,knight,queen,600,184,0,0,0,0,1,5,0,5,96,0,504,0,0,600,16.000000,0.000000,84.000000,0.000000,0.000000,100.000000,0,0,184,0,0,184,0.000000,0.000000,100.000000,0.000000,0.000000,100.000000,"wNa1,bQc2",
NvQ,6,1,1,knight,queen,1260,520,0,0,0,0,1,7,0,7,160,0,1100,0,0,1260,12.698413,0.000000,87.301587,0.000000,0.000000,100.000000,0,0,520,0,0,520,0.000000,0.000000,100.000000,0.000000,0.000000,100.000000,"wNa1,bQc2",
NvQ,7,1,1,knight,queen,2352,1160,0,0,0,0,1,7,0,7,240,0,2112,0,0,2352,10.204082,0.000000,89.795918,0.000000,0.000000,100.000000,0,0,1160,0,0,1160,0.000000,0.000000,100.000000,0.000000,0.000000,100.000000,"wNa1,bQc2",
NvQ,8,1,1,knight,queen,4032,2240,0,0,0,0,1,9,0,9,336,0,3696,0,0,4032,8.333333,0.000000,91.666667,0.000000,0.000000,100.000000,0,0,2240,0,0,2240,0.000000,0.000000,100.000000,0.000000,0.000000,100.000000,"wNa1,bQc2",
NvQ,9,1,1,knight,queen,6480,3920,0,0,0,0,1,11,0,11,448,0,6032,0,0,6480,6.913580,0.000000,93.086420,0.000000,0.000000,100.000000,0,0,3920,0,0,3920,0.000000,0.000000,100.000000,0.000000,0.000000,100.000000,"wNa1,bQc2",
NvQ,10,1,1,knight,queen,9900,na,0,0,na,na,1,11,0,na,576,0,9324,0,0,9900,5.818182,0.000000,94.181818,0.000000,0.000000,100.000000,na,na,na,na,na,na,na,na,na,na,na,na,"wNa1,bQc2",
NvQ,11,1,1,knight,queen,14520,na,0,0,na,na,1,13,0,na,720,0,13800,0,0,14520,4.958678,0.000000,95.041322,0.000000,0.000000,100.000000,na,na,na,na,na,na,na,na,na,na,na,na,"wNa1,bQc2",
NvQ,12,1,1,knight,queen,20592,na,0,0,na,na,1,15,0,na,880,0,19712,0,0,20592,4.273504,0.000000,95.726496,0.000000,0.000000,100.000000,na,na,na,na,na,na,na,na,na,na,na,na,"wNa1,bQc2",
NvQQ,3,1,2,knight,queen,252,0,0,0,na,na,0,3,0,0,0,28,224,0,0,252,0.000000,11.111111,88.888889,0.000000,0.000000,100.000000,0,0,0,0,0,0,0.000000,0.000000,0.000000,0.000000,0.000000,0.000000,,
NvQQ,4,1,2,knight,queen,1680,48,0,0,0,0,0,3,0,3,0,0,1680,0,0,1680,0.000000,0.000000,100.000000,0.000000,0.000000,100.000000,0,0,48,0,0,48,0.000000,0.000000,100.000000,0.000000,0.000000,100.000000,,
NvQQ,5,1,2,knight,queen,6900,664,0,0,0,0,0,5,0,5,0,0,6900,0,0,6900,0.000000,0.000000,100.000000,0.000000,0.000000,100.000000,0,0,664,0,0,664,0.000000,0.000000,100.000000,0.000000,0.000000,100.000000,,
NvQQ,6,1,2,knight,queen,21420,3664,0,0,0,0,0,5,0,5,0,0,21420,0,0,21420,0.000000,0.000000,100.000000,0.000000,0.000000,100.000000,0,0,3664,0,0,3664,0.000000,0.000000,100.000000,0.000000,0.000000,100.000000,,
NvQQ,7,1,2,knight,queen,55272,13440,0,0,0,0,0,5,0,5,0,0,55272,0,0,55272,0.000000,0.000000,100.000000,0.000000,0.000000,100.000000,0,0,13440,0,0,13440,0.000000,0.000000,100.000000,0.000000,0.000000,100.000000,,
NvQQ,8,1,2,knight,queen,124992,38524,0,0,0,0,0,7,0,7,0,0,124992,0,0,124992,0.000000,0.000000,100.000000,0.000000,0.000000,100.000000,0,0,38524,0,0,38524,0.000000,0.000000,100.000000,0.000000,0.000000,100.000000,,
NvQQ,9,1,2,knight,queen,255960,93532,0,0,0,0,0,7,0,7,0,0,255960,0,0,255960,0.000000,0.000000,100.000000,0.000000,0.000000,100.000000,0,0,93532,0,0,93532,0.000000,0.000000,100.000000,0.000000,0.000000,100.000000,,
NvQQ,10,1,2,knight,queen,485100,na,0,0,na,na,0,7,0,na,0,0,485100,0,0,485100,0.000000,0.000000,100.000000,0.000000,0.000000,100.000000,na,na,na,na,na,na,na,na,na,na,na,na,,
NvQQ,11,1,2,knight,queen,863940,na,0,0,na,na,0,7,0,na,0,0,863940,0,0,863940,0.000000,0.000000,100.000000,0.000000,0.000000,100.000000,na,na,na,na,na,na,na,na,na,na,na,na,,
NvQQ,12,1,2,knight,queen,1462032,na,0,0,na,na,0,9,0,na,0,0,1462032,0,0,1462032,0.000000,0.000000,100.000000,0.000000,0.000000,100.000000,na,na,na,na,na,na,na,na,na,na,na,na,,
NvR,3,1,1,knight,rook,72,20,0,0,0,0,1,7,0,7,16,8,48,0,4,68,22.222222,11.111111,66.666667,0.000000,5.555556,94.444444,0,4,16,0,4,16,0.000000,20.000000,80.000000,0.000000,20.000000,80.000000,"wNa1,bRc2",
NvR,4,1,1,knight,rook,240,96,0,0,0,0,1,5,0,5,48,0,192,0,0,240,20.000000,0.000000,80.000000,0.000000,0.000000,100.000000,0,0,96,0,0,96,0.000000,0.000000,100.000000,0.000000,0.000000,100.000000,"wNa1,bRc2",
NvR,5,1,1,knight,rook,600,304,0,0,0,0,1,9,0,9,96,0,504,0,0,600,16.000000,0.000000,84.000000,0.000000,0.000000,100.000000,0,0,304,0,0,304,0.000000,0.000000,100.000000,0.000000,0.000000,100.000000,"wNa1,bRc2",
NvR,6,1,1,knight,rook,1260,740,0,0,0,0,1,13,0,13,160,0,1100,0,0,1260,12.698413,0.000000,87.301587,0.000000,0.000000,100.000000,0,0,740,0,0,740,0.000000,0.000000,100.000000,0.000000,0.000000,100.000000,"wNa1,bRc2",
NvR,7,1,1,knight,rook,2352,1524,0,0,0,0,1,9,0,9,240,2068,44,0,1436,916,10.204082,87.925170,1.870748,0.000000,61.054422,38.945578,0,1484,40,0,1260,264,0.000000,97.375328,2.624672,0.000000,82.677165,17.322835,"wNa1,bRc2",
NvR,8,1,1,knight,rook,4032,2800,0,0,0,0,1,3,0,3,336,3676,20,0,2904,1128,8.333333,91.170635,0.496032,0.000000,72.023810,27.976190,0,2780,20,0,2616,184,0.000000,99.285714,0.714286,0.000000,93.428571,6.571429,"wNa1,bRc2",
NvR,9,1,1,knight,rook,6480,4736,0,0,0,0,1,3,0,3,448,6012,20,0,4912,1568,6.913580,92.777778,0.308642,0.000000,75.802469,24.197531,0,4716,20,0,4512,224,0.000000,99.577703,0.422297,0.000000,95.270270,4.729730,"wNa1,bRc2",
NvR,10,1,1,knight,rook,9900,na,0,0,na,na,1,3,0,na,576,9304,20,0,7788,2112,5.818182,93.979798,0.202020,0.000000,78.666667,21.333333,na,na,na,na,na,na,na,na,na,na,na,na,"wNa1,bRc2",
NvR,11,1,1,knight,rook,14520,na,0,0,na,na,1,3,0,na,720,13780,20,0,11748,2772,4.958678,94.903581,0.137741,0.000000,80.909091,19.090909,na,na,na,na,na,na,na,na,na,na,na,na,"wNa1,bRc2",
NvR,12,1,1,knight,rook,20592,na,0,0,na,na,1,3,0,na,880,19692,20,0,17032,3560,4.273504,95.629371,0.097125,0.000000,82.711733,17.288267,na,na,na,na,na,na,na,na,na,na,na,na,"wNa1,bRc2",
NvRR,3,1,2,knight,rook,252,14,0,0,0,0,0,3,0,3,0,28,224,0,6,246,0.000000,11.111111,88.888889,0.000000,2.380952,97.619048,0,6,8,0,6,8,0.000000,42.857143,57.142857,0.000000,42.857143,57.142857,,
NvRR,4,1,2,knight,rook,1680,244,0,0,0,0,0,5,0,5,0,0,1680,0,0,1680,0.000000,0.000000,100.000000,0.000000,0.000000,100.000000,0,0,244,0,0,244,0.000000,0.000000,100.000000,0.000000,0.000000,100.000000,,
NvRR,5,1,2,knight,rook,6900,1724,0,0,0,0,0,5,0,5,0,0,6900,0,0,6900,0.000000,0.000000,100.000000,0.000000,0.000000,100.000000,0,0,1724,0,0,1724,0.000000,0.000000,100.000000,0.000000,0.000000,100.000000,,
NvRR,6,1,2,knight,rook,21420,7292,0,0,0,0,0,7,0,7,0,0,21420,0,0,21420,0.000000,0.000000,100.000000,0.000000,0.000000,100.000000,0,0,7292,0,0,7292,0.000000,0.000000,100.000000,0.000000,0.000000,100.000000,,
NvRR,7,1,2,knight,rook,55272,23026,0,0,0,0,0,9,0,9,0,7080,48192,0,0,55272,0.000000,12.809379,87.190621,0.000000,0.000000,100.000000,0,0,23026,0,0,23026,0.000000,0.000000,100.000000,0.000000,0.000000,100.000000,,
NvRR,8,1,2,knight,rook,124992,59972,0,0,0,0,0,11,0,11,0,14980,110012,0,0,124992,0.000000,11.984767,88.015233,0.000000,0.000000,100.000000,0,0,59972,0,0,59972,0.000000,0.000000,100.000000,0.000000,0.000000,100.000000,,
NvRR,9,1,2,knight,rook,255960,136244,0,0,0,0,0,13,0,13,0,26728,229232,0,0,255960,0.000000,10.442257,89.557743,0.000000,0.000000,100.000000,0,0,136244,0,0,136244,0.000000,0.000000,100.000000,0.000000,0.000000,100.000000,,
NvRR,10,1,2,knight,rook,485100,na,0,0,na,na,0,17,0,na,0,44196,440904,0,0,485100,0.000000,9.110699,90.889301,0.000000,0.000000,100.000000,na,na,na,na,na,na,na,na,na,na,na,na,,
NvRR,11,1,2,knight,rook,863940,na,0,0,na,na,0,17,0,na,0,68968,794972,0,0,863940,0.000000,7.982962,92.017038,0.000000,0.000000,100.000000,na,na,na,na,na,na,na,na,na,na,na,na,,
NvRR,12,1,2,knight,rook,1462032,na,0,0,na,na,0,19,0,na,0,102820,1359212,0,0,1462032,0.000000,7.032678,92.967322,0.000000,0.000000,100.000000,na,na,na,na,na,na,na,na,na,na,na,na,,
QBvB,3,2,1,queen+bishop,bishop,504,92,0,0,0,1,3,3,3,na,504,0,0,392,104,8,100.000000,0.000000,0.000000,77.777778,20.634921,1.587302,92,0,0,92,0,0,100.000000,0.000000,0.000000,100.000000,0.000000,0.000000,"wQa1,wBb1,bBc1","wQa1,wBb1,bBc1"
QBvB,4,2,1,queen+bishop,bishop,3360,1000,0,0,0,1,5,0,5,na,3360,0,0,2728,632,0,100.000000,0.000000,0.000000,81.190476,18.809524,0.000000,1000,0,0,1000,0,0,100.000000,0.000000,0.000000,100.000000,0.000000,0.000000,"wQa1,wBc1,bBc2","wQa1,wBc1,bBc2"
QBvB,5,2,1,queen+bishop,bishop,13800,5328,0,0,0,0,9,0,9,na,12660,1140,0,8512,5288,0,91.739130,8.260870,0.000000,61.681159,38.318841,0.000000,4188,1140,0,3792,1536,0,78.603604,21.396396,0.000000,71.171171,28.828829,0.000000,"wQb1,wBb3,bBc5","wQb1,wBb3,bBc5"
QBvB,6,2,1,queen+bishop,bishop,42840,19512,0,0,0,0,7,0,7,na,30720,12120,0,14760,28080,0,71.708683,28.291317,0.000000,34.453782,65.546218,0.000000,7392,12120,0,7392,12120,0,37.884379,62.115621,0.000000,37.884379,62.115621,0.000000,"wQa1,wBb1,bBf1","wQa1,wBb1,bBf1"
QBvB,7,2,1,queen+bishop,bishop,110544,56508,0,0,0,0,9,0,9,na,76504,34040,0,38960,71584,0,69.206832,30.793168,0.000000,35.243885,64.756115,0.000000,22468,34040,0,22468,34040,0,39.760742,60.239258,0.000000,39.760742,60.239258,0.000000,"wQa1,wBb1,bBd1","wQa1,wBb1,bBd1"
QBvB,8,2,1,queen+bishop,bishop,249984,139184,0,0,0,0,15,0,15,na,168000,81984,0,90048,159936,0,67.204301,32.795699,0.000000,36.021505,63.978495,0.000000,57200,81984,0,57200,81984,0,41.096678,58.903322,0.000000,41.096678,58.903322,0.000000,"wQa1,wBb1,bBf1","wQa1,wBb1,bBf1"
QBvB,9,2,1,queen+bishop,bishop,511920,304448,0,0,0,0,11,0,11,na,216488,295432,0,2424,509496,0,42.289420,57.710580,0.000000,0.473511,99.526489,0.000000,9016,295432,0,0,304448,0,2.961425,97.038575,0.000000,0.000000,100.000000,0.000000,"wQc1,wBd2,bBh2","wQc1,wBd2,bBh2"
QBvB,10,2,1,queen+bishop,bishop,970200,608080,0,0,0,0,11,0,11,na,374576,595624,0,2912,967288,0,38.608122,61.391878,0.000000,0.300144,99.699856,0.000000,12456,595624,0,0,608080,0,2.048415,97.951585,0.000000,0.000000,100.000000,0.000000,"wQc1,wBa4,bBa8","wQc1,wBa4,bBa8"
QBvB,11,2,1,queen+bishop,bishop,1727880,1130300,0,0,0,0,11,0,11,na,614100,1113780,0,3440,1724440,0,35.540663,64.459337,0.000000,0.199088,99.800912,0.000000,16520,1113780,0,0,1130300,0,1.461559,98.538441,0.000000,0.000000,100.000000,0.000000,"wQc1,wBa5,bBa9","wQc1,wBa5,bBa9"
QBvB,12,2,1,queen+bishop,bishop,2924064,1982040,0,0,0,0,11,0,11,na,963720,1960344,0,4024,2920040,0,32.958239,67.041761,0.000000,0.137617,99.862383,0.000000,21696,1960344,0,0,1982040,0,1.094630,98.905370,0.000000,0.000000,100.000000,0.000000,"wQc1,wBa6,bBa10","wQc1,wBa6,bBa10"
QBvK,3,2,1,queen+bishop,king,504,40,0,0,0,1,5,5,5,na,504,0,0,304,0,200,100.000000,0.000000,0.000000,60.317460,0.000000,39.682540,40,0,0,40,0,0,100.000000,0.000000,0.000000,100.000000,0.000000,0.000000,"wQa1,wBb1,bKb3","wQa1,wBb1,bKb3"
QBvK,4,2,1,queen+bishop,king,3360,696,0,0,0,1,7,0,7,na,3360,0,0,2464,896,0,100.000000,0.000000,0.000000,73.333333,26.666667,0.000000,696,0,0,696,0,0,100.000000,0.000000,0.000000,100.000000,0.000000,0.000000,"wQa1,wBb1,bKb3","wQa1,wBb1,bKb3"
QBvK,5,2,1,queen+bishop,king,13800,4328,0,0,0,1,9,0,9,na,13800,0,0,11160,2640,0,100.000000,0.000000,0.000000,80.869565,19.130435,0.000000,4328,0,0,4328,0,0,100.000000,0.000000,0.000000,100.000000,0.000000,0.000000,"wQa1,wBc1,bKb3","wQa1,wBc1,bKb3"
QBvK,6,2,1,queen+bishop,king,42840,17032,0,0,0,1,11,0,11,na,42840,0,0,36680,6160,0,100.000000,0.000000,0.000000,85.620915,14.379085,0.000000,17032,0,0,17032,0,0,100.000000,0.000000,0.000000,100.000000,0.000000,0.000000,"wQa1,wBc1,bKd3","wQa1,wBc1,bKd3"
QBvK,7,2,1,queen+bishop,king,110544,51328,0,0,0,1,11,0,11,na,110544,0,0,98168,12376,0,100.000000,0.000000,0.000000,88.804458,11.195542,0.000000,51328,0,0,51328,0,0,100.000000,0.000000,0.000000,100.000000,0.000000,0.000000,"wQa1,wBc1,bKd3","wQa1,wBc1,bKd3"
QBvK,8,2,1,queen+bishop,king,249984,129552,0,0,0,1,13,0,13,na,249984,0,0,227584,22400,0,100.000000,0.000000,0.000000,91.039427,8.960573,0.000000,129552,0,0,129552,0,0,100.000000,0.000000,0.000000,100.000000,0.000000,0.000000,"wQa1,wBc1,bKc4","wQa1,wBc1,bKc4"
QBvK,9,2,1,queen+bishop,king,511920,287984,0,0,0,1,15,0,15,na,511920,0,0,474384,37536,0,100.000000,0.000000,0.000000,92.667604,7.332396,0.000000,287984,0,0,287984,0,0,100.000000,0.000000,0.000000,100.000000,0.000000,0.000000,"wQb1,wBe2,bKf4","wQb1,wBe2,bKf4"
QBvK,10,2,1,queen+bishop,king,970200,581680,0,0,0,1,15,0,15,na,970200,0,0,910920,59280,0,100.000000,0.000000,0.000000,93.889920,6.110080,0.000000,581680,0,0,581680,0,0,100.000000,0.000000,0.000000,100.000000,0.000000,0.000000,"wQa1,wBc1,bKd5","wQa1,wBc1,bKd5"
QBvK,11,2,1,queen+bishop,king,1727880,1090040,0,0,0,1,17,0,17,na,1727880,0,0,1638560,89320,0,100.000000,0.000000,0.000000,94.830660,5.169340,0.000000,1090040,0,0,1090040,0,0,100.000000,0.000000,0.000000,100.000000,0.000000,0.000000,"wQb1,wBd1,bKg5","wQb1,wBd1,bKg5"
QBvK,12,2,1,queen+bishop,king,2924064,1923080,0,0,0,1,17,0,17,na,2924064,0,0,2794528,129536,0,100.000000,0.000000,0.000000,95.570001,4.429999,0.000000,1923080,0,0,1923080,0,0,100.000000,0.000000,0.000000,100.000000,0.000000,0.000000,"wQa1,wBc1,bKe6","wQa1,wBc1,bKe6"
QBvN,3,2,1,queen+bishop,knight,504,12,0,0,0,1,3,0,3,na,504,0,0,416,88,0,100.000000,0.000000,0.000000,82.539683,17.460317,0.000000,12,0,0,12,0,0,100.000000,0.000000,0.000000,100.000000,0.000000,0.000000,"wQa1,wBb1,bNc1","wQa1,wBb1,bNc1"
QBvN,4,2,1,queen+bishop,knight,3360,400,0,0,0,1,3,3,3,na,3360,0,0,2936,400,24,100.000000,0.000000,0.000000,87.380952,11.904762,0.714286,400,0,0,400,0,0,100.000000,0.000000,0.000000,100.000000,0.000000,0.000000,"wQa1,wBb1,bNc1","wQa1,wBb1,bNc1"
QBvN,5,2,1,queen+bishop,knight,13800,3000,0,0,0,1,5,3,5,na,13800,0,0,12328,1448,24,100.000000,0.000000,0.000000,89.333333,10.492754,0.173913,3000,0,0,3000,0,0,100.000000,0.000000,0.000000,100.000000,0.000000,0.000000,"wQa1,wBc1,bNb4","wQa1,wBc1,bNb4"
QBvN,6,2,1,queen+bishop,knight,42840,13008,0,0,0,1,5,0,5,na,42840,0,0,38912,3928,0,100.000000,0.000000,0.000000,90.830999,9.169001,0.000000,13008,0,0,13008,0,0,100.000000,0.000000,0.000000,100.000000,0.000000,0.000000,"wQa1,wBb1,bNd2","wQa1,wBb1,bNe2"
QBvN,7,2,1,queen+bishop,knight,110544,41780,0,0,0,1,7,0,7,na,110544,0,0,101888,8656,0,100.000000,0.000000,0.000000,92.169634,7.830366,0.000000,41780,0,0,41780,0,0,100.000000,0.000000,0.000000,100.000000,0.000000,0.000000,"wQa1,wBc1,bNe2","wQa1,wBc1,bNc6"
QBvN,8,2,1,queen+bishop,knight,249984,110200,0,0,0,1,9,0,9,na,249984,0,0,233288,16696,0,100.000000,0.000000,0.000000,93.321173,6.678827,0.000000,110200,0,0,110200,0,0,100.000000,0.000000,0.000000,100.000000,0.000000,0.000000,"wQa1,wBb2,bNe3","wQa1,wBb2,bNe3"
QBvN,9,2,1,queen+bishop,knight,511920,252808,0,0,0,1,9,0,9,na,511920,0,0,482640,29280,0,100.000000,0.000000,0.000000,94.280356,5.719644,0.000000,252808,0,0,252808,0,0,100.000000,0.000000,0.000000,100.000000,0.000000,0.000000,"wQa1,wBd1,bNe6","wQa1,wBd1,bNe6"
QBvN,10,2,1,queen+bishop,knight,970200,522632,0,0,0,1,11,0,11,na,970200,0,0,922368,47832,0,100.000000,0.000000,0.000000,95.069882,4.930118,0.000000,522632,0,0,522632,0,0,100.000000,0.000000,0.000000,100.000000,0.000000,0.000000,"wQb1,wBe1,bNf6","wQb1,wBe1,bNf6"
QBvN,11,2,1,queen+bishop,knight,1727880,996756,0,0,0,1,11,0,11,na,1727880,0,0,1653912,73968,0,100.000000,0.000000,0.000000,95.719147,4.280853,0.000000,996756,0,0,996756,0,0,100.000000,0.000000,0.000000,100.000000,0.000000,0.000000,"wQa1,wBd1,bNg5","wQa1,wBd1,bNg5"
QBvN,12,2,1,queen+bishop,knight,2924064,1782592,0,0,0,1,13,0,13,na,2924064,0,0,2814568,109496,0,100.000000,0.000000,0.000000,96.255349,3.744651,0.000000,1782592,0,0,1782592,0,0,100.000000,0.000000,0.000000,100.000000,0.000000,0.000000,"wQa1,wBe1,bNd6","wQa1,wBe1,bNd6"
QBvQ,3,2,1,queen+bishop,queen,504,16,0,0,0,1,5,5,3,na,504,0,0,216,16,272,100.000000,0.000000,0.000000,42.857143,3.174603,53.968254,16,0,0,16,0,0,100.000000,0.000000,0.000000,100.000000,0.000000,0.000000,"wQa1,wBb1,bQc1","wQa1,wBc1,bQb3"
QBvQ,4,2,1,queen+bishop,queen,3360,408,0,0,0,1,11,7,11,na,3360,0,0,1520,264,1576,100.000000,0.000000,0.000000,45.238095,7.857143,46.904762,408,0,0,408,0,0,100.000000,0.000000,0.000000,100.000000,0.000000,0.000000,"wQa1,wBb1,bQc1","wQa1,wBb1,bQd2"
QBvQ,5,2,1,queen+bishop,queen,13800,2888,0,0,0,0,3,7,0,na,8504,5296,0,4,10708,3088,61.623188,38.376812,0.000000,0.028986,77.594203,22.376812,0,2888,0,0,2888,0,0.000000,100.000000,0.000000,0.000000,100.000000,0.000000,"wQa1,wBd3,bQe3",
QBvQ,6,2,1,queen+bishop,queen,42840,12232,0,0,0,0,1,0,0,na,23328,19512,0,0,42840,0,54.453782,45.546218,0.000000,0.000000,100.000000,0.000000,0,12232,0,0,12232,0,0.000000,100.000000,0.000000,0.000000,100.000000,0.000000,"wQa1,wBb1,bQa2",
QBvQ,7,2,1,queen+bishop,queen,110544,38728,0,0,0,0,1,0,0,na,54036,56508,0,0,110544,0,48.881893,51.118107,0.000000,0.000000,100.000000,0.000000,0,38728,0,0,38728,0,0.000000,100.000000,0.000000,0.000000,100.000000,0.000000,"wQa1,wBb1,bQa2",
QBvQ,8,2,1,queen+bishop,queen,249984,101328,0,0,0,0,1,0,0,na,110800,139184,0,0,249984,0,44.322837,55.677163,0.000000,0.000000,100.000000,0.000000,0,101328,0,0,101328,0,0.000000,100.000000,0.000000,0.000000,100.000000,0.000000,"wQa1,wBb1,bQa2",
QBvQ,9,2,1,queen+bishop,queen,511920,231536,0,0,0,0,1,0,0,na,207472,304448,0,0,511920,0,40.528208,59.471792,0.000000,0.000000,100.000000,0.000000,0,231536,0,0,231536,0,0.000000,100.000000,0.000000,0.000000,100.000000,0.000000,"wQa1,wBb1,bQa2",
QBvQ,10,2,1,queen+bishop,queen,970200,478000,0,0,0,0,1,0,0,na,362120,608080,0,0,970200,0,37.324263,62.675737,0.000000,0.000000,100.000000,0.000000,0,478000,0,0,478000,0,0.000000,100.000000,0.000000,0.000000,100.000000,0.000000,"wQa1,wBb1,bQa2",
QBvQ,11,2,1,queen+bishop,queen,1727880,911840,0,0,0,0,1,0,0,na,597580,1130300,0,0,1727880,0,34.584578,65.415422,0.000000,0.000000,100.000000,0.000000,0,911840,0,0,911840,0,0.000000,100.000000,0.000000,0.000000,100.000000,0.000000,"wQa1,wBb1,bQa2",
QBvQ,12,2,1,queen+bishop,queen,2924064,1632680,0,0,0,0,1,0,0,na,942024,1982040,0,0,2924064,0,32.216258,67.783742,0.000000,0.000000,100.000000,0.000000,0,1632680,0,0,1632680,0,0.000000,100.000000,0.000000,0.000000,100.000000,0.000000,"wQa1,wBb1,bQa2",
QBvR,3,2,1,queen+bishop,rook,504,16,0,0,0,1,3,7,3,na,504,0,0,344,56,104,100.000000,0.000000,0.000000,68.253968,11.111111,20.634921,16,0,0,16,0,0,100.000000,0.000000,0.000000,100.000000,0.000000,0.000000,"wQa1,wBb1,bRc1","wQa1,wBc1,bRb3"
QBvR,4,2,1,queen+bishop,rook,3360,408,0,0,0,1,7,9,7,na,3360,0,0,2064,1080,216,100.000000,0.000000,0.000000,61.428571,32.142857,6.428571,408,0,0,408,0,0,100.000000,0.000000,0.000000,100.000000,0.000000,0.000000,"wQb1,wBa1,bRa3","wQb1,wBc1,bRa4"
QBvR,5,2,1,queen+bishop,rook,13800,2888,0,0,0,1,11,0,11,na,13800,0,0,8680,5120,0,100.000000,0.000000,0.000000,62.898551,37.101449,0.000000,2888,0,0,2888,0,0,100.000000,0.000000,0.000000,100.000000,0.000000,0.000000,"wQa1,wBe3,bRc2","wQa1,wBe3,bRc2"
QBvR,6,2,1,queen+bishop,rook,42840,12232,0,0,0,0,5,0,3,na,24176,18664,0,128,42712,0,56.433240,43.566760,0.000000,0.298786,99.701214,0.000000,80,12152,0,0,12232,0,0.654022,99.345978,0.000000,0.000000,100.000000,0.000000,"wQb1,wBc3,bRa3","wQb2,wBf1,bRa5"
QBvR,7,2,1,queen+bishop,rook,110544,38728,0,0,0,0,5,0,0,na,55028,55516,0,136,110408,0,49.779273,50.220727,0.000000,0.123028,99.876972,0.000000,0,38728,0,0,38728,0,0.000000,100.000000,0.000000,0.000000,100.000000,0.000000,"wQa1,wBe3,bRg3",
QBvR,8,2,1,queen+bishop,rook,249984,101328,0,0,0,0,5,0,0,na,112208,137776,0,160,249824,0,44.886073,55.113927,0.000000,0.064004,99.935996,0.000000,0,101328,0,0,101328,0,0.000000,100.000000,0.000000,0.000000,100.000000,0.000000,"wQa1,wBf3,bRh3",
QBvR,9,2,1,queen+bishop,rook,511920,231536,0,0,0,0,5,0,0,na,209368,302552,0,184,511736,0,40.898578,59.101422,0.000000,0.035943,99.964057,0.000000,0,231536,0,0,231536,0,0.000000,100.000000,0.000000,0.000000,100.000000,0.000000,"wQa1,wBg3,bRi3",
QBvR,10,2,1,queen+bishop,rook,970200,478000,0,0,0,0,5,0,0,na,364576,605624,0,208,969992,0,37.577407,62.422593,0.000000,0.021439,99.978561,0.000000,0,478000,0,0,478000,0,0.000000,100.000000,0.000000,0.000000,100.000000,0.000000,"wQa1,wBh3,bRj3",
QBvR,11,2,1,queen+bishop,rook,1727880,911840,0,0,0,0,5,0,0,na,600668,1127212,0,232,1727648,0,34.763294,65.236706,0.000000,0.013427,99.986573,0.000000,0,911840,0,0,911840,0,0.000000,100.000000,0.000000,0.000000,100.000000,0.000000,"wQa1,wBi3,bRk3",
QBvR,12,2,1,queen+bishop,rook,2924064,1632680,0,0,0,0,5,0,0,na,945816,1978248,0,256,2923808,0,32.345940,67.654060,0.000000,0.008755,99.991245,0.000000,0,1632680,0,0,1632680,0,0.000000,100.000000,0.000000,0.000000,100.000000,0.000000,"wQa1,wBj3,bRl3",
QNvB,3,2,1,queen+knight,bishop,504,76,0,0,0,1,5,9,5,na,504,0,0,400,40,64,100.000000,0.000000,0.000000,79.365079,7.936508,12.698413,76,0,0,76,0,0,100.000000,0.000000,0.000000,100.000000,0.000000,0.000000,"wQb1,wNb2,bBb3","wQb1,wNb2,bBb3"
QNvB,4,2,1,queen+knight,bishop,3360,792,0,0,0,1,5,3,5,na,3360,0,0,2816,496,48,100.000000,0.000000,0.000000,83.809524,14.761905,1.428571,792,0,0,792,0,0,100.000000,0.000000,0.000000,100.000000,0.000000,0.000000,"wQa1,wNb1,bBc2","wQa1,wNb1,bBb3"
QNvB,5,2,1,queen+knight,bishop,13800,4384,0,0,0,1,7,3,7,na,13800,0,0,11224,2472,104,100.000000,0.000000,0.000000,81.333333,17.913043,0.753623,4384,0,0,4384,0,0,100.000000,0.000000,0.000000,100.000000,0.000000,0.000000,"wQa1,wNb2,bBc3","wQa1,wNc2,bBc4"
QNvB,6,2,1,queen+knight,bishop,42840,16728,0,0,0,1,9,3,9,na,42840,0,0,32896,9776,168,100.000000,0.000000,0.000000,76.788049,22.819795,0.392157,16728,0,0,16728,0,0,100.000000,0.000000,0.000000,100.000000,0.000000,0.000000,"wQa1,wNe1,bBb3","wQa1,wNe1,bBb3"
QNvB,7,2,1,queen+knight,bishop,110544,50028,0,0,0,1,11,3,11,na,110544,0,0,86320,23984,240,100.000000,0.000000,0.000000,78.086554,21.696338,0.217108,50028,0,0,50028,0,0,100.000000,0.000000,0.000000,100.000000,0.000000,0.000000,"wQa1,wNb1,bBc2","wQa1,wNc1,bBd1"
QNvB,8,2,1,queen+knight,bishop,249984,126208,0,0,0,1,25,3,25,na,249984,0,0,198480,51184,320,100.000000,0.000000,0.000000,79.397081,20.474910,0.128008,126208,0,0,126208,0,0,100.000000,0.000000,0.000000,100.000000,0.000000,0.000000,"wQa1,wNb1,bBd1","wQa1,wNb1,bBd1"
QNvB,9,2,1,queen+knight,bishop,511920,281040,0,0,0,0,9,3,9,na,194676,317244,0,764,510748,408,38.028598,61.971402,0.000000,0.149242,99.771058,0.079700,6592,274448,0,0,281040,0,2.345574,97.654426,0.000000,0.000000,100.000000,0.000000,"wQd1,wNb7,bBb8","wQd1,wNb7,bBb8"
QNvB,10,2,1,queen+knight,bishop,970200,568976,0,0,0,0,9,3,9,na,330944,639256,0,808,968888,504,34.110905,65.889095,0.000000,0.083282,99.864770,0.051948,8080,560896,0,0,568976,0,1.420095,98.579905,0.000000,0.000000,100.000000,0.000000,"wQd1,wNb8,bBb9","wQd1,wNb8,bBb9"
QNvB,11,2,1,queen+knight,bishop,1727880,1068716,0,0,0,0,9,3,9,na,534972,1192908,0,852,1726420,608,30.961178,69.038822,0.000000,0.049309,99.915503,0.035188,9696,1059020,0,0,1068716,0,0.907257,99.092743,0.000000,0.000000,100.000000,0.000000,"wQd1,wNb9,bBb10","wQd1,wNb9,bBb10"
QNvB,12,2,1,queen+knight,bishop,2924064,1889480,0,0,0,0,9,3,9,na,829360,2094704,0,896,2922448,720,28.363264,71.636736,0.000000,0.030642,99.944734,0.024623,11504,1877976,0,0,1889480,0,0.608845,99.391155,0.000000,0.000000,100.000000,0.000000,"wQd1,wNb10,bBb11","wQd1,wNb10,bBb11"
QNvK,3,2,1,queen+knight,king,504,32,0,0,0,1,5,5,3,na,480,24,0,256,56,192,95.238095,4.761905,0.000000,50.793651,11.111111,38.095238,32,0,0,32,0,0,100.000000,0.000000,0.000000,100.000000,0.000000,0.000000,"wQa1,wNb1,bKc2","wQa1,wNb1,bKb3"
QNvK,4,2,1,queen+knight,king,3360,604,0,0,0,1,7,9,7,na,3360,0,0,2456,628,276,100.000000,0.000000,0.000000,73.095238,18.690476,8.214286,604,0,0,604,0,0,100.000000,0.000000,0.000000,100.000000,0.000000,0.000000,"wQa1,wNc1,bKc2","wQa1,wNb2,bKd2"
QNvK,5,2,1,queen+knight,king,13800,4032,0,0,0,1,9,3,9,na,13800,0,0,11096,2644,60,100.000000,0.000000,0.000000,80.405797,19.159420,0.434783,4032,0,0,4032,0,0,100.000000,0.000000,0.000000,100.000000,0.000000,0.000000,"wQa1,wNe1,bKb3","wQa1,wNe1,bKb3"
QNvK,6,2,1,queen+knight,king,42840,16576,0,0,0,1,13,3,13,na,42840,0,0,36432,6348,60,100.000000,0.000000,0.000000,85.042017,14.817927,0.140056,16576,0,0,16576,0,0,100.000000,0.000000,0.000000,100.000000,0.000000,0.000000,"wQa1,wNf1,bKd3","wQa1,wNf1,bKd3"
QNvK,7,2,1,queen+knight,king,110544,51280,0,0,0,1,13,3,13,na,110544,0,0,97544,12940,60,100.000000,0.000000,0.000000,88.239977,11.705746,0.054277,51280,0,0,51280,0,0,100.000000,0.000000,0.000000,100.000000,0.000000,0.000000,"wQa1,wNb1,bKd3","wQa1,wNb1,bKd3"
QNvK,8,2,1,queen+knight,king,249984,131532,0,0,0,1,17,3,17,na,249984,0,0,226328,23596,60,100.000000,0.000000,0.000000,90.536994,9.439004,0.024002,131532,0,0,131532,0,0,100.000000,0.000000,0.000000,100.000000,0.000000,0.000000,"wQa1,wNd1,bKe4","wQa1,wNd1,bKe4"
QNvK,9,2,1,queen+knight,king,511920,295344,0,0,0,1,19,3,19,na,511920,0,0,472176,39684,60,100.000000,0.000000,0.000000,92.236287,7.751992,0.011721,295344,0,0,295344,0,0,100.000000,0.000000,0.000000,100.000000,0.000000,0.000000,"wQa1,wNi1,bKe4","wQa1,wNi1,bKe4"
QNvK,10,2,1,queen+knight,king,970200,600352,0,0,0,1,21,3,21,na,970200,0,0,907376,62764,60,100.000000,0.000000,0.000000,93.524634,6.469182,0.006184,600352,0,0,600352,0,0,100.000000,0.000000,0.000000,100.000000,0.000000,0.000000,"wQa1,wNb1,bKf5","wQa1,wNb1,bKf5"
QNvK,11,2,1,queen+knight,king,1727880,1129536,0,0,0,1,25,3,25,na,1727880,0,0,1633232,94588,60,100.000000,0.000000,0.000000,94.522305,5.474223,0.003472,1129536,0,0,1129536,0,0,100.000000,0.000000,0.000000,100.000000,0.000000,0.000000,"wQc1,wNk1,bKe6","wQc1,wNk1,bKe6"
QNvK,12,2,1,queen+knight,king,2924064,1997660,0,0,0,1,27,3,27,na,2924064,0,0,2786904,137100,60,100.000000,0.000000,0.000000,95.309268,4.688680,0.002052,1997660,0,0,1997660,0,0,100.000000,0.000000,0.000000,100.000000,0.000000,0.000000,"wQa1,wNb1,bKg6","wQa1,wNb1,bKg6"
QNvN,3,2,1,queen+knight,knight,504,16,0,0,0,1,5,0,5,na,504,0,0,352,152,0,100.000000,0.000000,0.000000,69.841270,30.158730,0.000000,16,0,0,16,0,0,100.000000,0.000000,0.000000,100.000000,0.000000,0.000000,"wQa1,wNb2,bNc3","wQa1,wNb2,bNc3"
QNvN,4,2,1,queen+knight,knight,3360,544,0,0,0,1,5,3,5,na,3360,0,0,2792,560,8,100.000000,0.000000,0.000000,83.095238,16.666667,0.238095,544,0,0,544,0,0,100.000000,0.000000,0.000000,100.000000,0.000000,0.000000,"wQa1,wNb1,bNb4","wQa1,wNb1,bNb4"
QNvN,5,2,1,queen+knight,knight,13800,3896,0,0,0,1,5,3,5,na,13800,0,0,11936,1848,16,100.000000,0.000000,0.000000,86.492754,13.391304,0.115942,3896,0,0,3896,0,0,100.000000,0.000000,0.000000,100.000000,0.000000,0.000000,"wQa1,wNb1,bNc1","wQa1,wNb1,bNc1"
QNvN,6,2,1,queen+knight,knight,42840,16240,0,0,0,1,7,3,7,na,42840,0,0,38112,4696,32,100.000000,0.000000,0.000000,88.963585,10.961718,0.074697,16240,0,0,16240,0,0,100.000000,0.000000,0.000000,100.000000,0.000000,0.000000,"wQa1,wNc1,bNb5","wQa1,wNc1,bNb5"
QNvN,7,2,1,queen+knight,knight,110544,50552,0,0,0,1,7,3,7,na,110544,0,0,100424,10088,32,100.000000,0.000000,0.000000,90.845274,9.125778,0.028948,50552,0,0,50552,0,0,100.000000,0.000000,0.000000,100.000000,0.000000,0.000000,"wQa1,wNb1,bNe2","wQa1,wNb1,bNe2"
QNvN,8,2,1,queen+knight,knight,249984,130152,0,0,0,1,9,3,9,na,249984,0,0,230872,19080,32,100.000000,0.000000,0.000000,92.354711,7.632488,0.012801,130152,0,0,130152,0,0,100.000000,0.000000,0.000000,100.000000,0.000000,0.000000,"wQa1,wNb1,bNd5","wQa1,wNb1,bNd5"
QNvN,9,2,1,queen+knight,knight,511920,292984,0,0,0,1,11,3,11,na,511920,0,0,478920,32968,32,100.000000,0.000000,0.000000,93.553680,6.440069,0.006251,292984,0,0,292984,0,0,100.000000,0.000000,0.000000,100.000000,0.000000,0.000000,"wQa1,wNb2,bNd4","wQa1,wNb2,bNd4"
QNvN,10,2,1,queen+knight,knight,970200,596616,0,0,0,1,11,3,11,na,970200,0,0,916928,53240,32,100.000000,0.000000,0.000000,94.509173,5.487528,0.003298,596616,0,0,596616,0,0,100.000000,0.000000,0.000000,100.000000,0.000000,0.000000,"wQa1,wNb1,bNf4","wQa1,wNb1,bNf4"
QNvN,11,2,1,queen+knight,knight,1727880,1123960,0,0,0,1,13,3,13,na,1727880,0,0,1646272,81576,32,100.000000,0.000000,0.000000,95.276987,4.721161,0.001852,1123960,0,0,1123960,0,0,100.000000,0.000000,0.000000,100.000000,0.000000,0.000000,"wQa1,wNb2,bNe4","wQa1,wNb2,bNe4"
QNvN,12,2,1,queen+knight,knight,2924064,1989712,0,0,0,1,15,3,15,na,2924064,0,0,2804184,119848,32,100.000000,0.000000,0.000000,95.900227,4.098679,0.001094,1989712,0,0,1989712,0,0,100.000000,0.000000,0.000000,100.000000,0.000000,0.000000,"wQa1,wNb2,bNe5","wQa1,wNb2,bNe5"
QNvQ,3,2,1,queen+knight,queen,504,0,0,0,na,na,5,5,0,na,480,24,0,104,152,248,95.238095,4.761905,0.000000,20.634921,30.158730,49.206349,0,0,0,0,0,0,0.000000,0.000000,0.000000,0.000000,0.000000,0.000000,"wQa1,wNb1,bQc2",
QNvQ,4,2,1,queen+knight,queen,3360,200,0,0,0,1,21,5,21,na,3360,0,0,1184,600,1576,100.000000,0.000000,0.000000,35.238095,17.857143,46.904762,200,0,0,200,0,0,100.000000,0.000000,0.000000,100.000000,0.000000,0.000000,"wQa1,wNd3,bQb3","wQb1,wNd1,bQc4"
QNvQ,5,2,1,queen+knight,queen,13800,1944,0,0,0,0,1,7,0,na,8024,5776,0,0,7984,5816,58.144928,41.855072,0.000000,0.000000,57.855072,42.144928,0,1944,0,0,1944,0,0.000000,100.000000,0.000000,0.000000,100.000000,0.000000,"wQa1,wNb1,bQa2",
QNvQ,6,2,1,queen+knight,queen,42840,9448,0,0,0,0,1,9,0,na,21824,21016,0,0,26456,16384,50.943044,49.056956,0.000000,0.000000,61.755369,38.244631,0,9448,0,0,9448,0,0.000000,100.000000,0.000000,0.000000,100.000000,0.000000,"wQa1,wNb1,bQa2",
QNvQ,7,2,1,queen+knight,queen,110544,32248,0,0,0,0,1,9,0,na,49824,60720,0,0,72000,38544,45.071646,54.928354,0.000000,0.000000,65.132436,34.867564,0,32248,0,0,32248,0,0.000000,100.000000,0.000000,0.000000,100.000000,0.000000,"wQa1,wNb1,bQa2",
QNvQ,8,2,1,queen+knight,queen,249984,88352,0,0,0,0,1,11,0,na,100672,149312,0,0,170144,79840,40.271377,59.728623,0.000000,0.000000,68.061956,31.938044,0,88352,0,0,88352,0,0.000000,100.000000,0.000000,0.000000,100.000000,0.000000,"wQa1,wNb1,bQa2",
QNvQ,9,2,1,queen+knight,queen,511920,208128,0,0,0,0,1,13,0,na,185888,326032,0,0,361424,150496,36.311924,63.688076,0.000000,0.000000,70.601657,29.398343,0,208128,0,0,208128,0,0.000000,100.000000,0.000000,0.000000,100.000000,0.000000,"wQa1,wNb1,bQa2",
QNvQ,10,2,1,queen+knight,queen,970200,438896,0,0,0,0,1,13,0,na,320264,649936,0,0,706384,263816,33.010101,66.989899,0.000000,0.000000,72.808081,27.191919,0,438896,0,0,438896,0,0.000000,100.000000,0.000000,0.000000,100.000000,0.000000,"wQa1,wNb1,bQa2",
QNvQ,11,2,1,queen+knight,queen,1727880,850256,0,0,0,0,1,15,0,na,522264,1205616,0,0,1291296,436584,30.225710,69.774290,0.000000,0.000000,74.732968,25.267032,0,850256,0,0,850256,0,0.000000,100.000000,0.000000,0.000000,100.000000,0.000000,"wQa1,wNb1,bQa2",
QNvQ,12,2,1,queen+knight,queen,2924064,1540120,0,0,0,0,1,17,0,na,814424,2109640,0,0,2234600,689464,27.852468,72.147532,0.000000,0.000000,76.421036,23.578964,0,1540120,0,0,1540120,0,0.000000,100.000000,0.000000,0.000000,100.000000,0.000000,"wQa1,wNb1,bQa2",
QNvR,3,2,1,queen+knight,rook,504,36,0,0,0,0,3,9,3,na,480,24,0,296,56,152,95.238095,4.761905,0.000000,58.730159,11.111111,30.158730,24,12,0,24,12,0,66.666667,33.333333,0.000000,66.666667,33.333333,0.000000,"wQa1,wNb1,bRc1","wQa1,wNb1,bRc2"
QNvR,4,2,1,queen+knight,rook,3360,520,0,0,0,1,9,7,9,na,3360,0,0,1920,448,992,100.000000,0.000000,0.000000,57.142857,13.333333,29.523810,520,0,0,520,0,0,100.000000,0.000000,0.000000,100.000000,0.000000,0.000000,"wQa1,wNd1,bRc2","wQa1,wNd1,bRc2"
QNvR,5,2,1,queen+knight,rook,13800,3336,0,0,0,0,3,11,3,na,8112,5688,0,8,10160,3632,58.782609,41.217391,0.000000,0.057971,73.623188,26.318841,56,3280,0,8,3328,0,1.678657,98.321343,0.000000,0.239808,99.760192,0.000000,"wQa1,wNd3,bRb5","wQa1,wNd3,bRb5"
QNvR,6,2,1,queen+knight,rook,42840,13736,0,0,0,0,1,15,0,na,21824,21016,0,0,32680,10160,50.943044,49.056956,0.000000,0.000000,76.283847,23.716153,0,13736,0,0,13736,0,0.000000,100.000000,0.000000,0.000000,100.000000,0.000000,"wQa1,wNb1,bRa2",
QNvR,7,2,1,queen+knight,rook,110544,42940,0,0,0,0,1,9,0,na,49824,60720,0,0,110020,524,45.071646,54.928354,0.000000,0.000000,99.525981,0.474019,0,42940,0,0,42940,0,0.000000,100.000000,0.000000,0.000000,100.000000,0.000000,"wQa1,wNb1,bRa2",
QNvR,8,2,1,queen+knight,rook,249984,111456,0,0,0,0,1,3,0,na,100672,149312,0,0,249704,280,40.271377,59.728623,0.000000,0.000000,99.887993,0.112007,0,111456,0,0,111456,0,0.000000,100.000000,0.000000,0.000000,100.000000,0.000000,"wQa1,wNb1,bRa2",
QNvR,9,2,1,queen+knight,rook,511920,253120,0,0,0,0,1,3,0,na,185888,326032,0,0,511600,320,36.311924,63.688076,0.000000,0.000000,99.937490,0.062510,0,253120,0,0,253120,0,0.000000,100.000000,0.000000,0.000000,100.000000,0.000000,"wQa1,wNb1,bRa2",
QNvR,10,2,1,queen+knight,rook,970200,519856,0,0,0,0,1,3,0,na,320264,649936,0,0,969840,360,33.010101,66.989899,0.000000,0.000000,99.962894,0.037106,0,519856,0,0,519856,0,0.000000,100.000000,0.000000,0.000000,100.000000,0.000000,"wQa1,wNb1,bRa2",
QNvR,11,2,1,queen+knight,rook,1727880,987156,0,0,0,0,1,3,0,na,522264,1205616,0,0,1727480,400,30.225710,69.774290,0.000000,0.000000,99.976850,0.023150,0,987156,0,0,987156,0,0.000000,100.000000,0.000000,0.000000,100.000000,0.000000,"wQa1,wNb1,bRa2",
QNvR,12,2,1,queen+knight,rook,2924064,1760280,0,0,0,0,1,3,0,na,814424,2109640,0,0,2923624,440,27.852468,72.147532,0.000000,0.000000,99.984952,0.015048,0,1760280,0,0,1760280,0,0.000000,100.000000,0.000000,0.000000,100.000000,0.000000,"wQa1,wNb1,bRa2",
QQQQvB,3,4,1,queen,bishop,630,0,0,1,na,na,1,0,0,0,630,0,0,630,0,0,100.000000,0.000000,0.000000,100.000000,0.000000,0.000000,0,0,0,0,0,0,0.000000,0.000000,0.000000,0.000000,0.000000,0.000000,"wQa1,wQb1,wQc1,wQa2,bBb2",
QQQQvB,4,4,1,queen,bishop,21840,184,0,1,0,1,3,0,3,0,21840,0,0,21840,0,0,100.000000,0.000000,0.000000,100.000000,0.000000,0.000000,184,0,0,184,0,0,100.000000,0.000000,0.000000,100.000000,0.000000,0.000000,"wQa1,wQc1,wQd1,wQa2,bBb4","wQa1,wQc1,wQd1,wQa2,bBb4"
QQQQvB,5,4,1,queen,bishop,265650,9670,0,1,0,1,3,0,3,0,265650,0,0,265650,0,0,100.000000,0.000000,0.000000,100.000000,0.000000,0.000000,9670,0,0,9670,0,0,100.000000,0.000000,0.000000,100.000000,0.000000,0.000000,"wQa1,wQb1,wQc1,wQe1,bBd5","wQa1,wQb1,wQc1,wQe1,bBd5"
QQQQvB,6,4,1,queen,bishop,1884960,140900,0,1,0,1,5,0,5,0,1884960,0,0,1884960,0,0,100.000000,0.000000,0.000000,100.000000,0.000000,0.000000,140900,0,0,140900,0,0,100.000000,0.000000,0.000000,100.000000,0.000000,0.000000,"wQa1,wQc1,wQa2,wQb2,bBe4","wQa1,wQc1,wQa2,wQb2,bBe4"
QQQQvB,7,4,1,queen,bishop,9534420,1115546,0,1,0,1,5,0,5,0,9534420,0,0,9534420,0,0,100.000000,0.000000,0.000000,100.000000,0.000000,0.000000,1115546,0,0,1115546,0,0,100.000000,0.000000,0.000000,100.000000,0.000000,0.000000,"wQa1,wQb1,wQc1,wQe1,bBd5","wQa1,wQb1,wQc1,wQe1,bBd5"
QQQQvB,8,4,1,queen,bishop,38122560,6083240,0,1,0,1,7,0,7,0,38122560,0,0,38122560,0,0,100.000000,0.000000,0.000000,100.000000,0.000000,0.000000,6083240,0,0,6083240,0,0,100.000000,0.000000,0.000000,100.000000,0.000000,0.000000,"wQb1,wQa2,wQc2,wQb3,bBh4","wQb1,wQa2,wQc2,wQb3,bBh4"
QQQQvB,9,4,1,queen,bishop,128107980,25711884,0,1,0,1,7,0,7,0,128107980,0,0,128107980,0,0,100.000000,0.000000,0.000000,100.000000,0.000000,0.000000,25711884,0,0,25711884,0,0,100.000000,0.000000,0.000000,100.000000,0.000000,0.000000,"wQa1,wQb1,wQc1,wQe1,bBg4","wQa1,wQb1,wQc1,wQe1,bBg4"
QQQQvB,10,4,1,queen,bishop,376437600,na,0,1,na,na,9,0,9,na,376437600,0,0,376437600,0,0,100.000000,0.000000,0.000000,100.000000,0.000000,0.000000,na,na,na,na,na,na,na,na,na,na,na,na,"wQa1,wQc1,wQi1,wQb2,bBe8","wQa1,wQc1,wQi1,wQb2,bBe8"
QQQQvB,11,4,1,queen,bishop,993962970,na,0,1,na,na,9,0,9,na,993962970,0,0,993962970,0,0,100.000000,0.000000,0.000000,100.000000,0.000000,0.000000,na,na,na,na,na,na,na,na,na,na,na,na,"wQa1,wQb1,wQc1,wQe1,bBk2","wQa1,wQb1,wQc1,wQe1,bBk2"
QQQQvB,12,4,1,queen,bishop,2405042640,na,0,1,na,na,11,0,11,na,2405042640,0,0,2405042640,0,0,100.000000,0.000000,0.000000,100.000000,0.000000,0.000000,na,na,na,na,na,na,na,na,na,na,na,na,"wQa1,wQc1,wQe1,wQk1,bBb5","wQa1,wQc1,wQe1,wQk1,bBb5"
QQQQvK,3,4,1,queen,king,630,0,0,1,na,na,1,0,0,0,630,0,0,630,0,0,100.000000,0.000000,0.000000,100.000000,0.000000,0.000000,0,0,0,0,0,0,0.000000,0.000000,0.000000,0.000000,0.000000,0.000000,"wQa1,wQb1,wQc1,wQa2,bKb2",
QQQQvK,4,4,1,queen,king,21840,184,0,1,0,1,3,0,3,0,21840,0,0,21840,0,0,100.000000,0.000000,0.000000,100.000000,0.000000,0.000000,184,0,0,184,0,0,100.000000,0.000000,0.000000,100.000000,0.000000,0.000000,"wQa1,wQc1,wQd1,wQa2,bKb4","wQa1,wQc1,wQd1,wQa2,bKb4"
QQQQvK,5,4,1,queen,king,265650,9670,0,1,0,1,3,0,3,0,265650,0,0,265650,0,0,100.000000,0.000000,0.000000,100.000000,0.000000,0.000000,9670,0,0,9670,0,0,100.000000,0.000000,0.000000,100.000000,0.000000,0.000000,"wQa1,wQb1,wQc1,wQe1,bKd5","wQa1,wQb1,wQc1,wQe1,bKd5"
QQQQvK,6,4,1,queen,king,1884960,140900,0,1,0,1,5,0,5,0,1884960,0,0,1884960,0,0,100.000000,0.000000,0.000000,100.000000,0.000000,0.000000,140900,0,0,140900,0,0,100.000000,0.000000,0.000000,100.000000,0.000000,0.000000,"wQa1,wQd1,wQf1,wQa2,bKc5","wQa1,wQd1,wQf1,wQa2,bKc5"
QQQQvK,7,4,1,queen,king,9534420,1115546,0,1,0,1,5,0,5,0,9534420,0,0,9534420,0,0,100.000000,0.000000,0.000000,100.000000,0.000000,0.000000,1115546,0,0,1115546,0,0,100.000000,0.000000,0.000000,100.000000,0.000000,0.000000,"wQa1,wQb1,wQc1,wQf1,bKe6","wQa1,wQb1,wQc1,wQf1,bKe6"
QQQQvK,8,4,1,queen,king,38122560,6083240,0,1,0,1,5,0,5,0,38122560,0,0,38122560,0,0,100.000000,0.000000,0.000000,100.000000,0.000000,0.000000,6083240,0,0,6083240,0,0,100.000000,0.000000,0.000000,100.000000,0.000000,0.000000,"wQa1,wQb1,wQc1,wQd1,bKg2","wQa1,wQb1,wQc1,wQd1,bKg2"
QQQQvK,9,4,1,queen,king,128107980,25711884,0,1,0,1,7,0,7,0,128107980,0,0,128107980,0,0,100.000000,0.000000,0.000000,100.000000,0.000000,0.000000,25711884,0,0,25711884,0,0,100.000000,0.000000,0.000000,100.000000,0.000000,0.000000,"wQa1,wQb1,wQg1,wQb2,bKd7","wQa1,wQb1,wQg1,wQb2,bKd7"
QQQQvK,10,4,1,queen,king,376437600,na,0,1,na,na,7,0,7,na,376437600,0,0,376437600,0,0,100.000000,0.000000,0.000000,100.000000,0.000000,0.000000,na,na,na,na,na,na,na,na,na,na,na,na,"wQa1,wQb1,wQc1,wQd1,bKh4","wQa1,wQb1,wQc1,wQd1,bKh4"
QQQQvK,11,4,1,queen,king,993962970,na,0,1,na,na,7,0,7,na,993962970,0,0,993962970,0,0,100.000000,0.000000,0.000000,100.000000,0.000000,0.000000,na,na,na,na,na,na,na,na,na,na,na,na,"wQa1,wQb1,wQc1,wQd1,bKh4","wQa1,wQb1,wQc1,wQd1,bKh4"
QQQQvK,12,4,1,queen,king,2405042640,na,0,1,na,na,7,0,7,na,2405042640,0,0,2405042640,0,0,100.000000,0.000000,0.000000,100.000000,0.000000,0.000000,na,na,na,na,na,na,na,na,na,na,na,na,"wQa1,wQb1,wQc1,wQd1,bKj3","wQa1,wQb1,wQc1,wQd1,bKj3"
QQQQvN,3,4,1,queen,knight,630,0,0,0,na,na,1,0,0,0,630,0,0,560,70,0,100.000000,0.000000,0.000000,88.888889,11.111111,0.000000,0,0,0,0,0,0,0.000000,0.000000,0.000000,0.000000,0.000000,0.000000,"wQa1,wQb1,wQc1,wQa2,bNb2",
QQQQvN,4,4,1,queen,knight,21840,4,0,1,0,1,3,0,3,0,21840,0,0,21840,0,0,100.000000,0.000000,0.000000,100.000000,0.000000,0.000000,4,0,0,4,0,0,100.000000,0.000000,0.000000,100.000000,0.000000,0.000000,"wQa1,wQc1,wQd1,wQa2,bNb4","wQb1,wQc1,wQa2,wQa3,bNd4"
QQQQvN,5,4,1,queen,knight,265650,2192,0,1,0,1,3,0,3,0,265650,0,0,265650,0,0,100.000000,0.000000,0.000000,100.000000,0.000000,0.000000,2192,0,0,2192,0,0,100.000000,0.000000,0.000000,100.000000,0.000000,0.000000,"wQa1,wQb1,wQc1,wQe1,bNd5","wQa1,wQb1,wQc1,wQe1,bNd5"
QQQQvN,6,4,1,queen,knight,1884960,54084,0,1,0,1,3,0,3,0,1884960,0,0,1884960,0,0,100.000000,0.000000,0.000000,100.000000,0.000000,0.000000,54084,0,0,54084,0,0,100.000000,0.000000,0.000000,100.000000,0.000000,0.000000,"wQa1,wQb1,wQc1,wQd1,bNf2","wQa1,wQb1,wQc1,wQd1,bNe6"
QQQQvN,7,4,1,queen,knight,9534420,558284,0,1,0,1,5,0,5,0,9534420,0,0,9534420,0,0,100.000000,0.000000,0.000000,100.000000,0.000000,0.000000,558284,0,0,558284,0,0,100.000000,0.000000,0.000000,100.000000,0.000000,0.000000,"wQa1,wQc1,wQe1,wQg1,bNd6","wQa1,wQc1,wQe1,wQg1,bNd6"
QQQQvN,8,4,1,queen,knight,38122560,3593004,0,1,0,1,5,0,5,0,38122560,0,0,38122560,0,0,100.000000,0.000000,0.000000,100.000000,0.000000,0.000000,3593004,0,0,3593004,0,0,100.000000,0.000000,0.000000,100.000000,0.000000,0.000000,"wQa1,wQc1,wQe1,wQg1,bNd6","wQa1,wQc1,wQe1,wQg1,bNd6"
QQQQvN,9,4,1,queen,knight,128107980,16993750,0,1,0,1,5,0,5,0,128107980,0,0,128107980,0,0,100.000000,0.000000,0.000000,100.000000,0.000000,0.000000,16993750,0,0,16993750,0,0,100.000000,0.000000,0.000000,100.000000,0.000000,0.000000,"wQa1,wQb1,wQc1,wQe1,bNf8","wQa1,wQb1,wQc1,wQe1,bNf8"
QQQQvN,10,4,1,queen,knight,376437600,na,0,1,na,na,5,0,5,na,376437600,0,0,376437600,0,0,100.000000,0.000000,0.000000,100.000000,0.000000,0.000000,na,na,na,na,na,na,na,na,na,na,na,na,"wQa1,wQb1,wQc1,wQd1,bNh3","wQa1,wQb1,wQc1,wQd1,bNh3"
QQQQvN,11,4,1,queen,knight,993962970,na,0,1,na,na,7,0,7,na,993962970,0,0,993962970,0,0,100.000000,0.000000,0.000000,100.000000,0.000000,0.000000,na,na,na,na,na,na,na,na,na,na,na,na,"wQa1,wQd1,wQk1,wQb2,bNg8","wQa1,wQd1,wQk1,wQb2,bNg8"
QQQQvN,12,4,1,queen,knight,2405042640,na,0,1,na,na,7,0,7,na,2405042640,0,0,2405042640,0,0,100.000000,0.000000,0.000000,100.000000,0.000000,0.000000,na,na,na,na,na,na,na,na,na,na,na,na,"wQa1,wQb1,wQc1,wQk1,bNf11","wQa1,wQb1,wQc1,wQk1,bNf11"
QQQQvQ,3,4,1,queen,queen,630,0,0,1,na,na,1,0,0,0,630,0,0,630,0,0,100.000000,0.000000,0.000000,100.000000,0.000000,0.000000,0,0,0,0,0,0,0.000000,0.000000,0.000000,0.000000,0.000000,0.000000,"wQa1,wQb1,wQc1,wQa2,bQb2",
QQQQvQ,4,4,1,queen,queen,21840,184,0,1,0,1,3,0,3,0,21840,0,0,21840,0,0,100.000000,0.000000,0.000000,100.000000,0.000000,0.000000,184,0,0,184,0,0,100.000000,0.000000,0.000000,100.000000,0.000000,0.000000,"wQa1,wQc1,wQd1,wQa2,bQb4","wQa1,wQc1,wQd1,wQa2,bQb4"
QQQQvQ,5,4,1,queen,queen,265650,9670,0,1,0,1,3,0,3,0,265650,0,0,265650,0,0,100.000000,0.000000,0.000000,100.000000,0.000000,0.000000,9670,0,0,9670,0,0,100.000000,0.000000,0.000000,100.000000,0.000000,0.000000,"wQa1,wQb1,wQc1,wQe1,bQd5","wQa1,wQb1,wQc1,wQe1,bQd5"
QQQQvQ,6,4,1,queen,queen,1884960,140900,0,1,0,1,5,0,5,0,1884960,0,0,1884960,0,0,100.000000,0.000000,0.000000,100.000000,0.000000,0.000000,140900,0,0,140900,0,0,100.000000,0.000000,0.000000,100.000000,0.000000,0.000000,"wQa1,wQb1,wQd1,wQf1,bQc5","wQa1,wQb1,wQd1,wQf1,bQc5"
QQQQvQ,7,4,1,queen,queen,9534420,1115546,0,1,0,1,7,0,7,0,9534420,0,0,9534420,0,0,100.000000,0.000000,0.000000,100.000000,0.000000,0.000000,1115546,0,0,1115546,0,0,100.000000,0.000000,0.000000,100.000000,0.000000,0.000000,"wQa1,wQb1,wQc1,wQe1,bQd7","wQa1,wQb1,wQc1,wQe1,bQd7"
QQQQvQ,8,4,1,queen,queen,38122560,6083240,0,0,0,1,11,0,11,0,38122560,0,0,25921696,12200864,0,100.000000,0.000000,0.000000,67.995685,32.004315,0.000000,6083240,0,0,6083240,0,0,100.000000,0.000000,0.000000,100.000000,0.000000,0.000000,"wQc1,wQe1,wQg1,wQc2,bQf8","wQc1,wQe1,wQg1,wQc2,bQf8"
QQQQvQ,9,4,1,queen,queen,128107980,25711884,0,0,0,1,21,0,21,0,128107980,0,0,84778060,43329920,0,100.000000,0.000000,0.000000,66.177033,33.822967,0.000000,25711884,0,0,25711884,0,0,100.000000,0.000000,0.000000,100.000000,0.000000,0.000000,"wQb1,wQh1,wQa2,wQi2,bQc3","wQb1,wQh1,wQa2,wQi2,bQc3"
QQQQvQ,10,4,1,queen,queen,376437600,na,0,0,na,na,5,0,5,na,286253728,90183872,0,177204,376260396,0,76.042810,23.957190,0.000000,0.047074,99.952926,0.000000,na,na,na,na,na,na,na,na,na,na,na,na,"wQi1,wQi2,wQf3,wQd4,bQa5","wQi1,wQi2,wQf3,wQd4,bQa5"
QQQQvQ,11,4,1,queen,queen,993962970,na,0,0,na,na,1,0,0,na,719723494,274239476,0,216604,993746366,0,72.409488,27.590512,0.000000,0.021792,99.978208,0.000000,na,na,na,na,na,na,na,na,na,na,na,na,"wQa1,wQb1,wQc1,wQd1,bQe1",
QQQQvQ,12,4,1,queen,queen,2405042640,na,0,0,na,na,1,0,0,na,1660357440,744685200,0,267636,2404775004,0,69.036507,30.963493,0.000000,0.011128,99.988872,0.000000,na,na,na,na,na,na,na,na,na,na,na,na,"wQa1,wQb1,wQc1,wQd1,bQe1",
QQQQvR,3,4,1,queen,rook,630,0,0,1,na,na,1,0,0,0,630,0,0,630,0,0,100.000000,0.000000,0.000000,100.000000,0.000000,0.000000,0,0,0,0,0,0,0.000000,0.000000,0.000000,0.000000,0.000000,0.000000,"wQa1,wQb1,wQc1,wQa2,bRb2",
QQQQvR,4,4,1,queen,rook,21840,184,0,1,0,1,3,0,3,0,21840,0,0,21840,0,0,100.000000,0.000000,0.000000,100.000000,0.000000,0.000000,184,0,0,184,0,0,100.000000,0.000000,0.000000,100.000000,0.000000,0.000000,"wQa1,wQc1,wQd1,wQa2,bRb4","wQa1,wQc1,wQd1,wQa2,bRb4"
QQQQvR,5,4,1,queen,rook,265650,9670,0,1,0,1,3,0,3,0,265650,0,0,265650,0,0,100.000000,0.000000,0.000000,100.000000,0.000000,0.000000,9670,0,0,9670,0,0,100.000000,0.000000,0.000000,100.000000,0.000000,0.000000,"wQa1,wQb1,wQc1,wQe1,bRd5","wQa1,wQb1,wQc1,wQe1,bRd5"
QQQQvR,6,4,1,queen,rook,1884960,140900,0,1,0,1,5,0,5,0,1884960,0,0,1884960,0,0,100.000000,0.000000,0.000000,100.000000,0.000000,0.000000,140900,0,0,140900,0,0,100.000000,0.000000,0.000000,100.000000,0.000000,0.000000,"wQc1,wQd1,wQe1,wQa2,bRb6","wQc1,wQd1,wQe1,wQa2,bRb6"
QQQQvR,7,4,1,queen,rook,9534420,1115546,0,1,0,1,7,0,7,0,9534420,0,0,9534420,0,0,100.000000,0.000000,0.000000,100.000000,0.000000,0.000000,1115546,0,0,1115546,0,0,100.000000,0.000000,0.000000,100.000000,0.000000,0.000000,"wQb1,wQc1,wQe1,wQf1,bRd7","wQb1,wQc1,wQe1,wQf1,bRd7"
QQQQvR,8,4,1,queen,rook,38122560,6083240,0,1,0,1,7,0,7,0,38122560,0,0,38122560,0,0,100.000000,0.000000,0.000000,100.000000,0.000000,0.000000,6083240,0,0,6083240,0,0,100.000000,0.000000,0.000000,100.000000,0.000000,0.000000,"wQa1,wQb1,wQc1,wQd1,bRe7","wQa1,wQb1,wQc1,wQd1,bRe7"
QQQQvR,9,4,1,queen,rook,128107980,25711884,0,1,0,1,11,0,11,0,128107980,0,0,128107980,0,0,100.000000,0.000000,0.000000,100.000000,0.000000,0.000000,25711884,0,0,25711884,0,0,100.000000,0.000000,0.000000,100.000000,0.000000,0.000000,"wQd1,wQe1,wQd2,wQe2,bRg8","wQd1,wQe1,wQd2,wQe2,bRg8"
QQQQvR,10,4,1,queen,rook,376437600,na,0,0,na,na,15,0,15,na,376437600,0,0,286786640,89650960,0,100.000000,0.000000,0.000000,76.184377,23.815623,0.000000,na,na,na,na,na,na,na,na,na,na,na,na,"wQc1,wQd1,wQh1,wQd2,bRf10","wQc1,wQd1,wQh1,wQd2,bRf10"
QQQQvR,11,4,1,queen,rook,993962970,na,0,0,na,na,23,0,23,na,993962970,0,0,753873922,240089048,0,100.000000,0.000000,0.000000,75.845272,24.154728,0.000000,na,na,na,na,na,na,na,na,na,na,na,na,"wQd1,wQh1,wQa4,wQa8,bRi9","wQd1,wQh1,wQa4,wQa8,bRi9"
QQQQvR,12,4,1,queen,rook,2405042640,na,0,0,na,na,51,0,51,na,2405042640,0,0,1821859040,583183600,0,100.000000,0.000000,0.000000,75.751632,24.248368,0.000000,na,na,na,na,na,na,na,na,na,na,na,na,"wQc1,wQj1,wQd2,wQi2,bRa6","wQc1,wQj1,wQd2,wQi2,bRa6"
QQQvB,3,3,1,queen,bishop,504,0,0,1,na,na,1,0,0,0,504,0,0,504,0,0,100.000000,0.000000,0.000000,100.000000,0.000000,0.000000,0,0,0,0,0,0,0.000000,0.000000,0.000000,0.000000,0.000000,0.000000,"wQa1,wQb1,wQc1,bBa2",
QQQvB,4,3,1,queen,bishop,7280,256,0,1,0,1,3,0,3,0,7280,0,0,7280,0,0,100.000000,0.000000,0.000000,100.000000,0.000000,0.000000,256,0,0,256,0,0,100.000000,0.000000,0.000000,100.000000,0.000000,0.000000,"wQa1,wQb1,wQd1,bBc4","wQa1,wQb1,wQd1,bBc4"
QQQvB,5,3,1,queen,bishop,50600,4536,0,1,0,1,3,0,3,0,50600,0,0,50600,0,0,100.000000,0.000000,0.000000,100.000000,0.000000,0.000000,4536,0,0,4536,0,0,100.000000,0.000000,0.000000,100.000000,0.000000,0.000000,"wQa1,wQb1,wQc1,bBe2","wQa1,wQb1,wQc1,bBe2"
QQQvB,6,3,1,queen,bishop,235620,34832,0,1,0,1,5,0,5,0,235620,0,0,235620,0,0,100.000000,0.000000,0.000000,100.000000,0.000000,0.000000,34832,0,0,34832,0,0,100.000000,0.000000,0.000000,100.000000,0.000000,0.000000,"wQa1,wQc1,wQa2,bBe4","wQa1,wQc1,wQa2,bBe4"
QQQvB,7,3,1,queen,bishop,847504,172680,0,1,0,1,5,0,5,0,847504,0,0,847504,0,0,100.000000,0.000000,0.000000,100.000000,0.000000,0.000000,172680,0,0,172680,0,0,100.000000,0.000000,0.000000,100.000000,0.000000,0.000000,"wQa1,wQb1,wQc1,bBg2","wQa1,wQb1,wQc1,bBg2"
QQQvB,8,3,1,queen,bishop,2541504,648832,0,1,0,1,7,0,7,0,2541504,0,0,2541504,0,0,100.000000,0.000000,0.000000,100.000000,0.000000,0.000000,648832,0,0,648832,0,0,100.000000,0.000000,0.000000,100.000000,0.000000,0.000000,"wQa1,wQc1,wQe1,bBb3","wQa1,wQc1,wQe1,bBb3"
QQQvB,9,3,1,queen,bishop,6654960,2010032,0,1,0,1,9,0,9,0,6654960,0,0,6654960,0,0,100.000000,0.000000,0.000000,100.000000,0.000000,0.000000,2010032,0,0,2010032,0,0,100.000000,0.000000,0.000000,100.000000,0.000000,0.000000,"wQa1,wQc1,wQi1,bBb3","wQa1,wQc1,wQi1,bBb3"
QQQvB,10,3,1,queen,bishop,15684900,na,0,1,na,na,9,0,9,na,15684900,0,0,15684900,0,0,100.000000,0.000000,0.000000,100.000000,0.000000,0.000000,na,na,na,na,na,na,na,na,na,na,na,na,"wQa1,wQb1,wQc1,bBf3","wQa1,wQb1,wQc1,bBf3"
QQQvB,11,3,1,queen,bishop,33981640,na,0,1,na,na,11,0,11,na,33981640,0,0,33981640,0,0,100.000000,0.000000,0.000000,100.000000,0.000000,0.000000,na,na,na,na,na,na,na,na,na,na,na,na,"wQa1,wQb1,wQc1,bBk4","wQa1,wQb1,wQc1,bBk4"
QQQvB,12,3,1,queen,bishop,68715504,na,0,0,na,na,13,0,13,na,68715504,0,0,58597976,10117528,0,100.000000,0.000000,0.000000,85.276208,14.723792,0.000000,na,na,na,na,na,na,na,na,na,na,na,na,"wQa1,wQc1,wQe1,bBi2","wQa1,wQc1,wQe1,bBi2"
QQQvBB,3,3,2,queen,bishop,1260,0,0,1,na,na,5,0,0,0,1260,0,0,1260,0,0,100.000000,0.000000,0.000000,100.000000,0.000000,0.000000,0,0,0,0,0,0,0.000000,0.000000,0.000000,0.000000,0.000000,0.000000,"wQa1,wQc1,wQa3,bBc2,bBb3",
QQQvBB,4,3,2,queen,bishop,43680,16,0,1,0,1,5,0,5,0,43680,0,0,43680,0,0,100.000000,0.000000,0.000000,100.000000,0.000000,0.000000,16,0,0,16,0,0,100.000000,0.000000,0.000000,100.000000,0.000000,0.000000,"wQa1,wQb1,wQc1,bBd1,bBb3","wQa1,wQc1,wQa2,bBd3,bBb4"
QQQvBB,5,3,2,queen,bishop,531300,3504,0,0,0,1,7,0,7,0,531300,0,0,531068,232,0,100.000000,0.000000,0.000000,99.956334,0.043666,0.000000,3504,0,0,3504,0,0,100.000000,0.000000,0.000000,100.000000,0.000000,0.000000,"wQa1,wQb1,wQe1,bBc4,bBc5","wQa1,wQb1,wQe1,bBc4,bBc5"
QQQvBB,6,3,2,queen,bishop,3769920,75712,0,0,0,1,9,0,9,0,3769920,0,0,3641872,128048,0,100.000000,0.000000,0.000000,96.603429,3.396571,0.000000,75712,0,0,75712,0,0,100.000000,0.000000,0.000000,100.000000,0.000000,0.000000,"wQa1,wQc1,wQe1,bBb5,bBd5","wQa1,wQc1,wQe1,bBb5,bBd5"
QQQvBB,7,3,2,queen,bishop,19068840,762484,0,0,0,1,11,0,11,0,19068840,0,0,17903544,1165296,0,100.000000,0.000000,0.000000,93.889004,6.110996,0.000000,762484,0,0,762484,0,0,100.000000,0.000000,0.000000,100.000000,0.000000,0.000000,"wQa1,wQc1,wQe1,bBg2,bBd5","wQa1,wQc1,wQe1,bBg2,bBd5"
QQQvBB,8,3,2,queen,bishop,76245120,4868192,0,0,0,1,13,0,13,0,76245120,0,0,68933688,7311432,0,100.000000,0.000000,0.000000,90.410623,9.589377,0.000000,4868192,0,0,4868192,0,0,100.000000,0.000000,0.000000,100.000000,0.000000,0.000000,"wQa1,wQc1,wQg1,bBf3,bBd5","wQa1,wQc1,wQg1,bBf3,bBd5"
QQQvBB,9,3,2,queen,bishop,256215960,23106896,0,0,0,1,15,0,15,0,256215960,0,0,230797012,25418948,0,100.000000,0.000000,0.000000,90.079093,9.920907,0.000000,23106896,0,0,23106896,0,0,100.000000,0.000000,0.000000,100.000000,0.000000,0.000000,"wQb1,wQd1,wQf1,bBi3,bBc5","wQb1,wQd1,wQf1,bBi3,bBc5"
QQQvBB,10,3,2,queen,bishop,752875200,na,0,0,na,na,19,0,19,na,752875200,0,0,677260068,75615132,0,100.000000,0.000000,0.000000,89.956485,10.043515,0.000000,na,na,na,na,na,na,na,na,na,na,na,na,"wQa1,wQc1,wQd1,bBi2,bBe6","wQa1,wQc1,wQd1,bBi2,bBe6"
QQQvBB,11,3,2,queen,bishop,1987925940,na,0,0,na,na,31,0,31,na,1987925940,0,0,1787115780,200810160,0,100.000000,0.000000,0.000000,89.898509,10.101491,0.000000,na,na,na,na,na,na,na,na,na,na,na,na,"wQa1,wQb1,wQa2,bBh4,bBd8","wQa1,wQb1,wQa2,bBh4,bBd8"
QQQvBB,12,3,2,queen,bishop,4810085280,na,0,0,na,na,75,0,75,na,4247838608,562246672,0,1322057128,3488028152,0,88.311087,11.688913,0.000000,27.485108,72.514892,0.000000,na,na,na,na,na,na,na,na,na,na,na,na,"wQg1,wQi1,wQb5,bBl11,bBe12","wQg1,wQi1,wQb5,bBl11,bBe12"
QQQvK,3,3,1,queen,king,504,0,0,1,na,na,1,0,0,0,504,0,0,504,0,0,100.000000,0.000000,0.000000,100.000000,0.000000,0.000000,0,0,0,0,0,0,0.000000,0.000000,0.000000,0.000000,0.000000,0.000000,"wQa1,wQb1,wQc1,bKa2",
QQQvK,4,3,1,queen,king,7280,256,0,1,0,1,3,0,3,0,7280,0,0,7280,0,0,100.000000,0.000000,0.000000,100.000000,0.000000,0.000000,256,0,0,256,0,0,100.000000,0.000000,0.000000,100.000000,0.000000,0.000000,"wQa1,wQb1,wQd1,bKc4","wQa1,wQb1,wQd1,bKc4"
QQQvK,5,3,1,queen,king,50600,4536,0,1,0,1,5,0,5,0,50600,0,0,50600,0,0,100.000000,0.000000,0.000000,100.000000,0.000000,0.000000,4536,0,0,4536,0,0,100.000000,0.000000,0.000000,100.000000,0.000000,0.000000,"wQa1,wQe1,wQb2,bKc4","wQa1,wQe1,wQb2,bKc4"
QQQvK,6,3,1,queen,king,235620,34832,0,1,0,1,5,0,5,0,235620,0,0,235620,0,0,100.000000,0.000000,0.000000,100.000000,0.000000,0.000000,34832,0,0,34832,0,0,100.000000,0.000000,0.000000,100.000000,0.000000,0.000000,"wQb1,wQc1,wQd1,bKe5","wQb1,wQc1,wQd1,bKe5"
QQQvK,7,3,1,queen,king,847504,172680,0,1,0,1,5,0,5,0,847504,0,0,847504,0,0,100.000000,0.000000,0.000000,100.000000,0.000000,0.000000,172680,0,0,172680,0,0,100.000000,0.000000,0.000000,100.000000,0.000000,0.000000,"wQa1,wQb1,wQc1,bKf2","wQa1,wQb1,wQc1,bKf2"
QQQvK,8,3,1,queen,king,2541504,648832,0,1,0,1,7,0,7,0,2541504,0,0,2541504,0,0,100.000000,0.000000,0.000000,100.000000,0.000000,0.000000,648832,0,0,648832,0,0,100.000000,0.000000,0.000000,100.000000,0.000000,0.000000,"wQa1,wQb1,wQg1,bKe6","wQa1,wQb1,wQg1,bKe6"
QQQvK,9,3,1,queen,king,6654960,2010032,0,1,0,1,7,0,7,0,6654960,0,0,6654960,0,0,100.000000,0.000000,0.000000,100.000000,0.000000,0.000000,2010032,0,0,2010032,0,0,100.000000,0.000000,0.000000,100.000000,0.000000,0.000000,"wQa1,wQb1,wQc1,bKg4","wQa1,wQb1,wQc1,bKg4"
QQQvK,10,3,1,queen,king,15684900,na,0,1,na,na,7,0,7,na,15684900,0,0,15684900,0,0,100.000000,0.000000,0.000000,100.000000,0.000000,0.000000,na,na,na,na,na,na,na,na,na,na,na,na,"wQa1,wQb1,wQc1,bKg4","wQa1,wQb1,wQc1,bKg4"
QQQvK,11,3,1,queen,king,33981640,na,0,1,na,na,7,0,7,na,33981640,0,0,33981640,0,0,100.000000,0.000000,0.000000,100.000000,0.000000,0.000000,na,na,na,na,na,na,na,na,na,na,na,na,"wQa1,wQb1,wQc1,bKi3","wQa1,wQb1,wQc1,bKi3"
QQQvK,12,3,1,queen,king,68715504,na,0,1,na,na,7,0,7,na,68715504,0,0,68715504,0,0,100.000000,0.000000,0.000000,100.000000,0.000000,0.000000,na,na,na,na,na,na,na,na,na,na,na,na,"wQa1,wQb1,wQc1,bKi3","wQa1,wQb1,wQc1,bKi3"
QQQvKK,3,3,2,queen,king,1260,0,0,1,na,na,5,0,0,0,1260,0,0,1260,0,0,100.000000,0.000000,0.000000,100.000000,0.000000,0.000000,0,0,0,0,0,0,0.000000,0.000000,0.000000,0.000000,0.000000,0.000000,"wQa1,wQc1,wQa3,bKc2,bKb3",
QQQvKK,4,3,2,queen,king,43680,16,0,1,0,1,5,0,5,0,43680,0,0,43680,0,0,100.000000,0.000000,0.000000,100.000000,0.000000,0.000000,16,0,0,16,0,0,100.000000,0.000000,0.000000,100.000000,0.000000,0.000000,"wQa1,wQb1,wQc1,bKd2,bKd3","wQa1,wQc1,wQa2,bKd3,bKb4"
QQQvKK,5,3,2,queen,king,531300,3504,0,1,0,1,9,0,9,0,531300,0,0,531300,0,0,100.000000,0.000000,0.000000,100.000000,0.000000,0.000000,3504,0,0,3504,0,0,100.000000,0.000000,0.000000,100.000000,0.000000,0.000000,"wQa1,wQc1,wQe1,bKb5,bKd5","wQa1,wQc1,wQe1,bKb5,bKd5"
QQQvKK,6,3,2,queen,king,3769920,75712,0,1,0,1,9,0,9,0,3769920,0,0,3769920,0,0,100.000000,0.000000,0.000000,100.000000,0.000000,0.000000,75712,0,0,75712,0,0,100.000000,0.000000,0.000000,100.000000,0.000000,0.000000,"wQa1,wQb1,wQc1,bKf3,bKd5","wQa1,wQb1,wQc1,bKf3,bKd5"
QQQvKK,7,3,2,queen,king,19068840,762484,0,1,0,1,11,0,11,0,19068840,0,0,19068840,0,0,100.000000,0.000000,0.000000,100.000000,0.000000,0.000000,762484,0,0,762484,0,0,100.000000,0.000000,0.000000,100.000000,0.000000,0.000000,"wQa1,wQg1,wQb2,bKf5,bKe6","wQa1,wQg1,wQb2,bKf5,bKe6"
QQQvKK,8,3,2,queen,king,76245120,4868192,0,1,0,1,11,0,11,0,76245120,0,0,76245120,0,0,100.000000,0.000000,0.000000,100.000000,0.000000,0.000000,4868192,0,0,4868192,0,0,100.000000,0.000000,0.000000,100.000000,0.000000,0.000000,"wQa1,wQb1,wQc1,bKd6,bKf7","wQa1,wQb1,wQc1,bKd6,bKf7"
QQQvKK,9,3,2,queen,king,256215960,23106896,0,1,0,1,11,0,11,0,256215960,0,0,256215960,0,0,100.000000,0.000000,0.000000,100.000000,0.000000,0.000000,23106896,0,0,23106896,0,0,100.000000,0.000000,0.000000,100.000000,0.000000,0.000000,"wQa1,wQb1,wQc1,bKf3,bKg3","wQa1,wQb1,wQc1,bKf3,bKg3"
QQQvKK,10,3,2,queen,king,752875200,na,0,1,na,na,11,0,11,na,752875200,0,0,752875200,0,0,100.000000,0.000000,0.000000,100.000000,0.000000,0.000000,na,na,na,na,na,na,na,na,na,na,na,na,"wQa1,wQb1,wQc1,bKi2,bKg3","wQa1,wQb1,wQc1,bKi2,bKg3"
QQQvKK,11,3,2,queen,king,1987925940,na,0,1,na,na,13,0,13,na,1987925940,0,0,1987925940,0,0,100.000000,0.000000,0.000000,100.000000,0.000000,0.000000,na,na,na,na,na,na,na,na,na,na,na,na,"wQa1,wQg1,wQh1,bKj2,bKd9","wQa1,wQg1,wQh1,bKj2,bKd9"
QQQvKK,12,3,2,queen,king,4810085280,na,0,1,na,na,13,0,13,na,4810085280,0,0,4810085280,0,0,100.000000,0.000000,0.000000,100.000000,0.000000,0.000000,na,na,na,na,na,na,na,na,na,na,na,na,"wQa1,wQb1,wQc1,bKj2,bKe12","wQa1,wQb1,wQc1,bKj2,bKe12"
QQQvN,3,3,1,queen,knight,504,0,0,0,na,na,1,0,0,0,504,0,0,448,56,0,100.000000,0.000000,0.000000,88.888889,11.111111,0.000000,0,0,0,0,0,0,0.000000,0.000000,0.000000,0.000000,0.000000,0.000000,"wQa1,wQb1,wQc1,bNa2",
QQQvN,4,3,1,queen,knight,7280,24,0,1,0,1,3,0,3,0,7280,0,0,7280,0,0,100.000000,0.000000,0.000000,100.000000,0.000000,0.000000,24,0,0,24,0,0,100.000000,0.000000,0.000000,100.000000,0.000000,0.000000,"wQa1,wQb1,wQd1,bNc4","wQa1,wQb1,wQd1,bNc4"
QQQvN,5,3,1,queen,knight,50600,1472,0,1,0,1,3,0,3,0,50600,0,0,50600,0,0,100.000000,0.000000,0.000000,100.000000,0.000000,0.000000,1472,0,0,1472,0,0,100.000000,0.000000,0.000000,100.000000,0.000000,0.000000,"wQa1,wQb1,wQc1,bNe2","wQa1,wQb1,wQc1,bNd5"
QQQvN,6,3,1,queen,knight,235620,16624,0,1,0,1,5,0,5,0,235620,0,0,235620,0,0,100.000000,0.000000,0.000000,100.000000,0.000000,0.000000,16624,0,0,16624,0,0,100.000000,0.000000,0.000000,100.000000,0.000000,0.000000,"wQe1,wQa2,wQa3,bNd4","wQe1,wQa2,wQa3,bNd4"
QQQvN,7,3,1,queen,knight,847504,101368,0,1,0,1,5,0,5,0,847504,0,0,847504,0,0,100.000000,0.000000,0.000000,100.000000,0.000000,0.000000,101368,0,0,101368,0,0,100.000000,0.000000,0.000000,100.000000,0.000000,0.000000,"wQa1,wQc1,wQe1,bNd6","wQa1,wQc1,wQe1,bNd6"
QQQvN,8,3,1,queen,knight,2541504,433736,0,1,0,1,5,0,5,0,2541504,0,0,2541504,0,0,100.000000,0.000000,0.000000,100.000000,0.000000,0.000000,433736,0,0,433736,0,0,100.000000,0.000000,0.000000,100.000000,0.000000,0.000000,"wQa1,wQb1,wQc1,bNd6","wQa1,wQb1,wQc1,bNd6"
QQQvN,9,3,1,queen,knight,6654960,1466568,0,1,0,1,5,0,5,0,6654960,0,0,6654960,0,0,100.000000,0.000000,0.000000,100.000000,0.000000,0.000000,1466568,0,0,1466568,0,0,100.000000,0.000000,0.000000,100.000000,0.000000,0.000000,"wQa1,wQb1,wQc1,bNg3","wQa1,wQb1,wQc1,bNg3"
QQQvN,10,3,1,queen,knight,15684900,na,0,1,na,na,7,0,7,na,15684900,0,0,15684900,0,0,100.000000,0.000000,0.000000,100.000000,0.000000,0.000000,na,na,na,na,na,na,na,na,na,na,na,na,"wQa1,wQi1,wQb2,bNf5","wQa1,wQi1,wQb2,bNf5"
QQQvN,11,3,1,queen,knight,33981640,na,0,1,na,na,7,0,7,na,33981640,0,0,33981640,0,0,100.000000,0.000000,0.000000,100.000000,0.000000,0.000000,na,na,na,na,na,na,na,na,na,na,na,na,"wQa1,wQb1,wQd1,bNh6","wQa1,wQb1,wQd1,bNh6"
QQQvN,12,3,1,queen,knight,68715504,na,0,1,na,na,7,0,7,na,68715504,0,0,68715504,0,0,100.000000,0.000000,0.000000,100.000000,0.000000,0.000000,na,na,na,na,na,na,na,na,na,na,na,na,"wQa1,wQb1,wQc1,bNh3","wQa1,wQb1,wQc1,bNh3"
QQQvNN,3,3,2,queen,knight,1260,0,0,1,na,na,3,0,0,0,1260,0,0,1260,0,0,100.000000,0.000000,0.000000,100.000000,0.000000,0.000000,0,0,0,0,0,0,0.000000,0.000000,0.000000,0.000000,0.000000,0.000000,"wQa1,wQb1,wQc1,bNa2,bNb2",
QQQvNN,4,3,2,queen,knight,43680,0,0,1,na,na,5,0,0,0,43680,0,0,43680,0,0,100.000000,0.000000,0.000000,100.000000,0.000000,0.000000,0,0,0,0,0,0,0.000000,0.000000,0.000000,0.000000,0.000000,0.000000,"wQa1,wQb1,wQc1,bNd2,bNb3",
QQQvNN,5,3,2,queen,knight,531300,504,0,1,0,1,7,0,7,0,531300,0,0,531300,0,0,100.000000,0.000000,0.000000,100.000000,0.000000,0.000000,504,0,0,504,0,0,100.000000,0.000000,0.000000,100.000000,0.000000,0.000000,"wQa1,wQb1,wQd1,bNe3,bNc4","wQa1,wQb1,wQb2,bNe3,bNd5"
QQQvNN,6,3,2,queen,knight,3769920,21256,0,1,0,1,9,0,7,0,3769920,0,0,3769920,0,0,100.000000,0.000000,0.000000,100.000000,0.000000,0.000000,21256,0,0,21256,0,0,100.000000,0.000000,0.000000,100.000000,0.000000,0.000000,"wQb2,wQe3,wQa5,bNd1,bNc4","wQa1,wQb1,wQd1,bNc4,bNf4"
QQQvNN,7,3,2,queen,knight,19068840,291892,0,1,0,1,9,0,9,0,19068840,0,0,19068840,0,0,100.000000,0.000000,0.000000,100.000000,0.000000,0.000000,291892,0,0,291892,0,0,100.000000,0.000000,0.000000,100.000000,0.000000,0.000000,"wQb1,wQd1,wQf1,bNa5,bNe5","wQb1,wQd1,wQf1,bNa5,bNe5"
QQQvNN,8,3,2,queen,knight,76245120,2298392,0,1,0,1,9,0,9,0,76245120,0,0,76245120,0,0,100.000000,0.000000,0.000000,100.000000,0.000000,0.000000,2298392,0,0,2298392,0,0,100.000000,0.000000,0.000000,100.000000,0.000000,0.000000,"wQa1,wQb1,wQc1,bNe2,bNe6","wQa1,wQb1,wQc1,bNe6,bNd7"
QQQvNN,9,3,2,queen,knight,256215960,12671548,0,1,0,1,9,0,9,0,256215960,0,0,256215960,0,0,100.000000,0.000000,0.000000,100.000000,0.000000,0.000000,12671548,0,0,12671548,0,0,100.000000,0.000000,0.000000,100.000000,0.000000,0.000000,"wQa1,wQb1,wQc1,bNf3,bNg4","wQa1,wQb1,wQc1,bNf3,bNg4"
QQQvNN,10,3,2,queen,knight,752875200,na,0,1,na,na,11,0,11,na,752875200,0,0,752875200,0,0,100.000000,0.000000,0.000000,100.000000,0.000000,0.000000,na,na,na,na,na,na,na,na,na,na,na,na,"wQa1,wQd1,wQj1,bNi4,bNe7","wQa1,wQd1,wQj1,bNi4,bNe7"
QQQvNN,11,3,2,queen,knight,1987925940,na,0,1,na,na,11,0,11,na,1987925940,0,0,1987925940,0,0,100.000000,0.000000,0.000000,100.000000,0.000000,0.000000,na,na,na,na,na,na,na,na,na,na,na,na,"wQa1,wQb1,wQc1,bNj3,bNi5","wQa1,wQb1,wQc1,bNj3,bNi5"
QQQvNN,12,3,2,queen,knight,4810085280,na,0,1,na,na,11,0,11,na,4810085280,0,0,4810085280,0,0,100.000000,0.000000,0.000000,100.000000,0.000000,0.000000,na,na,na,na,na,na,na,na,na,na,na,na,"wQa1,wQb1,wQc1,bNh3,bNi4","wQa1,wQb1,wQc1,bNh3,bNi4"
QQQvQ,3,3,1,queen,queen,504,0,0,1,na,na,1,0,0,0,504,0,0,504,0,0,100.000000,0.000000,0.000000,100.000000,0.000000,0.000000,0,0,0,0,0,0,0.000000,0.000000,0.000000,0.000000,0.000000,0.000000,"wQa1,wQb1,wQc1,bQa2",
QQQvQ,4,3,1,queen,queen,7280,256,0,1,0,1,3,0,3,0,7280,0,0,7280,0,0,100.000000,0.000000,0.000000,100.000000,0.000000,0.000000,256,0,0,256,0,0,100.000000,0.000000,0.000000,100.000000,0.000000,0.000000,"wQa1,wQb1,wQd1,bQc4","wQa1,wQb1,wQd1,bQc4"
QQQvQ,5,3,1,queen,queen,50600,4536,0,1,0,1,5,0,5,0,50600,0,0,50600,0,0,100.000000,0.000000,0.000000,100.000000,0.000000,0.000000,4536,0,0,4536,0,0,100.000000,0.000000,0.000000,100.000000,0.000000,0.000000,"wQa1,wQc1,wQe1,bQb3","wQa1,wQc1,wQe1,bQb3"
QQQvQ,6,3,1,queen,queen,235620,34832,0,0,0,1,7,0,7,0,235620,0,0,157416,78204,0,100.000000,0.000000,0.000000,66.809269,33.190731,0.000000,34832,0,0,34832,0,0,100.000000,0.000000,0.000000,100.000000,0.000000,0.000000,"wQb1,wQc1,wQd1,bQe5","wQb1,wQc1,wQd1,bQe5"
QQQvQ,7,3,1,queen,queen,847504,172680,0,0,0,1,13,0,13,0,847504,0,0,545696,301808,0,100.000000,0.000000,0.000000,64.388605,35.611395,0.000000,172680,0,0,172680,0,0,100.000000,0.000000,0.000000,100.000000,0.000000,0.000000,"wQa1,wQd1,wQg1,bQc4","wQa1,wQd1,wQg1,bQc4"
QQQvQ,8,3,1,queen,queen,2541504,648832,0,0,0,0,3,0,3,0,1892744,648760,0,432,2541072,0,74.473383,25.526617,0.000000,0.016998,99.983002,0.000000,72,648760,0,0,648832,0,0.011097,99.988903,0.000000,0.000000,100.000000,0.000000,"wQh1,wQf2,wQc3,bQa6","wQh1,wQf2,wQc3,bQa6"
QQQvQ,9,3,1,queen,queen,6654960,2010032,0,0,0,0,1,0,0,0,4644928,2010032,0,352,6654608,0,69.796483,30.203517,0.000000,0.005289,99.994711,0.000000,0,2010032,0,0,2010032,0,0.000000,100.000000,0.000000,0.000000,100.000000,0.000000,"wQa1,wQb1,wQc1,bQd1",
QQQvQ,10,3,1,queen,queen,15684900,na,0,0,na,na,1,0,0,na,10287044,5397856,0,292,15684608,0,65.585652,34.414348,0.000000,0.001862,99.998138,0.000000,na,na,na,na,na,na,na,na,na,na,na,na,"wQa1,wQb1,wQc1,bQd1",
QQQvQ,11,3,1,queen,queen,33981640,na,0,0,na,na,1,0,0,na,20999544,12982096,0,308,33981332,0,61.796735,38.203265,0.000000,0.000906,99.999094,0.000000,na,na,na,na,na,na,na,na,na,na,na,na,"wQa1,wQb1,wQc1,bQd1",
QQQvQ,12,3,1,queen,queen,68715504,na,0,0,na,na,1,0,0,na,40118768,28596736,0,312,68715192,0,58.383866,41.616134,0.000000,0.000454,99.999546,0.000000,na,na,na,na,na,na,na,na,na,na,na,na,"wQa1,wQb1,wQc1,bQd1",
QQQvQQ,3,3,2,queen,queen,1260,0,0,0,na,na,5,0,0,0,1260,0,0,740,520,0,100.000000,0.000000,0.000000,58.730159,41.269841,0.000000,0,0,0,0,0,0,0.000000,0.000000,0.000000,0.000000,0.000000,0.000000,"wQb1,wQa2,wQc2,bQa3,bQc3",
QQQvQQ,4,3,2,queen,queen,43680,16,0,0,0,1,7,5,7,0,43680,0,0,20084,23560,36,100.000000,0.000000,0.000000,45.979853,53.937729,0.082418,16,0,0,16,0,0,100.000000,0.000000,0.000000,100.000000,0.000000,0.000000,"wQa1,wQb1,wQa2,bQc3,bQd3","wQa1,wQc1,wQa2,bQd3,bQb4"
QQQvQQ,5,3,2,queen,queen,531300,3504,0,0,0,1,11,9,11,0,531300,0,0,220272,310980,48,100.000000,0.000000,0.000000,41.459063,58.531903,0.009034,3504,0,0,3504,0,0,100.000000,0.000000,0.000000,100.000000,0.000000,0.000000,"wQa1,wQb1,wQa2,bQe3,bQc5","wQa1,wQb1,wQa2,bQe3,bQc5"
QQQvQQ,6,3,2,queen,queen,3769920,75712,0,0,0,0,9,0,9,0,2934512,835408,0,4,3769916,0,77.840166,22.159834,0.000000,0.000106,99.999894,0.000000,40,75672,0,4,75708,0,0.052832,99.947168,0.000000,0.005283,99.994717,0.000000,"wQa1,wQb1,wQd1,bQa3,bQf4","wQf1,wQd3,wQb4,bQa2,bQe6"
QQQvQQ,7,3,2,queen,queen,19068840,762484,0,0,0,0,15,0,0,0,13953396,5115444,0,0,19068840,0,73.173806,26.826194,0.000000,0.000000,100.000000,0.000000,0,762484,0,0,762484,0,0.000000,100.000000,0.000000,0.000000,100.000000,0.000000,"wQb1,wQc1,wQe1,bQg2,bQb3",
QQQvQQ,8,3,2,queen,queen,76245120,4868192,0,0,0,0,3,0,0,0,21612,76223508,0,0,76245120,0,0.028345,99.971655,0.000000,0.000000,100.000000,0.000000,0,4868192,0,0,4868192,0,0.000000,100.000000,0.000000,0.000000,100.000000,0.000000,"wQa1,wQb1,wQc1,bQa2,bQc2",
QQQvQQ,9,3,2,queen,queen,256215960,23106896,0,0,0,0,3,0,0,0,19846,256196114,0,0,256215960,0,0.007746,99.992254,0.000000,0.000000,100.000000,0.000000,0,23106896,0,0,23106896,0,0.000000,100.000000,0.000000,0.000000,100.000000,0.000000,"wQa1,wQb1,wQc1,bQa2,bQc2",
QQQvQQ,10,3,2,queen,queen,752875200,na,0,0,na,na,3,0,0,na,18216,752856984,0,0,752875200,0,0.002420,99.997580,0.000000,0.000000,100.000000,0.000000,na,na,na,na,na,na,na,na,na,na,na,na,"wQa1,wQb1,wQc1,bQa2,bQc2",
QQQvQQ,11,3,2,queen,queen,1987925940,na,0,0,na,na,3,0,0,na,21666,1987904274,0,0,1987925940,0,0.001090,99.998910,0.000000,0.000000,100.000000,0.000000,na,na,na,na,na,na,na,na,na,na,na,na,"wQa1,wQb1,wQc1,bQa2,bQc2",
QQQvQQ,12,3,2,queen,queen,4810085280,na,0,0,na,na,3,0,0,na,24340,4810060940,0,0,4810085280,0,0.000506,99.999494,0.000000,0.000000,100.000000,0.000000,na,na,na,na,na,na,na,na,na,na,na,na,"wQa1,wQb1,wQc1,bQa2,bQc2",
QQQvR,3,3,1,queen,rook,504,0,0,1,na,na,1,0,0,0,504,0,0,504,0,0,100.000000,0.000000,0.000000,100.000000,0.000000,0.000000,0,0,0,0,0,0,0.000000,0.000000,0.000000,0.000000,0.000000,0.000000,"wQa1,wQb1,wQc1,bRa2",
QQQvR,4,3,1,queen,rook,7280,256,0,1,0,1,3,0,3,0,7280,0,0,7280,0,0,100.000000,0.000000,0.000000,100.000000,0.000000,0.000000,256,0,0,256,0,0,100.000000,0.000000,0.000000,100.000000,0.000000,0.000000,"wQa1,wQb1,wQd1,bRc4","wQa1,wQb1,wQd1,bRc4"
QQQvR,5,3,1,queen,rook,50600,4536,0,1,0,1,5,0,5,0,50600,0,0,50600,0,0,100.000000,0.000000,0.000000,100.000000,0.000000,0.000000,4536,0,0,4536,0,0,100.000000,0.000000,0.000000,100.000000,0.000000,0.000000,"wQd1,wQa2,wQb3,bRe5","wQd1,wQa2,wQb3,bRe5"
QQQvR,6,3,1,queen,rook,235620,34832,0,1,0,1,5,0,5,0,235620,0,0,235620,0,0,100.000000,0.000000,0.000000,100.000000,0.000000,0.000000,34832,0,0,34832,0,0,100.000000,0.000000,0.000000,100.000000,0.000000,0.000000,"wQa1,wQb1,wQc1,bRd5","wQa1,wQb1,wQc1,bRd5"
QQQvR,7,3,1,queen,rook,847504,172680,0,0,0,1,7,0,7,0,847504,0,0,636904,210600,0,100.000000,0.000000,0.000000,75.150560,24.849440,0.000000,172680,0,0,172680,0,0,100.000000,0.000000,0.000000,100.000000,0.000000,0.000000,"wQa1,wQb1,wQc1,bRg4","wQa1,wQb1,wQc1,bRg4"
QQQvR,8,3,1,queen,rook,2541504,648832,0,0,0,1,13,0,13,0,2541504,0,0,1894128,647376,0,100.000000,0.000000,0.000000,74.527839,25.472161,0.000000,648832,0,0,648832,0,0,100.000000,0.000000,0.000000,100.000000,0.000000,0.000000,"wQb1,wQc1,wQg1,bRa4","wQb1,wQc1,wQg1,bRa4"
QQQvR,9,3,1,queen,rook,6654960,2010032,0,0,0,1,25,0,25,0,6654960,0,0,4953248,1701712,0,100.000000,0.000000,0.000000,74.429418,25.570582,0.000000,2010032,0,0,2010032,0,0,100.000000,0.000000,0.000000,100.000000,0.000000,0.000000,"wQc1,wQg1,wQa3,bRi2","wQc1,wQg1,wQa3,bRi2"
QQQvR,10,3,1,queen,rook,15684900,na,0,0,na,na,1,0,0,na,10287044,5397856,0,138500,15546400,0,65.585652,34.414348,0.000000,0.883015,99.116985,0.000000,na,na,na,na,na,na,na,na,na,na,na,na,"wQa1,wQb1,wQc1,bRd1",
QQQvR,11,3,1,queen,rook,33981640,na,0,0,na,na,1,0,0,na,20999544,12982096,0,224560,33757080,0,61.796735,38.203265,0.000000,0.660827,99.339173,0.000000,na,na,na,na,na,na,na,na,na,na,na,na,"wQa1,wQb1,wQc1,bRd1",
QQQvR,12,3,1,queen,rook,68715504,na,0,0,na,na,1,0,0,na,40118768,28596736,0,348504,68367000,0,58.383866,41.616134,0.000000,0.507169,99.492831,0.000000,na,na,na,na,na,na,na,na,na,na,na,na,"wQa1,wQb1,wQc1,bRd1",
QQQvRR,3,3,2,queen,rook,1260,0,0,1,na,na,5,0,0,0,1260,0,0,1260,0,0,100.000000,0.000000,0.000000,100.000000,0.000000,0.000000,0,0,0,0,0,0,0.000000,0.000000,0.000000,0.000000,0.000000,0.000000,"wQb1,wQa2,wQc2,bRa3,bRc3",
QQQvRR,4,3,2,queen,rook,43680,16,0,0,0,1,5,0,5,0,43680,0,0,38936,4744,0,100.000000,0.000000,0.000000,89.139194,10.860806,0.000000,16,0,0,16,0,0,100.000000,0.000000,0.000000,100.000000,0.000000,0.000000,"wQa1,wQb1,wQc1,bRa2,bRd2","wQa1,wQc1,wQa2,bRd3,bRb4"
QQQvRR,5,3,2,queen,rook,531300,3504,0,0,0,1,9,0,9,0,531300,0,0,372068,159232,0,100.000000,0.000000,0.000000,70.029738,29.970262,0.000000,3504,0,0,3504,0,0,100.000000,0.000000,0.000000,100.000000,0.000000,0.000000,"wQb1,wQc1,wQd1,bRa5,bRe5","wQb1,wQc1,wQd1,bRa5,bRe5"
QQQvRR,6,3,2,queen,rook,3769920,75712,0,0,0,1,13,0,13,0,3769920,0,0,2634948,1134972,0,100.000000,0.000000,0.000000,69.894003,30.105997,0.000000,75712,0,0,75712,0,0,100.000000,0.000000,0.000000,100.000000,0.000000,0.000000,"wQa1,wQb1,wQc1,bRe2,bRd6","wQa1,wQb1,wQc1,bRe2,bRd6"
QQQvRR,7,3,2,queen,rook,19068840,762484,0,0,0,0,25,0,25,0,15805920,3262920,0,61080,19007760,0,82.888734,17.111266,0.000000,0.320313,99.679687,0.000000,26908,735576,0,28,762456,0,3.528992,96.471008,0.000000,0.003672,99.996328,0.000000,"wQf1,wQc2,wQb3,bRd4,bRe5","wQf1,wQc2,wQb3,bRd4,bRe5"
QQQvRR,8,3,2,queen,rook,76245120,4868192,0,0,0,0,29,0,29,0,60939340,15305780,0,168728,76076392,0,79.925561,20.074439,0.000000,0.221297,99.778703,0.000000,101452,4766740,0,0,4868192,0,2.083977,97.916023,0.000000,0.000000,100.000000,0.000000,"wQc1,wQh1,wQb3,bRa5,bRd8","wQc1,wQh1,wQb3,bRa5,bRd8"
QQQvRR,9,3,2,queen,rook,256215960,23106896,0,0,0,0,41,0,41,0,198286340,57929620,0,427700,255788260,0,77.390316,22.609684,0.000000,0.166929,99.833071,0.000000,324208,22782688,0,0,23106896,0,1.403079,98.596921,0.000000,0.000000,100.000000,0.000000,"wQe2,wQi2,wQb3,bRa1,bRd4","wQe2,wQi2,wQb3,bRa1,bRd4"
QQQvRR,10,3,2,queen,rook,752875200,na,0,0,na,na,3,0,0,na,8590744,744284456,0,0,752875200,0,1.141058,98.858942,0.000000,0.000000,100.000000,0.000000,na,na,na,na,na,na,na,na,na,na,na,na,"wQa1,wQb1,wQc1,bRa2,bRb2",
QQQvRR,11,3,2,queen,rook,1987925940,na,0,0,na,na,3,0,0,na,15869118,1972056822,0,0,1987925940,0,0.798275,99.201725,0.000000,0.000000,100.000000,0.000000,na,na,na,na,na,na,na,na,na,na,na,na,"wQa1,wQb1,wQc1,bRa2,bRb2",
QQQvRR,12,3,2,queen,rook,4810085280,na,0,0,na,na,3,0,0,na,27654204,4782431076,0,0,4810085280,0,0.574921,99.425079,0.000000,0.000000,100.000000,0.000000,na,na,na,na,na,na,na,na,na,na,na,na,"wQa1,wQb1,wQc1,bRa2,bRb2",
QQvB,3,2,1,queen,bishop,252,8,0,1,0,1,3,0,3,0,252,0,0,252,0,0,100.000000,0.000000,0.000000,100.000000,0.000000,0.000000,8,0,0,8,0,0,100.000000,0.000000,0.000000,100.000000,0.000000,0.000000,"wQa1,wQc1,bBb3","wQa1,wQc1,bBb3"
QQvB,4,2,1,queen,bishop,1680,204,0,1,0,1,3,0,3,0,1680,0,0,1680,0,0,100.000000,0.000000,0.000000,100.000000,0.000000,0.000000,204,0,0,204,0,0,100.000000,0.000000,0.000000,100.000000,0.000000,0.000000,"wQa1,wQb1,bBd2","wQa1,wQb1,bBd2"
QQvB,5,2,1,queen,bishop,6900,1444,0,0,0,1,5,0,5,0,6900,0,0,6412,488,0,100.000000,0.000000,0.000000,92.927536,7.072464,0.000000,1444,0,0,1444,0,0,100.000000,0.000000,0.000000,100.000000,0.000000,0.000000,"wQa1,wQe1,bBc4","wQa1,wQe1,bBc4"
QQvB,6,2,1,queen,bishop,21420,6116,0,0,0,1,5,0,5,0,21420,0,0,17516,3904,0,100.000000,0.000000,0.000000,81.774043,18.225957,0.000000,6116,0,0,6116,0,0,100.000000,0.000000,0.000000,100.000000,0.000000,0.000000,"wQa1,wQb1,bBe3","wQa1,wQb1,bBe3"
QQvB,7,2,1,queen,bishop,55272,19364,0,0,0,1,7,0,7,0,55272,0,0,45408,9864,0,100.000000,0.000000,0.000000,82.153713,17.846287,0.000000,19364,0,0,19364,0,0,100.000000,0.000000,0.000000,100.000000,0.000000,0.000000,"wQa1,wQb1,bBg2","wQa1,wQb1,bBg2"
QQvB,8,2,1,queen,bishop,124992,50664,0,0,0,1,9,0,9,0,124992,0,0,103472,21520,0,100.000000,0.000000,0.000000,82.782898,17.217102,0.000000,50664,0,0,50664,0,0,100.000000,0.000000,0.000000,100.000000,0.000000,0.000000,"wQa1,wQc1,bBf3","wQa1,wQc1,bBf3"
QQvB,9,2,1,queen,bishop,255960,115768,0,0,0,1,11,0,11,0,255960,0,0,213720,42240,0,100.000000,0.000000,0.000000,83.497421,16.502579,0.000000,115768,0,0,115768,0,0,100.000000,0.000000,0.000000,100.000000,0.000000,0.000000,"wQa1,wQc1,bBe2","wQa1,wQc1,bBe2"
QQvB,10,2,1,queen,bishop,485100,na,0,0,na,na,15,0,15,na,485100,0,0,408620,76480,0,100.000000,0.000000,0.000000,84.234179,15.765821,0.000000,na,na,na,na,na,na,na,na,na,na,na,na,"wQa1,wQc1,bBe2","wQa1,wQc1,bBe2"
QQvB,11,2,1,queen,bishop,863940,na,0,0,na,na,27,0,27,na,863940,0,0,733940,130000,0,100.000000,0.000000,0.000000,84.952659,15.047341,0.000000,na,na,na,na,na,na,na,na,na,na,na,na,"wQb1,wQj1,bBf2","wQb1,wQj1,bBf2"
QQvB,12,2,1,queen,bishop,1462032,na,0,0,na,na,37,0,37,na,722296,739736,0,9280,1452752,0,49.403570,50.596430,0.000000,0.634733,99.365267,0.000000,na,na,na,na,na,na,na,na,na,na,na,na,"wQc1,wQd1,bBa10","wQc1,wQd1,bBa10"
QQvB,3,2,1,queen+queen,bishop,504,16,0,1,0,1,3,0,3,na,504,0,0,504,0,0,100.000000,0.000000,0.000000,100.000000,0.000000,0.000000,16,0,0,16,0,0,100.000000,0.000000,0.000000,100.000000,0.000000,0.000000,"wQa1,wQc1,bBb3","wQa1,wQc1,bBb3"
QQvB,4,2,1,queen+queen,bishop,3360,408,0,1,0,1,3,0,3,na,3360,0,0,3360,0,0,100.000000,0.000000,0.000000,100.000000,0.000000,0.000000,408,0,0,408,0,0,100.000000,0.000000,0.000000,100.000000,0.000000,0.000000,"wQa1,wQb1,bBd2","wQa1,wQb1,bBd2"
QQvB,5,2,1,queen+queen,bishop,13800,2888,0,0,0,1,5,0,5,na,13800,0,0,12824,976,0,100.000000,0.000000,0.000000,92.927536,7.072464,0.000000,2888,0,0,2888,0,0,100.000000,0.000000,0.000000,100.000000,0.000000,0.000000,"wQa1,wQe1,bBc4","wQa1,wQe1,bBc4"
QQvB,6,2,1,queen+queen,bishop,42840,12232,0,0,0,1,5,0,5,na,42840,0,0,35032,7808,0,100.000000,0.000000,0.000000,81.774043,18.225957,0.000000,12232,0,0,12232,0,0,100.000000,0.000000,0.000000,100.000000,0.000000,0.000000,"wQa1,wQb1,bBe3","wQa1,wQb1,bBe3"
QQvB,7,2,1,queen+queen,bishop,110544,38728,0,0,0,1,7,0,7,na,110544,0,0,90816,19728,0,100.000000,0.000000,0.000000,82.153713,17.846287,0.000000,38728,0,0,38728,0,0,100.000000,0.000000,0.000000,100.000000,0.000000,0.000000,"wQa1,wQb1,bBg2","wQa1,wQb1,bBg2"
QQvB,8,2,1,queen+queen,bishop,249984,101328,0,0,0,1,9,0,9,na,249984,0,0,206944,43040,0,100.000000,0.000000,0.000000,82.782898,17.217102,0.000000,101328,0,0,101328,0,0,100.000000,0.000000,0.000000,100.000000,0.000000,0.000000,"wQa1,wQc1,bBf3","wQa1,wQc1,bBf3"
QQvB,9,2,1,queen+queen,bishop,511920,231536,0,0,0,1,11,0,11,na,511920,0,0,427440,84480,0,100.000000,0.000000,0.000000,83.497421,16.502579,0.000000,231536,0,0,231536,0,0,100.000000,0.000000,0.000000,100.000000,0.000000,0.000000,"wQa1,wQc1,bBe2","wQa1,wQc1,bBe2"
QQvB,10,2,1,queen+queen,bishop,970200,478000,0,0,0,1,15,0,15,na,970200,0,0,817240,152960,0,100.000000,0.000000,0.000000,84.234179,15.765821,0.000000,478000,0,0,478000,0,0,100.000000,0.000000,0.000000,100.000000,0.000000,0.000000,"wQa1,wQc1,bBe2","wQa1,wQc1,bBe2"
QQvB,11,2,1,queen+queen,bishop,1727880,911840,0,0,0,1,27,0,27,na,1727880,0,0,1467880,260000,0,100.000000,0.000000,0.000000,84.952659,15.047341,0.000000,911840,0,0,911840,0,0,100.000000,0.000000,0.000000,100.000000,0.000000,0.000000,"wQb1,wQj1,bBf2","wQb1,wQj1,bBf2"
QQvB,12,2,1,queen+queen,bishop,2924064,1632680,0,0,0,0,37,0,37,na,1444592,1479472,0,18560,2905504,0,49.403570,50.596430,0.000000,0.634733,99.365267,0.000000,153208,1479472,0,0,1632680,0,9.383835,90.616165,0.000000,0.000000,100.000000,0.000000,"wQb1,wQj1,bBl10","wQb1,wQj1,bBl10"
QQvBB,3,2,2,queen,bishop,756,0,0,0,na,na,5,0,0,0,756,0,0,680,76,0,100.000000,0.000000,0.000000,89.947090,10.052910,0.000000,0,0,0,0,0,0,0.000000,0.000000,0.000000,0.000000,0.000000,0.000000,"wQa1,wQb1,bBc2,bBb3",
QQvBB,4,2,2,queen,bishop,10920,112,0,0,0,1,7,0,7,0,10920,0,0,9540,1380,0,100.000000,0.000000,0.000000,87.362637,12.637363,0.000000,112,0,0,112,0,0,100.000000,0.000000,0.000000,100.000000,0.000000,0.000000,"wQa1,wQc1,bBc2,bBb3","wQa1,wQc1,bBb3,bBb4"
QQvBB,5,2,2,queen,bishop,75900,3004,0,0,0,1,13,0,11,0,75860,40,0,51264,24636,0,99.947299,0.052701,0.000000,67.541502,32.458498,0.000000,3004,0,0,3004,0,0,100.000000,0.000000,0.000000,100.000000,0.000000,0.000000,"wQa1,wQd1,bBb2,bBc3","wQb1,wQd1,bBc3,bBa5"
QQvBB,6,2,2,queen,bishop,353430,27464,0,0,0,0,21,0,21,0,337910,15520,0,135478,217952,0,95.608749,4.391251,0.000000,38.332343,61.667657,0.000000,26040,1424,0,21840,5624,0,94.815031,5.184969,0.000000,79.522284,20.477716,0.000000,"wQa1,wQe1,bBc2,bBb5","wQa1,wQe1,bBc2,bBb5"
QQvBB,7,2,2,queen,bishop,1271256,152332,0,0,0,0,35,0,33,0,1158008,113248,0,384442,886814,0,91.091645,8.908355,0.000000,30.241116,69.758884,0.000000,119108,33224,0,84064,68268,0,78.189743,21.810257,0.000000,55.184728,44.815272,0.000000,"wQa1,wQb1,bBd2,bBc3","wQb1,wQd1,bBc5,bBe5"
QQvBB,8,2,2,queen,bishop,3812256,617632,0,0,0,0,23,0,23,0,3206956,605300,0,1024704,2787552,0,84.122263,15.877737,0.000000,26.879202,73.120798,0.000000,331780,285852,0,295304,322328,0,53.718072,46.281928,0.000000,47.812290,52.187710,0.000000,"wQa1,wQc1,bBd8,bBf8","wQa1,wQc1,bBd8,bBf8"
QQvBB,9,2,2,queen,bishop,9982440,2024680,0,0,0,0,27,0,27,0,8201756,1780684,0,2843226,7139214,0,82.161836,17.838164,0.000000,28.482275,71.517725,0.000000,1042392,982288,0,973774,1050906,0,51.484284,48.515716,0.000000,48.095205,51.904795,0.000000,"wQf1,wQc2,bBa8,bBd9","wQf1,wQc2,bBa8,bBd9"
QQvBB,10,2,2,queen,bishop,23527350,na,0,0,na,na,31,0,31,na,18979898,4547452,0,7051278,16476072,0,80.671635,19.328365,0.000000,29.970558,70.029442,0.000000,na,na,na,na,na,na,na,na,na,na,na,na,"wQd1,wQa2,bBi8,bBg10","wQd1,wQa2,bBi8,bBg10"
QQvBB,11,2,2,queen,bishop,50972460,na,0,0,na,na,39,0,39,na,40456664,10515796,0,15956006,35016454,0,79.369652,20.630348,0.000000,31.303190,68.696810,0.000000,na,na,na,na,na,na,na,na,na,na,na,na,"wQa1,wQc1,bBb9,bBa10","wQc1,wQf1,bBa8,bBa10"
QQvBB,12,2,2,queen,bishop,103073256,na,0,0,na,na,37,0,0,na,469768,102603488,0,0,103073256,0,0.455761,99.544239,0.000000,0.000000,100.000000,0.000000,na,na,na,na,na,na,na,na,na,na,na,na,"wQc1,wQd1,bBj1,bBa10",
QQvK,3,2,1,queen,king,252,8,0,1,0,1,3,0,3,0,252,0,0,252,0,0,100.000000,0.000000,0.000000,100.000000,0.000000,0.000000,8,0,0,8,0,0,100.000000,0.000000,0.000000,100.000000,0.000000,0.000000,"wQa1,wQc1,bKb3","wQa1,wQc1,bKb3"
QQvK,4,2,1,queen,king,1680,204,0,1,0,1,5,0,5,0,1680,0,0,1680,0,0,100.000000,0.000000,0.000000,100.000000,0.000000,0.000000,204,0,0,204,0,0,100.000000,0.000000,0.000000,100.000000,0.000000,0.000000,"wQb1,wQa2,bKc3","wQb1,wQa2,bKc3"
QQvK,5,2,1,queen,king,6900,1444,0,1,0,1,5,0,5,0,6900,0,0,6900,0,0,100.000000,0.000000,0.000000,100.000000,0.000000,0.000000,1444,0,0,1444,0,0,100.000000,0.000000,0.000000,100.000000,0.000000,0.000000,"wQa1,wQc1,bKb4","wQa1,wQc1,bKb4"
QQvK,6,2,1,queen,king,21420,6116,0,1,0,1,5,0,5,0,21420,0,0,21420,0,0,100.000000,0.000000,0.000000,100.000000,0.000000,0.000000,6116,0,0,6116,0,0,100.000000,0.000000,0.000000,100.000000,0.000000,0.000000,"wQa1,wQb1,bKe2","wQa1,wQb1,bKe2"
QQvK,7,2,1,queen,king,55272,19364,0,1,0,1,7,0,7,0,55272,0,0,55272,0,0,100.000000,0.000000,0.000000,100.000000,0.000000,0.000000,19364,0,0,19364,0,0,100.000000,0.000000,0.000000,100.000000,0.000000,0.000000,"wQb1,wQd1,bKc5","wQb1,wQd1,bKc5"
QQvK,8,2,1,queen,king,124992,50664,0,1,0,1,7,0,7,0,124992,0,0,124992,0,0,100.000000,0.000000,0.000000,100.000000,0.000000,0.000000,50664,0,0,50664,0,0,100.000000,0.000000,0.000000,100.000000,0.000000,0.000000,"wQa1,wQb1,bKf3","wQa1,wQb1,bKf3"
QQvK,9,2,1,queen,king,255960,115768,0,1,0,1,7,0,7,0,255960,0,0,255960,0,0,100.000000,0.000000,0.000000,100.000000,0.000000,0.000000,115768,0,0,115768,0,0,100.000000,0.000000,0.000000,100.000000,0.000000,0.000000,"wQa1,wQb1,bKg3","wQa1,wQb1,bKg3"
QQvK,10,2,1,queen,king,485100,na,0,1,na,na,7,0,7,na,485100,0,0,485100,0,0,100.000000,0.000000,0.000000,100.000000,0.000000,0.000000,na,na,na,na,na,na,na,na,na,na,na,na,"wQa1,wQb1,bKh2","wQa1,wQb1,bKh2"
QQvK,11,2,1,queen,king,863940,na,0,1,na,na,9,0,9,na,863940,0,0,863940,0,0,100.000000,0.000000,0.000000,100.000000,0.000000,0.000000,na,na,na,na,na,na,na,na,na,na,na,na,"wQa1,wQh1,bKd8","wQa1,wQh1,bKd8"
QQvK,12,2,1,queen,king,1462032,na,0,1,na,na,9,0,9,na,1462032,0,0,1462032,0,0,100.000000,0.000000,0.000000,100.000000,0.000000,0.000000,na,na,na,na,na,na,na,na,na,na,na,na,"wQa1,wQc1,bKi6","wQa1,wQc1,bKi6"
QQvK,3,2,1,queen+queen,king,504,16,0,1,0,1,3,0,3,na,504,0,0,504,0,0,100.000000,0.000000,0.000000,100.000000,0.000000,0.000000,16,0,0,16,0,0,100.000000,0.000000,0.000000,100.000000,0.000000,0.000000,"wQa1,wQc1,bKb3","wQa1,wQc1,bKb3"
QQvK,4,2,1,queen+queen,king,3360,408,0,1,0,1,5,0,5,na,3360,0,0,3360,0,0,100.000000,0.000000,0.000000,100.000000,0.000000,0.000000,408,0,0,408,0,0,100.000000,0.000000,0.000000,100.000000,0.000000,0.000000,"wQb1,wQa2,bKc3","wQb1,wQa2,bKc3"
QQvK,5,2,1,queen+queen,king,13800,2888,0,1,0,1,5,0,5,na,13800,0,0,13800,0,0,100.000000,0.000000,0.000000,100.000000,0.000000,0.000000,2888,0,0,2888,0,0,100.000000,0.000000,0.000000,100.000000,0.000000,0.000000,"wQa1,wQc1,bKb4","wQa1,wQc1,bKb4"
QQvK,6,2,1,queen+queen,king,42840,12232,0,1,0,1,5,0,5,na,42840,0,0,42840,0,0,100.000000,0.000000,0.000000,100.000000,0.000000,0.000000,12232,0,0,12232,0,0,100.000000,0.000000,0.000000,100.000000,0.000000,0.000000,"wQa1,wQb1,bKe2","wQa1,wQb1,bKe2"
QQvK,7,2,1,queen+queen,king,110544,38728,0,1,0,1,7,0,7,na,110544,0,0,110544,0,0,100.000000,0.000000,0.000000,100.000000,0.000000,0.000000,38728,0,0,38728,0,0,100.000000,0.000000,0.000000,100.000000,0.000000,0.000000,"wQa1,wQf1,bKc5","wQa1,wQf1,bKc5"
QQvK,8,2,1,queen+queen,king,249984,101328,0,1,0,1,7,0,7,na,249984,0,0,249984,0,0,100.000000,0.000000,0.000000,100.000000,0.000000,0.000000,101328,0,0,101328,0,0,100.000000,0.000000,0.000000,100.000000,0.000000,0.000000,"wQa1,wQb1,bKf3","wQa1,wQb1,bKf3"
QQvK,9,2,1,queen+queen,king,511920,231536,0,1,0,1,7,0,7,na,511920,0,0,511920,0,0,100.000000,0.000000,0.000000,100.000000,0.000000,0.000000,231536,0,0,231536,0,0,100.000000,0.000000,0.000000,100.000000,0.000000,0.000000,"wQa1,wQb1,bKg3","wQa1,wQb1,bKg3"
QQvK,10,2,1,queen+queen,king,970200,478000,0,1,0,1,7,0,7,na,970200,0,0,970200,0,0,100.000000,0.000000,0.000000,100.000000,0.000000,0.000000,478000,0,0,478000,0,0,100.000000,0.000000,0.000000,100.000000,0.000000,0.000000,"wQa1,wQb1,bKh2","wQa1,wQb1,bKh2"
QQvK,11,2,1,queen+queen,king,1727880,911840,0,1,0,1,9,0,9,na,1727880,0,0,1727880,0,0,100.000000,0.000000,0.000000,100.000000,0.000000,0.000000,911840,0,0,911840,0,0,100.000000,0.000000,0.000000,100.000000,0.000000,0.000000,"wQa1,wQh1,bKd8","wQa1,wQh1,bKd8"
QQvK,12,2,1,queen+queen,king,2924064,1632680,0,1,0,1,9,0,9,na,2924064,0,0,2924064,0,0,100.000000,0.000000,0.000000,100.000000,0.000000,0.000000,1632680,0,0,1632680,0,0,100.000000,0.000000,0.000000,100.000000,0.000000,0.000000,"wQa1,wQc1,bKi6","wQa1,wQc1,bKi6"
QQvKK,3,2,2,queen,king,756,0,0,0,na,na,7,5,0,0,756,0,0,310,0,446,100.000000,0.000000,0.000000,41.005291,0.000000,58.994709,0,0,0,0,0,0,0.000000,0.000000,0.000000,0.000000,0.000000,0.000000,"wQa1,wQb1,bKc2,bKb3",
QQvKK,4,2,2,queen,king,10920,112,0,0,0,1,13,3,13,0,10920,0,0,7474,3350,96,100.000000,0.000000,0.000000,68.443223,30.677656,0.879121,112,0,0,112,0,0,100.000000,0.000000,0.000000,100.000000,0.000000,0.000000,"wQd1,wQa4,bKb2,bKc3","wQd1,wQa4,bKb2,bKc3"
QQvKK,5,2,2,queen,king,75900,3004,0,0,0,1,17,0,17,0,75900,0,0,61270,14630,0,100.000000,0.000000,0.000000,80.724638,19.275362,0.000000,3004,0,0,3004,0,0,100.000000,0.000000,0.000000,100.000000,0.000000,0.000000,"wQa1,wQe1,bKc2,bKb3","wQa1,wQe1,bKc2,bKb3"
QQvKK,6,2,2,queen,king,353430,27464,0,0,0,1,19,0,19,0,353430,0,0,309872,43558,0,100.000000,0.000000,0.000000,87.675636,12.324364,0.000000,27464,0,0,27464,0,0,100.000000,0.000000,0.000000,100.000000,0.000000,0.000000,"wQa1,wQb1,bKd2,bKc4","wQa1,wQb1,bKd2,bKc4"
QQvKK,7,2,2,queen,king,1271256,152332,0,0,0,1,23,0,23,0,1271256,0,0,1164674,106582,0,100.000000,0.000000,0.000000,91.616008,8.383992,0.000000,152332,0,0,152332,0,0,100.000000,0.000000,0.000000,100.000000,0.000000,0.000000,"wQb1,wQf1,bKc3,bKe3","wQb1,wQf1,bKc3,bKe3"
QQvKK,8,2,2,queen,king,3812256,617632,0,0,0,1,25,0,25,0,3812256,0,0,3585386,226870,0,100.000000,0.000000,0.000000,94.048931,5.951069,0.000000,617632,0,0,617632,0,0,100.000000,0.000000,0.000000,100.000000,0.000000,0.000000,"wQa1,wQb1,bKe3,bKd5","wQa1,wQb1,bKe3,bKd5"
QQvKK,9,2,2,queen,king,9982440,2024680,0,0,0,1,29,0,29,0,9982440,0,0,9548658,433782,0,100.000000,0.000000,0.000000,95.654549,4.345451,0.000000,2024680,0,0,2024680,0,0,100.000000,0.000000,0.000000,100.000000,0.000000,0.000000,"wQd1,wQf1,bKe5,bKe6","wQd1,wQf1,bKe5,bKe6"
QQvKK,10,2,2,queen,king,23527350,na,0,0,na,na,33,0,33,na,23527350,0,0,22765432,761918,0,100.000000,0.000000,0.000000,96.761565,3.238435,0.000000,na,na,na,na,na,na,na,na,na,na,na,na,"wQa1,wQd1,bKf4,bKe6","wQa1,wQd1,bKf4,bKe6"
QQvKK,11,2,2,queen,king,50972460,na,0,0,na,na,35,0,35,na,50972460,0,0,49717854,1254606,0,100.000000,0.000000,0.000000,97.538659,2.461341,0.000000,na,na,na,na,na,na,na,na,na,na,na,na,"wQc1,wQd1,bKe5,bKg6","wQc1,wQd1,bKe5,bKg6"
QQvKK,12,2,2,queen,king,103073256,na,0,0,na,na,39,0,39,na,103073256,0,0,101112306,1960950,0,100.000000,0.000000,0.000000,98.097518,1.902482,0.000000,na,na,na,na,na,na,na,na,na,na,na,na,"wQa1,wQd1,bKe6,bKg6","wQa1,wQd1,bKe6,bKg6"
QQvN,3,2,1,queen,knight,252,0,0,0,na,na,3,0,0,0,252,0,0,224,28,0,100.000000,0.000000,0.000000,88.888889,11.111111,0.000000,0,0,0,0,0,0,0.000000,0.000000,0.000000,0.000000,0.000000,0.000000,"wQa1,wQc1,bNb3",
QQvN,4,2,1,queen,knight,1680,48,0,1,0,1,3,0,3,0,1680,0,0,1680,0,0,100.000000,0.000000,0.000000,100.000000,0.000000,0.000000,48,0,0,48,0,0,100.000000,0.000000,0.000000,100.000000,0.000000,0.000000,"wQa1,wQb1,bNd2","wQa1,wQb1,bNc4"
QQvN,5,2,1,queen,knight,6900,664,0,1,0,1,5,0,5,0,6900,0,0,6900,0,0,100.000000,0.000000,0.000000,100.000000,0.000000,0.000000,664,0,0,664,0,0,100.000000,0.000000,0.000000,100.000000,0.000000,0.000000,"wQb1,wQd1,bNc3","wQb1,wQd1,bNc4"
QQvN,6,2,1,queen,knight,21420,3664,0,1,0,1,5,0,5,0,21420,0,0,21420,0,0,100.000000,0.000000,0.000000,100.000000,0.000000,0.000000,3664,0,0,3664,0,0,100.000000,0.000000,0.000000,100.000000,0.000000,0.000000,"wQa1,wQb1,bNc4","wQa1,wQb1,bNc4"
QQvN,7,2,1,queen,knight,55272,13440,0,1,0,1,5,0,5,0,55272,0,0,55272,0,0,100.000000,0.000000,0.000000,100.000000,0.000000,0.000000,13440,0,0,13440,0,0,100.000000,0.000000,0.000000,100.000000,0.000000,0.000000,"wQa1,wQb1,bNc4","wQa1,wQb1,bNc4"
QQvN,8,2,1,queen,knight,124992,38524,0,1,0,1,7,0,7,0,124992,0,0,124992,0,0,100.000000,0.000000,0.000000,100.000000,0.000000,0.000000,38524,0,0,38524,0,0,100.000000,0.000000,0.000000,100.000000,0.000000,0.000000,"wQb1,wQa2,bNe5","wQb1,wQa2,bNe5"
QQvN,9,2,1,queen,knight,255960,93532,0,1,0,1,7,0,7,0,255960,0,0,255960,0,0,100.000000,0.000000,0.000000,100.000000,0.000000,0.000000,93532,0,0,93532,0,0,100.000000,0.000000,0.000000,100.000000,0.000000,0.000000,"wQa1,wQc1,bNf5","wQa1,wQc1,bNf5"
QQvN,10,2,1,queen,knight,485100,na,0,1,na,na,7,0,7,na,485100,0,0,485100,0,0,100.000000,0.000000,0.000000,100.000000,0.000000,0.000000,na,na,na,na,na,na,na,na,na,na,na,na,"wQa1,wQb1,bNf3","wQa1,wQb1,bNf3"
QQvN,11,2,1,queen,knight,863940,na,0,1,na,na,7,0,7,na,863940,0,0,863940,0,0,100.000000,0.000000,0.000000,100.000000,0.000000,0.000000,na,na,na,na,na,na,na,na,na,na,na,na,"wQa1,wQb1,bNf3","wQa1,wQb1,bNf3"
QQvN,12,2,1,queen,knight,1462032,na,0,1,na,na,9,0,9,na,1462032,0,0,1462032,0,0,100.000000,0.000000,0.000000,100.000000,0.000000,0.000000,na,na,na,na,na,na,na,na,na,na,na,na,"wQa1,wQb2,bNg5","wQa1,wQb2,bNg5"
QQvN,3,2,1,queen+queen,knight,504,0,0,0,na,na,3,0,0,na,504,0,0,448,56,0,100.000000,0.000000,0.000000,88.888889,11.111111,0.000000,0,0,0,0,0,0,0.000000,0.000000,0.000000,0.000000,0.000000,0.000000,"wQa1,wQc1,bNb3",
QQvN,4,2,1,queen+queen,knight,3360,96,0,1,0,1,3,0,3,na,3360,0,0,3360,0,0,100.000000,0.000000,0.000000,100.000000,0.000000,0.000000,96,0,0,96,0,0,100.000000,0.000000,0.000000,100.000000,0.000000,0.000000,"wQa1,wQb1,bNd2","wQa1,wQb1,bNc4"
QQvN,5,2,1,queen+queen,knight,13800,1328,0,1,0,1,5,0,5,na,13800,0,0,13800,0,0,100.000000,0.000000,0.000000,100.000000,0.000000,0.000000,1328,0,0,1328,0,0,100.000000,0.000000,0.000000,100.000000,0.000000,0.000000,"wQb1,wQd1,bNc3","wQb1,wQd1,bNc4"
QQvN,6,2,1,queen+queen,knight,42840,7328,0,1,0,1,5,0,5,na,42840,0,0,42840,0,0,100.000000,0.000000,0.000000,100.000000,0.000000,0.000000,7328,0,0,7328,0,0,100.000000,0.000000,0.000000,100.000000,0.000000,0.000000,"wQa1,wQb1,bNc4","wQa1,wQb1,bNc4"
QQvN,7,2,1,queen+queen,knight,110544,26880,0,1,0,1,5,0,5,na,110544,0,0,110544,0,0,100.000000,0.000000,0.000000,100.000000,0.000000,0.000000,26880,0,0,26880,0,0,100.000000,0.000000,0.000000,100.000000,0.000000,0.000000,"wQa1,wQb1,bNc4","wQa1,wQb1,bNc4"
QQvN,8,2,1,queen+queen,knight,249984,77048,0,1,0,1,7,0,7,na,249984,0,0,249984,0,0,100.000000,0.000000,0.000000,100.000000,0.000000,0.000000,77048,0,0,77048,0,0,100.000000,0.000000,0.000000,100.000000,0.000000,0.000000,"wQb1,wQa2,bNe5","wQb1,wQa2,bNe5"
QQvN,9,2,1,queen+queen,knight,511920,187064,0,1,0,1,7,0,7,na,511920,0,0,511920,0,0,100.000000,0.000000,0.000000,100.000000,0.000000,0.000000,187064,0,0,187064,0,0,100.000000,0.000000,0.000000,100.000000,0.000000,0.000000,"wQa1,wQc1,bNf5","wQa1,wQc1,bNf5"
QQvN,10,2,1,queen+queen,knight,970200,402920,0,1,0,1,7,0,7,na,970200,0,0,970200,0,0,100.000000,0.000000,0.000000,100.000000,0.000000,0.000000,402920,0,0,402920,0,0,100.000000,0.000000,0.000000,100.000000,0.000000,0.000000,"wQa1,wQb1,bNf3","wQa1,wQb1,bNf3"
QQvN,11,2,1,queen+queen,knight,1727880,792696,0,1,0,1,7,0,7,na,1727880,0,0,1727880,0,0,100.000000,0.000000,0.000000,100.000000,0.000000,0.000000,792696,0,0,792696,0,0,100.000000,0.000000,0.000000,100.000000,0.000000,0.000000,"wQa1,wQb1,bNf3","wQa1,wQb1,bNf3"
QQvN,12,2,1,queen+queen,knight,2924064,1452592,0,1,0,1,9,0,9,na,2924064,0,0,2924064,0,0,100.000000,0.000000,0.000000,100.000000,0.000000,0.000000,1452592,0,0,1452592,0,0,100.000000,0.000000,0.000000,100.000000,0.000000,0.000000,"wQa1,wQb2,bNg5","wQa1,wQb2,bNg5"
QQvNN,3,2,2,queen,knight,756,0,0,1,na,na,5,0,0,0,756,0,0,756,0,0,100.000000,0.000000,0.000000,100.000000,0.000000,0.000000,0,0,0,0,0,0,0.000000,0.000000,0.000000,0.000000,0.000000,0.000000,"wQa1,wQb1,bNc2,bNa3",
QQvNN,4,2,2,queen,knight,10920,8,0,1,0,1,9,0,5,0,10920,0,0,10920,0,0,100.000000,0.000000,0.000000,100.000000,0.000000,0.000000,8,0,0,8,0,0,100.000000,0.000000,0.000000,100.000000,0.000000,0.000000,"wQd2,wQa3,bNb1,bNc4","wQb1,wQc1,bNa4,bNd4"
QQvNN,5,2,2,queen,knight,75900,768,0,1,0,1,11,0,7,0,75900,0,0,75900,0,0,100.000000,0.000000,0.000000,100.000000,0.000000,0.000000,768,0,0,768,0,0,100.000000,0.000000,0.000000,100.000000,0.000000,0.000000,"wQa2,wQe2,bNc1,bNc3","wQa1,wQb1,bNe2,bNc4"
QQvNN,6,2,2,queen,knight,353430,10848,0,1,0,1,11,0,9,0,353430,0,0,353430,0,0,100.000000,0.000000,0.000000,100.000000,0.000000,0.000000,10848,0,0,10848,0,0,100.000000,0.000000,0.000000,100.000000,0.000000,0.000000,"wQa2,wQe2,bNc1,bNc3","wQa1,wQb1,bNf4,bNc5"
QQvNN,7,2,2,queen,knight,1271256,76784,0,1,0,1,13,0,9,0,1271256,0,0,1271256,0,0,100.000000,0.000000,0.000000,100.000000,0.000000,0.000000,76784,0,0,76784,0,0,100.000000,0.000000,0.000000,100.000000,0.000000,0.000000,"wQb2,wQf2,bNd1,bNd3","wQa1,wQb1,bNf2,bNe3"
QQvNN,8,2,2,queen,knight,3812256,365496,0,1,0,1,13,0,11,0,3812256,0,0,3812256,0,0,100.000000,0.000000,0.000000,100.000000,0.000000,0.000000,365496,0,0,365496,0,0,100.000000,0.000000,0.000000,100.000000,0.000000,0.000000,"wQa2,wQe2,bNc1,bNc3","wQa1,wQc1,bNh3,bNd5"
QQvNN,9,2,2,queen,knight,9982440,1338348,0,1,0,1,15,0,11,0,9982440,0,0,9982440,0,0,100.000000,0.000000,0.000000,100.000000,0.000000,0.000000,1338348,0,0,1338348,0,0,100.000000,0.000000,0.000000,100.000000,0.000000,0.000000,"wQa2,wQe2,bNc1,bNc3","wQa1,wQb1,bNh2,bNf3"
QQvNN,10,2,2,queen,knight,23527350,na,0,1,na,na,17,0,13,na,23527350,0,0,23527350,0,0,100.000000,0.000000,0.000000,100.000000,0.000000,0.000000,na,na,na,na,na,na,na,na,na,na,na,na,"wQb2,wQf2,bNd1,bNd3","wQj1,wQa10,bNd2,bNg6"
QQvNN,11,2,2,queen,knight,50972460,na,0,1,na,na,19,0,13,na,50972460,0,0,50972460,0,0,100.000000,0.000000,0.000000,100.000000,0.000000,0.000000,na,na,na,na,na,na,na,na,na,na,na,na,"wQd3,wQf3,bNe1,bNe5","wQa1,wQb1,bNi3,bNh5"
QQvNN,12,2,2,queen,knight,103073256,na,0,1,na,na,19,0,13,na,103073256,0,0,103073256,0,0,100.000000,0.000000,0.000000,100.000000,0.000000,0.000000,na,na,na,na,na,na,na,na,na,na,na,na,"wQd2,wQc3,bNb1,bNe4","wQa1,wQb1,bNk2,bNf4"
QQvQ,3,2,1,queen,queen,252,8,0,0,0,1,3,0,3,0,252,0,0,196,56,0,100.000000,0.000000,0.000000,77.777778,22.222222,0.000000,8,0,0,8,0,0,100.000000,0.000000,0.000000,100.000000,0.000000,0.000000,"wQa1,wQc1,bQb3","wQa1,wQc1,bQb3"
QQvQ,4,2,1,queen,queen,1680,204,0,0,0,1,5,0,5,0,1680,0,0,1136,544,0,100.000000,0.000000,0.000000,67.619048,32.380952,0.000000,204,0,0,204,0,0,100.000000,0.000000,0.000000,100.000000,0.000000,0.000000,"wQa1,wQb1,bQc4","wQa1,wQb1,bQc4"
QQvQ,5,2,1,queen,queen,6900,1444,0,0,0,1,7,0,7,0,6900,0,0,4292,2608,0,100.000000,0.000000,0.000000,62.202899,37.797101,0.000000,1444,0,0,1444,0,0,100.000000,0.000000,0.000000,100.000000,0.000000,0.000000,"wQb1,wQd1,bQc3","wQb1,wQd1,bQc3"
QQvQ,6,2,1,queen,queen,21420,6116,0,0,0,0,1,0,0,0,15304,6116,0,0,21420,0,71.447246,28.552754,0.000000,0.000000,100.000000,0.000000,0,6116,0,0,6116,0,0.000000,100.000000,0.000000,0.000000,100.000000,0.000000,"wQa1,wQb1,bQc1",
QQvQ,7,2,1,queen,queen,55272,19364,0,0,0,0,1,0,0,0,35908,19364,0,0,55272,0,64.965986,35.034014,0.000000,0.000000,100.000000,0.000000,0,19364,0,0,19364,0,0.000000,100.000000,0.000000,0.000000,100.000000,0.000000,"wQa1,wQb1,bQc1",
QQvQ,8,2,1,queen,queen,124992,50664,0,0,0,0,1,0,0,0,74328,50664,0,0,124992,0,59.466206,40.533794,0.000000,0.000000,100.000000,0.000000,0,50664,0,0,50664,0,0.000000,100.000000,0.000000,0.000000,100.000000,0.000000,"wQa1,wQb1,bQc1",
QQvQ,9,2,1,queen,queen,255960,115768,0,0,0,0,1,0,0,0,140192,115768,0,0,255960,0,54.771058,45.228942,0.000000,0.000000,100.000000,0.000000,0,115768,0,0,115768,0,0.000000,100.000000,0.000000,0.000000,100.000000,0.000000,"wQa1,wQb1,bQc1",
QQvQ,10,2,1,queen,queen,485100,na,0,0,na,na,1,0,0,na,246100,239000,0,0,485100,0,50.731808,49.268192,0.000000,0.000000,100.000000,0.000000,na,na,na,na,na,na,na,na,na,na,na,na,"wQa1,wQb1,bQc1",
QQvQ,11,2,1,queen,queen,863940,na,0,0,na,na,1,0,0,na,408020,455920,0,0,863940,0,47.227817,52.772183,0.000000,0.000000,100.000000,0.000000,na,na,na,na,na,na,na,na,na,na,na,na,"wQa1,wQb1,bQc1",
QQvQ,12,2,1,queen,queen,1462032,na,0,0,na,na,1,0,0,na,645692,816340,0,0,1462032,0,44.164013,55.835987,0.000000,0.000000,100.000000,0.000000,na,na,na,na,na,na,na,na,na,na,na,na,"wQa1,wQb1,bQc1",
QQvQ,3,2,1,queen+queen,queen,504,16,0,0,0,1,3,0,3,na,504,0,0,392,112,0,100.000000,0.000000,0.000000,77.777778,22.222222,0.000000,16,0,0,16,0,0,100.000000,0.000000,0.000000,100.000000,0.000000,0.000000,"wQa1,wQc1,bQb3","wQa1,wQc1,bQb3"
QQvQ,4,2,1,queen+queen,queen,3360,408,0,0,0,1,5,0,5,na,3360,0,0,2272,1088,0,100.000000,0.000000,0.000000,67.619048,32.380952,0.000000,408,0,0,408,0,0,100.000000,0.000000,0.000000,100.000000,0.000000,0.000000,"wQa1,wQb1,bQc4","wQa1,wQb1,bQc4"
QQvQ,5,2,1,queen+queen,queen,13800,2888,0,0,0,1,7,0,7,na,13800,0,0,8584,5216,0,100.000000,0.000000,0.000000,62.202899,37.797101,0.000000,2888,0,0,2888,0,0,100.000000,0.000000,0.000000,100.000000,0.000000,0.000000,"wQb1,wQd1,bQc3","wQb1,wQd1,bQc3"
QQvQ,6,2,1,queen+queen,queen,42840,12232,0,0,0,0,1,0,0,na,30608,12232,0,0,42840,0,71.447246,28.552754,0.000000,0.000000,100.000000,0.000000,0,12232,0,0,12232,0,0.000000,100.000000,0.000000,0.000000,100.000000,0.000000,"wQa1,wQb1,bQc1",
QQvQ,7,2,1,queen+queen,queen,110544,38728,0,0,0,0,1,0,0,na,71816,38728,0,0,110544,0,64.965986,35.034014,0.000000,0.000000,100.000000,0.000000,0,38728,0,0,38728,0,0.000000,100.000000,0.000000,0.000000,100.000000,0.000000,"wQa1,wQb1,bQc1",
QQvQ,8,2,1,queen+queen,queen,249984,101328,0,0,0,0,1,0,0,na,148656,101328,0,0,249984,0,59.466206,40.533794,0.000000,0.000000,100.000000,0.000000,0,101328,0,0,101328,0,0.000000,100.000000,0.000000,0.000000,100.000000,0.000000,"wQa1,wQb1,bQc1",
QQvQ,9,2,1,queen+queen,queen,511920,231536,0,0,0,0,1,0,0,na,280384,231536,0,0,511920,0,54.771058,45.228942,0.000000,0.000000,100.000000,0.000000,0,231536,0,0,231536,0,0.000000,100.000000,0.000000,0.000000,100.000000,0.000000,"wQa1,wQb1,bQc1",
QQvQ,10,2,1,queen+queen,queen,970200,478000,0,0,0,0,1,0,0,na,492200,478000,0,0,970200,0,50.731808,49.268192,0.000000,0.000000,100.000000,0.000000,0,478000,0,0,478000,0,0.000000,100.000000,0.000000,0.000000,100.000000,0.000000,"wQa1,wQb1,bQc1",
QQvQ,11,2,1,queen+queen,queen,1727880,911840,0,0,0,0,1,0,0,na,816040,911840,0,0,1727880,0,47.227817,52.772183,0.000000,0.000000,100.000000,0.000000,0,911840,0,0,911840,0,0.000000,100.000000,0.000000,0.000000,100.000000,0.000000,"wQa1,wQb1,bQc1",
QQvQ,12,2,1,queen+queen,queen,2924064,1632680,0,0,0,0,1,0,0,na,1291384,1632680,0,0,2924064,0,44.164013,55.835987,0.000000,0.000000,100.000000,0.000000,0,1632680,0,0,1632680,0,0.000000,100.000000,0.000000,0.000000,100.000000,0.000000,"wQa1,wQb1,bQc1",
QQvQQ,3,2,2,queen,queen,756,0,0,0,na,na,5,5,0,0,644,112,0,0,112,644,85.185185,14.814815,0.000000,0.000000,14.814815,85.185185,0,0,0,0,0,0,0.000000,0.000000,0.000000,0.000000,0.000000,0.000000,"wQa1,wQb1,bQc1,bQc2",
QQvQQ,4,2,2,queen,queen,10920,112,0,0,0,0,7,7,0,0,7824,3094,2,2,3094,7824,71.648352,28.333333,0.018315,0.018315,28.333333,71.648352,0,110,2,2,110,0,0.000000,98.214286,1.785714,1.785714,98.214286,0.000000,"wQa1,wQb1,bQa2,bQc2",
QQvQQ,5,2,2,queen,queen,75900,3004,0,0,0,0,9,9,9,9,47736,28162,2,2,28162,47736,62.893281,37.104084,0.002635,0.002635,37.104084,62.893281,8,2994,2,2,2994,8,0.266312,99.667111,0.066578,0.066578,99.667111,0.266312,"wQa1,wQb1,bQd2,bQa4","wQd2,wQb3,bQa1,bQe5"
QQvQQ,6,2,2,queen,queen,353430,27464,0,0,0,0,0,0,0,0,0,353430,0,0,353430,0,0.000000,100.000000,0.000000,0.000000,100.000000,0.000000,0,27464,0,0,27464,0,0.000000,100.000000,0.000000,0.000000,100.000000,0.000000,,
QQvQQ,7,2,2,queen,queen,1271256,152332,0,0,0,0,0,0,0,0,0,1271256,0,0,1271256,0,0.000000,100.000000,0.000000,0.000000,100.000000,0.000000,0,152332,0,0,152332,0,0.000000,100.000000,0.000000,0.000000,100.000000,0.000000,,
QQvQQ,8,2,2,queen,queen,3812256,617632,0,0,0,0,0,0,0,0,0,3812256,0,0,3812256,0,0.000000,100.000000,0.000000,0.000000,100.000000,0.000000,0,617632,0,0,617632,0,0.000000,100.000000,0.000000,0.000000,100.000000,0.000000,,
QQvQQ,9,2,2,queen,queen,9982440,2024680,0,0,0,0,0,0,0,0,0,9982440,0,0,9982440,0,0.000000,100.000000,0.000000,0.000000,100.000000,0.000000,0,2024680,0,0,2024680,0,0.000000,100.000000,0.000000,0.000000,100.000000,0.000000,,
QQvQQ,10,2,2,queen,queen,23527350,na,0,0,na,na,0,0,0,na,0,23527350,0,0,23527350,0,0.000000,100.000000,0.000000,0.000000,100.000000,0.000000,na,na,na,na,na,na,na,na,na,na,na,na,,
QQvQQ,11,2,2,queen,queen,50972460,na,0,0,na,na,0,0,0,na,0,50972460,0,0,50972460,0,0.000000,100.000000,0.000000,0.000000,100.000000,0.000000,na,na,na,na,na,na,na,na,na,na,na,na,,
QQvQQ,12,2,2,queen,queen,103073256,na,0,0,na,na,0,0,0,na,0,103073256,0,0,103073256,0,0.000000,100.000000,0.000000,0.000000,100.000000,0.000000,na,na,na,na,na,na,na,na,na,na,na,na,,
QQvR,3,2,1,queen,rook,252,8,0,1,0,1,3,0,3,0,252,0,0,252,0,0,100.000000,0.000000,0.000000,100.000000,0.000000,0.000000,8,0,0,8,0,0,100.000000,0.000000,0.000000,100.000000,0.000000,0.000000,"wQa1,wQc1,bRb3","wQa1,wQc1,bRb3"
QQvR,4,2,1,queen,rook,1680,204,0,0,0,1,3,0,3,0,1680,0,0,1240,440,0,100.000000,0.000000,0.000000,73.809524,26.190476,0.000000,204,0,0,204,0,0,100.000000,0.000000,0.000000,100.000000,0.000000,0.000000,"wQa1,wQb1,bRd2","wQa1,wQb1,bRd2"
QQvR,5,2,1,queen,rook,6900,1444,0,0,0,1,5,0,5,0,6900,0,0,4940,1960,0,100.000000,0.000000,0.000000,71.594203,28.405797,0.000000,1444,0,0,1444,0,0,100.000000,0.000000,0.000000,100.000000,0.000000,0.000000,"wQa1,wQb1,bRc4","wQa1,wQb1,bRc4"
QQvR,6,2,1,queen,rook,21420,6116,0,0,0,1,11,0,11,0,21420,0,0,15300,6120,0,100.000000,0.000000,0.000000,71.428571,28.571429,0.000000,6116,0,0,6116,0,0,100.000000,0.000000,0.000000,100.000000,0.000000,0.000000,"wQb1,wQe1,bRc6","wQb1,wQe1,bRc6"
QQvR,7,2,1,queen,rook,55272,19364,0,0,0,0,1,0,0,0,35908,19364,0,364,54908,0,64.965986,35.034014,0.000000,0.658561,99.341439,0.000000,0,19364,0,0,19364,0,0.000000,100.000000,0.000000,0.000000,100.000000,0.000000,"wQa1,wQb1,bRc1",
QQvR,8,2,1,queen,rook,124992,50664,0,0,0,0,1,0,0,0,74328,50664,0,560,124432,0,59.466206,40.533794,0.000000,0.448029,99.551971,0.000000,0,50664,0,0,50664,0,0.000000,100.000000,0.000000,0.000000,100.000000,0.000000,"wQa1,wQb1,bRc1",
QQvR,9,2,1,queen,rook,255960,115768,0,0,0,0,1,0,0,0,140192,115768,0,816,255144,0,54.771058,45.228942,0.000000,0.318800,99.681200,0.000000,0,115768,0,0,115768,0,0.000000,100.000000,0.000000,0.000000,100.000000,0.000000,"wQa1,wQb1,bRc1",
QQvR,10,2,1,queen,rook,485100,na,0,0,na,na,1,0,0,na,246100,239000,0,1140,483960,0,50.731808,49.268192,0.000000,0.235003,99.764997,0.000000,na,na,na,na,na,na,na,na,na,na,na,na,"wQa1,wQb1,bRc1",
QQvR,11,2,1,queen,rook,863940,na,0,0,na,na,1,0,0,na,408020,455920,0,1540,862400,0,47.227817,52.772183,0.000000,0.178253,99.821747,0.000000,na,na,na,na,na,na,na,na,na,na,na,na,"wQa1,wQb1,bRc1",
QQvR,12,2,1,queen,rook,1462032,na,0,0,na,na,1,0,0,na,645692,816340,0,2024,1460008,0,44.164013,55.835987,0.000000,0.138437,99.861563,0.000000,na,na,na,na,na,na,na,na,na,na,na,na,"wQa1,wQb1,bRc1",
QQvR,3,2,1,queen+queen,rook,504,16,0,1,0,1,3,0,3,na,504,0,0,504,0,0,100.000000,0.000000,0.000000,100.000000,0.000000,0.000000,16,0,0,16,0,0,100.000000,0.000000,0.000000,100.000000,0.000000,0.000000,"wQa1,wQc1,bRb3","wQa1,wQc1,bRb3"
QQvR,4,2,1,queen+queen,rook,3360,408,0,0,0,1,3,0,3,na,3360,0,0,2480,880,0,100.000000,0.000000,0.000000,73.809524,26.190476,0.000000,408,0,0,408,0,0,100.000000,0.000000,0.000000,100.000000,0.000000,0.000000,"wQa1,wQb1,bRd2","wQa1,wQb1,bRd2"
QQvR,5,2,1,queen+queen,rook,13800,2888,0,0,0,1,5,0,5,na,13800,0,0,9880,3920,0,100.000000,0.000000,0.000000,71.594203,28.405797,0.000000,2888,0,0,2888,0,0,100.000000,0.000000,0.000000,100.000000,0.000000,0.000000,"wQa1,wQb1,bRc4","wQa1,wQb1,bRc4"
QQvR,6,2,1,queen+queen,rook,42840,12232,0,0,0,1,11,0,11,na,42840,0,0,30600,12240,0,100.000000,0.000000,0.000000,71.428571,28.571429,0.000000,12232,0,0,12232,0,0,100.000000,0.000000,0.000000,100.000000,0.000000,0.000000,"wQb1,wQe1,bRc6","wQb1,wQe1,bRc6"
QQvR,7,2,1,queen+queen,rook,110544,38728,0,0,0,0,1,0,0,na,71816,38728,0,728,109816,0,64.965986,35.034014,0.000000,0.658561,99.341439,0.000000,0,38728,0,0,38728,0,0.000000,100.000000,0.000000,0.000000,100.000000,0.000000,"wQa1,wQb1,bRc1",
QQvR,8,2,1,queen+queen,rook,249984,101328,0,0,0,0,1,0,0,na,148656,101328,0,1120,248864,0,59.466206,40.533794,0.000000,0.448029,99.551971,0.000000,0,101328,0,0,101328,0,0.000000,100.000000,0.000000,0.000000,100.000000,0.000000,"wQa1,wQb1,bRc1",
QQvR,9,2,1,queen+queen,rook,511920,231536,0,0,0,0,1,0,0,na,280384,231536,0,1632,510288,0,54.771058,45.228942,0.000000,0.318800,99.681200,0.000000,0,231536,0,0,231536,0,0.000000,100.000000,0.000000,0.000000,100.000000,0.000000,"wQa1,wQb1,bRc1",
QQvR,10,2,1,queen+queen,rook,970200,478000,0,0,0,0,1,0,0,na,492200,478000,0,2280,967920,0,50.731808,49.268192,0.000000,0.235003,99.764997,0.000000,0,478000,0,0,478000,0,0.000000,100.000000,0.000000,0.000000,100.000000,0.000000,"wQa1,wQb1,bRc1",
QQvR,11,2,1,queen+queen,rook,1727880,911840,0,0,0,0,1,0,0,na,816040,911840,0,3080,1724800,0,47.227817,52.772183,0.000000,0.178253,99.821747,0.000000,0,911840,0,0,911840,0,0.000000,100.000000,0.000000,0.000000,100.000000,0.000000,"wQa1,wQb1,bRc1",
QQvR,12,2,1,queen+queen,rook,2924064,1632680,0,0,0,0,1,0,0,na,1291384,1632680,0,4048,2920016,0,44.164013,55.835987,0.000000,0.138437,99.861563,0.000000,0,1632680,0,0,1632680,0,0.000000,100.000000,0.000000,0.000000,100.000000,0.000000,"wQa1,wQb1,bRc1",
QQvRR,3,2,2,queen,rook,756,0,0,0,na,na,5,7,0,0,756,0,0,418,114,224,100.000000,0.000000,0.000000,55.291005,15.079365,29.629630,0,0,0,0,0,0,0.000000,0.000000,0.000000,0.000000,0.000000,0.000000,"wQa1,wQb1,bRc1,bRa3",
QQvRR,4,2,2,queen,rook,10920,112,0,0,0,1,17,0,17,0,10280,640,0,1152,9768,0,94.139194,5.860806,0.000000,10.549451,89.450549,0.000000,112,0,0,112,0,0,100.000000,0.000000,0.000000,100.000000,0.000000,0.000000,"wQd1,wQa4,bRb2,bRc3","wQd1,wQa4,bRb2,bRc3"
QQvRR,5,2,2,queen,rook,75900,3004,0,0,0,0,9,0,9,0,56788,19112,0,164,75736,0,74.819499,25.180501,0.000000,0.216074,99.783926,0.000000,56,2948,0,4,3000,0,1.864181,98.135819,0.000000,0.133156,99.866844,0.000000,"wQa1,wQd1,bRc2,bRc3","wQa1,wQd1,bRe3,bRc5"
QQvRR,6,2,2,queen,rook,353430,27464,0,0,0,0,13,0,13,0,253450,99980,0,500,352930,0,71.711513,28.288487,0.000000,0.141471,99.858529,0.000000,332,27132,0,0,27464,0,1.208855,98.791145,0.000000,0.000000,100.000000,0.000000,"wQa1,wQb1,bRc2,bRa5","wQa1,wQd1,bRe3,bRc5"
QQvRR,7,2,2,queen,rook,1271256,152332,0,0,0,0,3,0,0,0,9948,1261308,0,0,1271256,0,0.782533,99.217467,0.000000,0.000000,100.000000,0.000000,0,152332,0,0,152332,0,0.000000,100.000000,0.000000,0.000000,100.000000,0.000000,"wQa1,wQb1,bRa2,bRb2",
QQvRR,8,2,2,queen,rook,3812256,617632,0,0,0,0,3,0,0,0,18368,3793888,0,0,3812256,0,0.481814,99.518186,0.000000,0.000000,100.000000,0.000000,0,617632,0,0,617632,0,0.000000,100.000000,0.000000,0.000000,100.000000,0.000000,"wQa1,wQb1,bRa2,bRb2",
QQvRR,9,2,2,queen,rook,9982440,2024680,0,0,0,0,3,0,0,0,31216,9951224,0,0,9982440,0,0.312709,99.687291,0.000000,0.000000,100.000000,0.000000,0,2024680,0,0,2024680,0,0.000000,100.000000,0.000000,0.000000,100.000000,0.000000,"wQa1,wQb1,bRa2,bRb2",
QQvRR,10,2,2,queen,rook,23527350,na,0,0,na,na,3,0,0,na,49860,23477490,0,0,23527350,0,0.211924,99.788076,0.000000,0.000000,100.000000,0.000000,na,na,na,na,na,na,na,na,na,na,na,na,"wQa1,wQb1,bRa2,bRb2",
QQvRR,11,2,2,queen,rook,50972460,na,0,0,na,na,3,0,0,na,75780,50896680,0,0,50972460,0,0.148669,99.851331,0.000000,0.000000,100.000000,0.000000,na,na,na,na,na,na,na,na,na,na,na,na,"wQa1,wQb1,bRa2,bRb2",
QQvRR,12,2,2,queen,rook,103073256,na,0,0,na,na,3,0,0,na,110704,102962552,0,0,103073256,0,0.107403,99.892597,0.000000,0.000000,100.000000,0.000000,na,na,na,na,na,na,na,na,na,na,na,na,"wQa1,wQb1,bRa2,bRb2",
QRvB,3,2,1,queen+rook,bishop,504,16,0,0,0,1,3,0,3,na,504,0,0,476,28,0,100.000000,0.000000,0.000000,94.444444,5.555556,0.000000,16,0,0,16,0,0,100.000000,0.000000,0.000000,100.000000,0.000000,0.000000,"wQa1,wRb1,bBc2","wQa1,wRc1,bBb3"
QRvB,4,2,1,queen+rook,bishop,3360,408,0,0,0,1,5,0,3,na,3360,0,0,3120,240,0,100.000000,0.000000,0.000000,92.857143,7.142857,0.000000,408,0,0,408,0,0,100.000000,0.000000,0.000000,100.000000,0.000000,0.000000,"wQa1,wRb1,bBc2","wQa1,wRb1,bBd2"
QRvB,5,2,1,queen+rook,bishop,13800,2888,0,0,0,1,5,0,5,na,13800,0,0,11624,2176,0,100.000000,0.000000,0.000000,84.231884,15.768116,0.000000,2888,0,0,2888,0,0,100.000000,0.000000,0.000000,100.000000,0.000000,0.000000,"wQa1,wRb1,bBc2","wQa1,wRb1,bBc4"
QRvB,6,2,1,queen+rook,bishop,42840,12232,0,0,0,1,7,0,7,na,42840,0,0,34040,8800,0,100.000000,0.000000,0.000000,79.458450,20.541550,0.000000,12232,0,0,12232,0,0,100.000000,0.000000,0.000000,100.000000,0.000000,0.000000,"wQa1,wRb1,bBc2","wQa1,wRb1,bBf3"
QRvB,7,2,1,queen+rook,bishop,110544,38728,0,0,0,1,9,0,9,na,110544,0,0,88768,21776,0,100.000000,0.000000,0.000000,80.301057,19.698943,0.000000,38728,0,0,38728,0,0,100.000000,0.000000,0.000000,100.000000,0.000000,0.000000,"wQa1,wRb1,bBc2","wQa1,wRb1,bBf3"
QRvB,8,2,1,queen+rook,bishop,249984,101328,0,0,0,1,13,0,13,na,249984,0,0,203168,46816,0,100.000000,0.000000,0.000000,81.272401,18.727599,0.000000,101328,0,0,101328,0,0,100.000000,0.000000,0.000000,100.000000,0.000000,0.000000,"wQa1,wRb1,bBc2","wQa1,wRb1,bBe2"
QRvB,9,2,1,queen+rook,bishop,511920,231536,0,0,0,1,21,0,21,na,511920,0,0,421024,90896,0,100.000000,0.000000,0.000000,82.244101,17.755899,0.000000,231536,0,0,231536,0,0,100.000000,0.000000,0.000000,100.000000,0.000000,0.000000,"wQb1,wRa1,bBc3","wQb1,wRa1,bBc5"
QRvB,10,2,1,queen+rook,bishop,970200,478000,0,0,0,0,13,0,13,na,450320,519880,0,3612,966588,0,46.415172,53.584828,0.000000,0.372294,99.627706,0.000000,28600,449400,0,0,478000,0,5.983264,94.016736,0.000000,0.000000,100.000000,0.000000,"wQc1,wRg1,bBi3","wQc1,wRg2,bBi3"
QRvB,11,2,1,queen+rook,bishop,1727880,911840,0,0,0,0,13,0,13,na,729036,998844,0,4012,1723868,0,42.192513,57.807487,0.000000,0.232192,99.767808,0.000000,36848,874992,0,0,911840,0,4.041060,95.958940,0.000000,0.000000,100.000000,0.000000,"wQc1,wRa8,bBb9","wQd1,wRh2,bBj3"
QRvB,12,2,1,queen+rook,bishop,2924064,1632680,0,0,0,0,13,0,13,na,1133556,1790508,0,4420,2919644,0,38.766457,61.233543,0.000000,0.151159,99.848841,0.000000,46472,1586208,0,0,1632680,0,2.846363,97.153637,0.000000,0.000000,100.000000,0.000000,"wQc1,wRa9,bBb10","wQd1,wRd11,bBb10"
QRvK,3,2,1,queen+rook,king,504,24,0,0,0,1,3,7,3,na,504,0,0,360,0,144,100.000000,0.000000,0.000000,71.428571,0.000000,28.571429,24,0,0,24,0,0,100.000000,0.000000,0.000000,100.000000,0.000000,0.000000,"wQa1,wRb1,bKc2","wQa1,wRc1,bKb3"
QRvK,4,2,1,queen+rook,king,3360,524,0,0,0,1,5,0,5,na,3360,0,0,2640,720,0,100.000000,0.000000,0.000000,78.571429,21.428571,0.000000,524,0,0,524,0,0,100.000000,0.000000,0.000000,100.000000,0.000000,0.000000,"wQa1,wRb1,bKc2","wQa1,wRb1,bKd2"
QRvK,5,2,1,queen+rook,king,13800,3536,0,0,0,1,7,0,7,na,13800,0,0,11560,2240,0,100.000000,0.000000,0.000000,83.768116,16.231884,0.000000,3536,0,0,3536,0,0,100.000000,0.000000,0.000000,100.000000,0.000000,0.000000,"wQa1,wRb1,bKc2","wQa1,wRb1,bKd2"
QRvK,6,2,1,queen+rook,king,42840,14560,0,0,0,1,9,0,9,na,42840,0,0,37440,5400,0,100.000000,0.000000,0.000000,87.394958,12.605042,0.000000,14560,0,0,14560,0,0,100.000000,0.000000,0.000000,100.000000,0.000000,0.000000,"wQa1,wRb1,bKd3","wQa1,wRb1,bKd3"
QRvK,7,2,1,queen+rook,king,110544,45160,0,0,0,1,11,0,11,na,110544,0,0,99456,11088,0,100.000000,0.000000,0.000000,89.969605,10.030395,0.000000,45160,0,0,45160,0,0,100.000000,0.000000,0.000000,100.000000,0.000000,0.000000,"wQa1,wRb2,bKc3","wQb1,wRf1,bKd4"
QRvK,8,2,1,queen+rook,king,249984,116284,0,0,0,1,11,0,11,na,249984,0,0,229600,20384,0,100.000000,0.000000,0.000000,91.845878,8.154122,0.000000,116284,0,0,116284,0,0,100.000000,0.000000,0.000000,100.000000,0.000000,0.000000,"wQa1,wRb1,bKe4","wQa1,wRb1,bKe4"
QRvK,9,2,1,queen+rook,king,511920,262304,0,0,0,1,13,0,13,na,511920,0,0,477360,34560,0,100.000000,0.000000,0.000000,93.248945,6.751055,0.000000,262304,0,0,262304,0,0,100.000000,0.000000,0.000000,100.000000,0.000000,0.000000,"wQa1,wRg2,bKf3","wQa1,wRg6,bKd5"
QRvK,10,2,1,queen+rook,king,970200,535776,0,0,0,1,15,0,13,na,970200,0,0,915120,55080,0,100.000000,0.000000,0.000000,94.322820,5.677180,0.000000,535776,0,0,535776,0,0,100.000000,0.000000,0.000000,100.000000,0.000000,0.000000,"wQa1,wRd4,bKe5","wQa1,wRb1,bKf5"
QRvK,11,2,1,queen+rook,king,1727880,1012920,0,0,0,1,15,0,15,na,1727880,0,0,1644280,83600,0,100.000000,0.000000,0.000000,95.161701,4.838299,0.000000,1012920,0,0,1012920,0,0,100.000000,0.000000,0.000000,100.000000,0.000000,0.000000,"wQa1,wRe1,bKf7","wQa1,wRe1,bKf7"
QRvK,12,2,1,queen+rook,king,2924064,1799820,0,0,0,1,17,0,15,na,2924064,0,0,2802096,121968,0,100.000000,0.000000,0.000000,95.828819,4.171181,0.000000,1799820,0,0,1799820,0,0,100.000000,0.000000,0.000000,100.000000,0.000000,0.000000,"wQa1,wRe5,bKf6","wQa1,wRb1,bKg6"
QRvN,3,2,1,queen+rook,knight,504,4,0,0,0,1,3,0,3,na,504,0,0,448,56,0,100.000000,0.000000,0.000000,88.888889,11.111111,0.000000,4,0,0,4,0,0,100.000000,0.000000,0.000000,100.000000,0.000000,0.000000,"wQa1,wRb1,bNc2","wQa1,wRb2,bNc3"
QRvN,4,2,1,queen+rook,knight,3360,240,0,1,0,1,3,0,3,na,3360,0,0,3360,0,0,100.000000,0.000000,0.000000,100.000000,0.000000,0.000000,240,0,0,240,0,0,100.000000,0.000000,0.000000,100.000000,0.000000,0.000000,"wQa1,wRb1,bNc2","wQa1,wRb1,bNd3"
QRvN,5,2,1,queen+rook,knight,13800,2224,0,1,0,1,5,0,5,na,13800,0,0,13800,0,0,100.000000,0.000000,0.000000,100.000000,0.000000,0.000000,2224,0,0,2224,0,0,100.000000,0.000000,0.000000,100.000000,0.000000,0.000000,"wQa1,wRc1,bNb4","wQa1,wRc1,bNb4"
QRvN,6,2,1,queen+rook,knight,42840,10560,0,1,0,1,7,0,7,na,42840,0,0,42840,0,0,100.000000,0.000000,0.000000,100.000000,0.000000,0.000000,10560,0,0,10560,0,0,100.000000,0.000000,0.000000,100.000000,0.000000,0.000000,"wQa1,wRb2,bNe5","wQa1,wRb2,bNe5"
QRvN,7,2,1,queen+rook,knight,110544,35652,0,0,0,1,7,0,7,na,110544,0,0,103168,7376,0,100.000000,0.000000,0.000000,93.327544,6.672456,0.000000,35652,0,0,35652,0,0,100.000000,0.000000,0.000000,100.000000,0.000000,0.000000,"wQa1,wRb2,bNd3","wQa1,wRb2,bNe3"
QRvN,8,2,1,queen+rook,knight,249984,97000,0,0,0,1,7,0,7,na,249984,0,0,234464,15520,0,100.000000,0.000000,0.000000,93.791603,6.208397,0.000000,97000,0,0,97000,0,0,100.000000,0.000000,0.000000,100.000000,0.000000,0.000000,"wQa1,wRb1,bNe3","wQa1,wRb1,bNe3"
QRvN,9,2,1,queen+rook,knight,511920,227240,0,0,0,1,9,0,9,na,511920,0,0,484416,27504,0,100.000000,0.000000,0.000000,94.627286,5.372714,0.000000,227240,0,0,227240,0,0,100.000000,0.000000,0.000000,100.000000,0.000000,0.000000,"wQa1,wRb1,bNf5","wQa1,wRb1,bNf5"
QRvN,10,2,1,queen+rook,knight,970200,476904,0,0,0,1,9,0,9,na,970200,0,0,924952,45248,0,100.000000,0.000000,0.000000,95.336219,4.663781,0.000000,476904,0,0,476904,0,0,100.000000,0.000000,0.000000,100.000000,0.000000,0.000000,"wQa1,wRb1,bNg4","wQa1,wRb1,bNg4"
QRvN,11,2,1,queen+rook,knight,1727880,919900,0,0,0,1,11,0,11,na,1727880,0,0,1657544,70336,0,100.000000,0.000000,0.000000,95.929347,4.070653,0.000000,919900,0,0,919900,0,0,100.000000,0.000000,0.000000,100.000000,0.000000,0.000000,"wQa1,wRb1,bNh6","wQa1,wRb1,bNh6"
QRvN,12,2,1,queen+rook,knight,2924064,1659712,0,0,0,1,11,0,11,na,2924064,0,0,2819520,104544,0,100.000000,0.000000,0.000000,96.424702,3.575298,0.000000,1659712,0,0,1659712,0,0,100.000000,0.000000,0.000000,100.000000,0.000000,0.000000,"wQa1,wRb1,bNf4","wQa1,wRb1,bNf4"
QRvQ,3,2,1,queen+rook,queen,504,16,0,0,0,1,5,5,3,na,504,0,0,288,16,200,100.000000,0.000000,0.000000,57.142857,3.174603,39.682540,16,0,0,16,0,0,100.000000,0.000000,0.000000,100.000000,0.000000,0.000000,"wQa1,wRb2,bQc3","wQa1,wRc1,bQb3"
QRvQ,4,2,1,queen+rook,queen,3360,408,0,0,0,1,9,0,7,na,3360,0,0,1808,1552,0,100.000000,0.000000,0.000000,53.809524,46.190476,0.000000,408,0,0,408,0,0,100.000000,0.000000,0.000000,100.000000,0.000000,0.000000,"wQa1,wRb2,bQc3","wQa1,wRd1,bQb4"
QRvQ,5,2,1,queen+rook,queen,13800,2888,0,0,0,0,1,0,0,na,9520,4280,0,0,13800,0,68.985507,31.014493,0.000000,0.000000,100.000000,0.000000,0,2888,0,0,2888,0,0.000000,100.000000,0.000000,0.000000,100.000000,0.000000,"wQa1,wRb1,bQc1",
QRvQ,6,2,1,queen+rook,queen,42840,12232,0,0,0,0,1,0,0,na,26320,16520,0,0,42840,0,61.437908,38.562092,0.000000,0.000000,100.000000,0.000000,0,12232,0,0,12232,0,0.000000,100.000000,0.000000,0.000000,100.000000,0.000000,"wQa1,wRb1,bQc1",
QRvQ,7,2,1,queen+rook,queen,110544,38728,0,0,0,0,1,0,0,na,61124,49420,0,0,110544,0,55.293820,44.706180,0.000000,0.000000,100.000000,0.000000,0,38728,0,0,38728,0,0.000000,100.000000,0.000000,0.000000,100.000000,0.000000,"wQa1,wRb1,bQc1",
QRvQ,8,2,1,queen+rook,queen,249984,101328,0,0,0,0,1,0,0,na,125552,124432,0,0,249984,0,50.224014,49.775986,0.000000,0.000000,100.000000,0.000000,0,101328,0,0,101328,0,0.000000,100.000000,0.000000,0.000000,100.000000,0.000000,"wQa1,wRb1,bQc1",
QRvQ,9,2,1,queen+rook,queen,511920,231536,0,0,0,0,1,0,0,na,235392,276528,0,0,511920,0,45.982185,54.017815,0.000000,0.000000,100.000000,0.000000,0,231536,0,0,231536,0,0.000000,100.000000,0.000000,0.000000,100.000000,0.000000,"wQa1,wRb1,bQc1",
QRvQ,10,2,1,queen+rook,queen,970200,478000,0,0,0,0,1,0,0,na,411240,558960,0,0,970200,0,42.387137,57.612863,0.000000,0.000000,100.000000,0.000000,0,478000,0,0,478000,0,0.000000,100.000000,0.000000,0.000000,100.000000,0.000000,"wQa1,wRb1,bQc1",
QRvQ,11,2,1,queen+rook,queen,1727880,911840,0,0,0,0,1,0,0,na,679140,1048740,0,0,1727880,0,39.304813,60.695187,0.000000,0.000000,100.000000,0.000000,0,911840,0,0,911840,0,0.000000,100.000000,0.000000,0.000000,100.000000,0.000000,"wQa1,wRb1,bQc1",
QRvQ,12,2,1,queen+rook,queen,2924064,1632680,0,0,0,0,1,0,0,na,1071224,1852840,0,0,2924064,0,36.634766,63.365234,0.000000,0.000000,100.000000,0.000000,0,1632680,0,0,1632680,0,0.000000,100.000000,0.000000,0.000000,100.000000,0.000000,"wQa1,wRb1,bQc1",
QRvR,3,2,1,queen+rook,rook,504,52,0,0,0,1,5,0,5,na,504,0,0,360,144,0,100.000000,0.000000,0.000000,71.428571,28.571429,0.000000,52,0,0,52,0,0,100.000000,0.000000,0.000000,100.000000,0.000000,0.000000,"wQa1,wRb2,bRc3","wQa1,wRb2,bRc3"
QRvR,4,2,1,queen+rook,rook,3360,728,0,0,0,1,7,0,7,na,3360,0,0,2144,1216,0,100.000000,0.000000,0.000000,63.809524,36.190476,0.000000,728,0,0,728,0,0,100.000000,0.000000,0.000000,100.000000,0.000000,0.000000,"wQa1,wRb2,bRd4","wQa1,wRb2,bRd4"
QRvR,5,2,1,queen+rook,rook,13800,4280,0,0,0,1,11,0,11,na,13800,0,0,8920,4880,0,100.000000,0.000000,0.000000,64.637681,35.362319,0.000000,4280,0,0,4280,0,0,100.000000,0.000000,0.000000,100.000000,0.000000,0.000000,"wQa1,wRb2,bRc3","wQa1,wRb2,bRc3"
QRvR,6,2,1,queen+rook,rook,42840,16520,0,0,0,0,1,0,0,na,26320,16520,0,0,42840,0,61.437908,38.562092,0.000000,0.000000,100.000000,0.000000,0,16520,0,0,16520,0,0.000000,100.000000,0.000000,0.000000,100.000000,0.000000,"wQa1,wRb1,bRc1",
QRvR,7,2,1,queen+rook,rook,110544,49420,0,0,0,0,1,0,0,na,61124,49420,0,0,110544,0,55.293820,44.706180,0.000000,0.000000,100.000000,0.000000,0,49420,0,0,49420,0,0.000000,100.000000,0.000000,0.000000,100.000000,0.000000,"wQa1,wRb1,bRc1",
QRvR,8,2,1,queen+rook,rook,249984,124432,0,0,0,0,1,0,0,na,125552,124432,0,0,249984,0,50.224014,49.775986,0.000000,0.000000,100.000000,0.000000,0,124432,0,0,124432,0,0.000000,100.000000,0.000000,0.000000,100.000000,0.000000,"wQa1,wRb1,bRc1",
QRvR,9,2,1,queen+rook,rook,511920,276528,0,0,0,0,1,0,0,na,235392,276528,0,0,511920,0,45.982185,54.017815,0.000000,0.000000,100.000000,0.000000,0,276528,0,0,276528,0,0.000000,100.000000,0.000000,0.000000,100.000000,0.000000,"wQa1,wRb1,bRc1",
QRvR,10,2,1,queen+rook,rook,970200,558960,0,0,0,0,1,0,0,na,411240,558960,0,0,970200,0,42.387137,57.612863,0.000000,0.000000,100.000000,0.000000,0,558960,0,0,558960,0,0.000000,100.000000,0.000000,0.000000,100.000000,0.000000,"wQa1,wRb1,bRc1",
QRvR,11,2,1,queen+rook,rook,1727880,1048740,0,0,0,0,1,0,0,na,679140,1048740,0,0,1727880,0,39.304813,60.695187,0.000000,0.000000,100.000000,0.000000,0,1048740,0,0,1048740,0,0.000000,100.000000,0.000000,0.000000,100.000000,0.000000,"wQa1,wRb1,bRc1",
QRvR,12,2,1,queen+rook,rook,2924064,1852840,0,0,0,0,1,0,0,na,1071224,1852840,0,0,2924064,0,36.634766,63.365234,0.000000,0.000000,100.000000,0.000000,0,1852840,0,0,1852840,0,0.000000,100.000000,0.000000,0.000000,100.000000,0.000000,"wQa1,wRb1,bRc1",
QvB,3,1,1,queen,bishop,72,16,0,0,0,1,3,1,3,0,72,0,0,52,0,20,100.000000,0.000000,0.000000,72.222222,0.000000,27.777778,16,0,0,16,0,0,100.000000,0.000000,0.000000,100.000000,0.000000,0.000000,"wQa1,bBc2","wQa1,bBc2"
QvB,4,1,1,queen,bishop,240,88,0,0,0,1,5,1,5,0,240,0,0,184,0,56,100.000000,0.000000,0.000000,76.666667,0.000000,23.333333,88,0,0,88,0,0,100.000000,0.000000,0.000000,100.000000,0.000000,0.000000,"wQa1,bBc2","wQa1,bBc2"
QvB,5,1,1,queen,bishop,600,280,0,0,0,0,5,1,5,0,504,96,0,256,224,120,84.000000,16.000000,0.000000,42.666667,37.333333,20.000000,184,96,0,152,128,0,65.714286,34.285714,0.000000,54.285714,45.714286,0.000000,"wQa1,bBc2","wQa1,bBc2"
QvB,6,1,1,queen,bishop,1260,680,0,0,0,0,1,1,0,0,580,680,0,0,1040,220,46.031746,53.968254,0.000000,0.000000,82.539683,17.460317,0,680,0,0,680,0,0.000000,100.000000,0.000000,0.000000,100.000000,0.000000,"wQa1,bBb1",
QvB,7,1,1,queen,bishop,2352,1400,0,0,0,0,1,1,0,0,952,1400,0,0,1988,364,40.476190,59.523810,0.000000,0.000000,84.523810,15.476190,0,1400,0,0,1400,0,0.000000,100.000000,0.000000,0.000000,100.000000,0.000000,"wQa1,bBb1",
QvB,8,1,1,queen,bishop,4032,2576,0,0,0,0,1,1,0,0,1456,2576,0,0,3472,560,36.111111,63.888889,0.000000,0.000000,86.111111,13.888889,0,2576,0,0,2576,0,0.000000,100.000000,0.000000,0.000000,100.000000,0.000000,"wQa1,bBb1",
QvB,9,1,1,queen,bishop,6480,4368,0,0,0,0,1,1,0,0,2112,4368,0,0,5664,816,32.592593,67.407407,0.000000,0.000000,87.407407,12.592593,0,4368,0,0,4368,0,0.000000,100.000000,0.000000,0.000000,100.000000,0.000000,"wQa1,bBb1",
QvB,10,1,1,queen,bishop,9900,na,0,0,na,na,1,1,0,na,2940,6960,0,0,8760,1140,29.696970,70.303030,0.000000,0.000000,88.484848,11.515152,na,na,na,na,na,na,na,na,na,na,na,na,"wQa1,bBb1",
QvB,11,1,1,queen,bishop,14520,na,0,0,na,na,1,1,0,na,3960,10560,0,0,12980,1540,27.272727,72.727273,0.000000,0.000000,89.393939,10.606061,na,na,na,na,na,na,na,na,na,na,na,na,"wQa1,bBb1",
QvB,12,1,1,queen,bishop,20592,na,0,0,na,na,1,1,0,na,5192,15400,0,0,18568,2024,25.213675,74.786325,0.000000,0.000000,90.170940,9.829060,na,na,na,na,na,na,na,na,na,na,na,na,"wQa1,bBb1",
QvBB,3,1,2,queen,bishop,252,8,0,0,0,0,5,1,5,0,206,46,0,82,44,126,81.746032,18.253968,0.000000,32.539683,17.460317,50.000000,4,4,0,4,4,0,50.000000,50.000000,0.000000,50.000000,50.000000,0.000000,"wQa1,bBb1,bBc1","wQa1,bBc2,bBb3"
QvBB,4,1,2,queen,bishop,1680,204,0,0,0,0,11,1,11,0,1280,400,0,468,504,708,76.190476,23.809524,0.000000,27.857143,30.000000,42.142857,104,100,0,100,104,0,50.980392,49.019608,0.000000,49.019608,50.980392,0.000000,"wQb1,bBc3,bBa4","wQb1,bBc3,bBa4"
QvBB,5,1,2,queen,bishop,6900,1444,0,0,0,0,11,1,11,0,3266,3634,0,164,4220,2516,47.333333,52.666667,0.000000,2.376812,61.159420,36.463768,212,1232,0,48,1396,0,14.681440,85.318560,0.000000,3.324100,96.675900,0.000000,"wQb1,bBe2,bBa3","wQb1,bBe2,bBa3"
QvBB,6,1,2,queen,bishop,21420,6116,0,0,0,0,0,1,0,0,0,21420,0,0,14536,6884,0.000000,100.000000,0.000000,0.000000,67.861811,32.138189,0,6116,0,0,6116,0,0.000000,100.000000,0.000000,0.000000,100.000000,0.000000,,
QvBB,7,1,2,queen,bishop,55272,19364,0,0,0,0,0,1,0,0,0,55272,0,0,39398,15874,0.000000,100.000000,0.000000,0.000000,71.280214,28.719786,0,19364,0,0,19364,0,0.000000,100.000000,0.000000,0.000000,100.000000,0.000000,,
QvBB,8,1,2,queen,bishop,124992,50664,0,0,0,0,0,1,0,0,0,124992,0,0,92552,32440,0.000000,100.000000,0.000000,0.000000,74.046339,25.953661,0,50664,0,0,50664,0,0.000000,100.000000,0.000000,0.000000,100.000000,0.000000,,
QvBB,9,1,2,queen,bishop,255960,115768,0,0,0,0,0,1,0,0,0,255960,0,0,195376,60584,0.000000,100.000000,0.000000,0.000000,76.330677,23.669323,0,115768,0,0,115768,0,0.000000,100.000000,0.000000,0.000000,100.000000,0.000000,,
QvBB,10,1,2,queen,bishop,485100,na,0,0,na,na,0,1,0,na,0,485100,0,0,379580,105520,0.000000,100.000000,0.000000,0.000000,78.247784,21.752216,na,na,na,na,na,na,na,na,na,na,na,na,,
QvBB,11,1,2,queen,bishop,863940,na,0,0,na,na,0,1,0,na,0,863940,0,0,690110,173830,0.000000,100.000000,0.000000,0.000000,79.879390,20.120610,na,na,na,na,na,na,na,na,na,na,na,na,,
QvBB,12,1,2,queen,bishop,1462032,na,0,0,na,na,0,1,0,na,0,1462032,0,0,1188404,273628,0.000000,100.000000,0.000000,0.000000,81.284404,18.715596,na,na,na,na,na,na,na,na,na,na,na,na,,
QvK,3,1,1,queen,king,72,16,0,0,0,1,5,1,5,0,72,0,0,32,0,40,100.000000,0.000000,0.000000,44.444444,0.000000,55.555556,16,0,0,16,0,0,100.000000,0.000000,0.000000,100.000000,0.000000,0.000000,"wQa1,bKc2","wQa1,bKc2"
QvK,4,1,1,queen,king,240,88,0,0,0,1,9,1,9,0,240,0,0,156,0,84,100.000000,0.000000,0.000000,65.000000,0.000000,35.000000,88,0,0,88,0,0,100.000000,0.000000,0.000000,100.000000,0.000000,0.000000,"wQa1,bKc2","wQa1,bKc2"
QvK,5,1,1,queen,king,600,280,0,0,0,1,13,1,13,0,600,0,0,456,0,144,100.000000,0.000000,0.000000,76.000000,0.000000,24.000000,280,0,0,280,0,0,100.000000,0.000000,0.000000,100.000000,0.000000,0.000000,"wQa1,bKd2","wQa1,bKd2"
QvK,6,1,1,queen,king,1260,680,0,0,0,1,17,1,17,0,1260,0,0,1040,0,220,100.000000,0.000000,0.000000,82.539683,0.000000,17.460317,680,0,0,680,0,0,100.000000,0.000000,0.000000,100.000000,0.000000,0.000000,"wQa1,bKd3","wQa1,bKd3"
QvK,7,1,1,queen,king,2352,1400,0,0,0,1,19,1,19,0,2352,0,0,2040,0,312,100.000000,0.000000,0.000000,86.734694,0.000000,13.265306,1400,0,0,1400,0,0,100.000000,0.000000,0.000000,100.000000,0.000000,0.000000,"wQa1,bKe3","wQa1,bKe3"
QvK,8,1,1,queen,king,4032,2576,0,0,0,1,23,1,23,0,4032,0,0,3612,0,420,100.000000,0.000000,0.000000,89.583333,0.000000,10.416667,2576,0,0,2576,0,0,100.000000,0.000000,0.000000,100.000000,0.000000,0.000000,"wQa1,bKe4","wQa1,bKe4"
QvK,9,1,1,queen,king,6480,4368,0,0,0,1,25,1,25,0,6480,0,0,5936,0,544,100.000000,0.000000,0.000000,91.604938,0.000000,8.395062,4368,0,0,4368,0,0,100.000000,0.000000,0.000000,100.000000,0.000000,0.000000,"wQa1,bKf4","wQa1,bKf4"
QvK,10,1,1,queen,king,9900,na,0,0,na,na,29,1,29,na,9900,0,0,9216,0,684,100.000000,0.000000,0.000000,93.090909,0.000000,6.909091,na,na,na,na,na,na,na,na,na,na,na,na,"wQa1,bKf5","wQa1,bKf5"
QvK,11,1,1,queen,king,14520,na,0,0,na,na,31,1,31,na,14520,0,0,13680,0,840,100.000000,0.000000,0.000000,94.214876,0.000000,5.785124,na,na,na,na,na,na,na,na,na,na,na,na,"wQa1,bKg5","wQa1,bKg5"
QvK,12,1,1,queen,king,20592,na,0,0,na,na,35,1,35,na,20592,0,0,19580,0,1012,100.000000,0.000000,0.000000,95.085470,0.000000,4.914530,na,na,na,na,na,na,na,na,na,na,na,na,"wQa1,bKg6","wQa1,bKg6"
QvKK,3,1,2,queen,king,252,8,0,0,0,0,7,3,0,3,108,0,144,0,0,252,42.857143,0.000000,57.142857,0.000000,0.000000,100.000000,0,0,8,0,0,8,0.000000,0.000000,100.000000,0.000000,0.000000,100.000000,"wQa1,bKc1,bKa3",
QvKK,4,1,2,queen,king,1680,204,0,0,0,0,13,1,13,0,992,680,8,48,660,972,59.047619,40.476190,0.476190,2.857143,39.285714,57.857143,28,176,0,4,200,0,13.725490,86.274510,0.000000,1.960784,98.039216,0.000000,"wQb1,bKd2,bKa4","wQb1,bKd2,bKa4"
QvKK,5,1,2,queen,king,6900,1444,0,0,0,0,19,1,19,0,4688,2212,0,708,3264,2928,67.942029,32.057971,0.000000,10.260870,47.304348,42.434783,512,932,0,160,1284,0,35.457064,64.542936,0.000000,11.080332,88.919668,0.000000,"wQb1,bKe2,bKa3","wQb1,bKe2,bKa3"
QvKK,6,1,2,queen,king,21420,6116,0,0,0,0,23,1,23,0,15816,5604,0,4416,10144,6860,73.837535,26.162465,0.000000,20.616246,47.357610,32.026144,3092,3024,0,1520,4596,0,50.555919,49.444081,0.000000,24.852845,75.147155,0.000000,"wQa1,bKf2,bKb3","wQa1,bKf2,bKb3"
QvKK,7,1,2,queen,king,55272,19364,0,0,0,0,27,1,27,0,43000,12272,0,16764,24756,13752,77.797076,22.202924,0.000000,30.330004,44.789405,24.880591,11644,7720,0,6892,12472,0,60.132204,39.867796,0.000000,35.591820,64.408180,0.000000,"wQd1,bKb2,bKb7","wQd1,bKb2,bKb7"
QvKK,8,1,2,queen,king,124992,50664,0,0,0,0,31,1,31,0,100920,24072,0,48496,51716,24780,80.741167,19.258833,0.000000,38.799283,41.375448,19.825269,33928,16736,0,22408,28256,0,66.966682,33.033318,0.000000,44.228644,55.771356,0.000000,"wQa1,bKb3,bKg3","wQa1,bKb3,bKg3"
QvKK,9,1,2,queen,king,255960,115768,0,0,0,0,33,1,33,0,212644,43316,0,118088,96560,41312,83.077043,16.922957,0.000000,46.135334,37.724644,16.140022,83524,32244,0,59612,56156,0,72.147744,27.852256,0.000000,51.492640,48.507360,0.000000,"wQa1,bKb3,bKg3","wQa1,bKb3,bKg3"
QvKK,10,1,2,queen,king,485100,na,0,0,na,na,37,1,37,na,412424,72676,0,254248,165944,64908,85.018347,14.981653,0.000000,52.411462,34.208204,13.380334,na,na,na,na,na,na,na,na,na,na,na,na,"wQa1,bKb3,bKg3","wQa1,bKb3,bKg3"
QvKK,11,1,2,queen,king,863940,na,0,0,na,na,39,1,39,na,748484,115456,0,499128,267492,97320,86.636109,13.363891,0.000000,57.773456,30.961872,11.264671,na,na,na,na,na,na,na,na,na,na,na,na,"wQa1,bKb3,bKg3","wQa1,bKb3,bKg3"
QvKK,12,1,2,queen,king,1462032,na,0,0,na,na,43,1,43,na,1286664,175368,0,911712,409828,140492,88.005187,11.994813,0.000000,62.359237,28.031397,9.609366,na,na,na,na,na,na,na,na,na,na,na,na,"wQa1,bKk3,bKd5","wQa1,bKk3,bKd5"
QvN,3,1,1,queen,knight,72,0,0,0,na,na,3,1,0,0,72,0,0,48,8,16,100.000000,0.000000,0.000000,66.666667,11.111111,22.222222,0,0,0,0,0,0,0.000000,0.000000,0.000000,0.000000,0.000000,0.000000,"wQa1,bNc2",
QvN,4,1,1,queen,knight,240,40,0,0,0,1,3,1,3,0,240,0,0,192,0,48,100.000000,0.000000,0.000000,80.000000,0.000000,20.000000,40,0,0,40,0,0,100.000000,0.000000,0.000000,100.000000,0.000000,0.000000,"wQa1,bNc2","wQa1,bNd2"
QvN,5,1,1,queen,knight,600,184,0,0,0,1,5,1,5,0,600,0,0,504,0,96,100.000000,0.000000,0.000000,84.000000,0.000000,16.000000,184,0,0,184,0,0,100.000000,0.000000,0.000000,100.000000,0.000000,0.000000,"wQa1,bNd2","wQa1,bNd2"
QvN,6,1,1,queen,knight,1260,520,0,0,0,1,7,1,7,0,1260,0,0,1100,0,160,100.000000,0.000000,0.000000,87.301587,0.000000,12.698413,520,0,0,520,0,0,100.000000,0.000000,0.000000,100.000000,0.000000,0.000000,"wQa1,bNe2","wQa1,bNe2"
QvN,7,1,1,queen,knight,2352,1160,0,0,0,1,7,1,7,0,2352,0,0,2112,0,240,100.000000,0.000000,0.000000,89.795918,0.000000,10.204082,1160,0,0,1160,0,0,100.000000,0.000000,0.000000,100.000000,0.000000,0.000000,"wQa1,bNe2","wQa1,bNe2"
QvN,8,1,1,queen,knight,4032,2240,0,0,0,1,9,1,9,0,4032,0,0,3696,0,336,100.000000,0.000000,0.000000,91.666667,0.000000,8.333333,2240,0,0,2240,0,0,100.000000,0.000000,0.000000,100.000000,0.000000,0.000000,"wQa1,bNf3","wQa1,bNf3"
QvN,9,1,1,queen,knight,6480,3920,0,0,0,1,11,1,11,0,6480,0,0,6032,0,448,100.000000,0.000000,0.000000,93.086420,0.000000,6.913580,3920,0,0,3920,0,0,100.000000,0.000000,0.000000,100.000000,0.000000,0.000000,"wQb1,bNd6","wQb1,bNd6"
QvN,10,1,1,queen,knight,9900,na,0,0,na,na,11,1,11,na,9900,0,0,9324,0,576,100.000000,0.000000,0.000000,94.181818,0.000000,5.818182,na,na,na,na,na,na,na,na,na,na,na,na,"wQa1,bNf4","wQa1,bNf4"
QvN,11,1,1,queen,knight,14520,na,0,0,na,na,13,1,13,na,14520,0,0,13800,0,720,100.000000,0.000000,0.000000,95.041322,0.000000,4.958678,na,na,na,na,na,na,na,na,na,na,na,na,"wQb1,bNd5","wQb1,bNd5"
QvN,12,1,1,queen,knight,20592,na,0,0,na,na,15,1,15,na,20592,0,0,19712,0,880,100.000000,0.000000,0.000000,95.726496,0.000000,4.273504,na,na,na,na,na,na,na,na,na,na,na,na,"wQc1,bNe5","wQc1,bNe5"
QvNN,3,1,2,queen,knight,252,0,0,0,na,na,9,1,0,0,252,0,0,148,0,104,100.000000,0.000000,0.000000,58.730159,0.000000,41.269841,0,0,0,0,0,0,0.000000,0.000000,0.000000,0.000000,0.000000,0.000000,"wQa1,bNc2,bNb3",
QvNN,4,1,2,queen,knight,1680,48,0,0,0,1,9,1,9,0,1680,0,0,1060,0,620,100.000000,0.000000,0.000000,63.095238,0.000000,36.904762,48,0,0,48,0,0,100.000000,0.000000,0.000000,100.000000,0.000000,0.000000,"wQa1,bNc2,bNb3","wQa1,bNd3,bNc4"
QvNN,5,1,2,queen,knight,6900,664,0,0,0,1,11,1,11,0,6900,0,0,4856,0,2044,100.000000,0.000000,0.000000,70.376812,0.000000,29.623188,664,0,0,664,0,0,100.000000,0.000000,0.000000,100.000000,0.000000,0.000000,"wQa1,bNc2,bNe2","wQa1,bNe2,bNd3"
QvNN,6,1,2,queen,knight,21420,3664,0,0,0,1,13,1,11,0,21420,0,0,16312,0,5108,100.000000,0.000000,0.000000,76.153128,0.000000,23.846872,3664,0,0,3664,0,0,100.000000,0.000000,0.000000,100.000000,0.000000,0.000000,"wQa1,bNd4,bNf5","wQa1,bNd2,bNf2"
QvNN,7,1,2,queen,knight,55272,13440,0,0,0,1,15,1,13,0,55272,0,0,44548,0,10724,100.000000,0.000000,0.000000,80.597771,0.000000,19.402229,13440,0,0,13440,0,0,100.000000,0.000000,0.000000,100.000000,0.000000,0.000000,"wQa1,bNe5,bNg6","wQa1,bNd2,bNf2"
QvNN,8,1,2,queen,knight,124992,38524,0,0,0,1,17,1,15,0,124992,0,0,104996,0,19996,100.000000,0.000000,0.000000,84.002176,0.000000,15.997824,38524,0,0,38524,0,0,100.000000,0.000000,0.000000,100.000000,0.000000,0.000000,"wQb1,bNf5,bNh6","wQa1,bNd2,bNh2"
QvNN,9,1,2,queen,knight,255960,93532,0,0,0,1,17,1,17,0,255960,0,0,221740,0,34220,100.000000,0.000000,0.000000,86.630724,0.000000,13.369276,93532,0,0,93532,0,0,100.000000,0.000000,0.000000,100.000000,0.000000,0.000000,"wQa1,bNh2,bNd3","wQa1,bNh2,bNd3"
QvNN,10,1,2,queen,knight,485100,na,0,0,na,na,19,1,19,na,485100,0,0,430216,0,54884,100.000000,0.000000,0.000000,88.686044,0.000000,11.313956,na,na,na,na,na,na,na,na,na,na,na,na,"wQa1,bNi2,bNe3","wQa1,bNi2,bNe3"
QvNN,11,1,2,queen,knight,863940,na,0,0,na,na,21,1,21,na,863940,0,0,780272,0,83668,100.000000,0.000000,0.000000,90.315531,0.000000,9.684469,na,na,na,na,na,na,na,na,na,na,na,na,"wQa1,bNi2,bNe3","wQa1,bNi2,bNe3"
QvNN,12,1,2,queen,knight,1462032,na,0,0,na,na,21,1,21,na,1462032,0,0,1339588,0,122444,100.000000,0.000000,0.000000,91.625081,0.000000,8.374919,na,na,na,na,na,na,na,na,na,na,na,na,"wQa1,bNh2,bNd3","wQa1,bNh2,bNd3"
QvQ,3,1,1,queen,queen,72,16,0,0,0,0,1,1,0,0,56,16,0,0,16,56,77.777778,22.222222,0.000000,0.000000,22.222222,77.777778,0,16,0,0,16,0,0.000000,100.000000,0.000000,0.000000,100.000000,0.000000,"wQa1,bQb1",
QvQ,4,1,1,queen,queen,240,88,0,0,0,0,1,1,0,0,152,88,0,0,88,152,63.333333,36.666667,0.000000,0.000000,36.666667,63.333333,0,88,0,0,88,0,0.000000,100.000000,0.000000,0.000000,100.000000,0.000000,"wQa1,bQb1",
QvQ,5,1,1,queen,queen,600,280,0,0,0,0,1,1,0,0,320,280,0,0,280,320,53.333333,46.666667,0.000000,0.000000,46.666667,53.333333,0,280,0,0,280,0,0.000000,100.000000,0.000000,0.000000,100.000000,0.000000,"wQa1,bQb1",
QvQ,6,1,1,queen,queen,1260,680,0,0,0,0,1,1,0,0,580,680,0,0,680,580,46.031746,53.968254,0.000000,0.000000,53.968254,46.031746,0,680,0,0,680,0,0.000000,100.000000,0.000000,0.000000,100.000000,0.000000,"wQa1,bQb1",
QvQ,7,1,1,queen,queen,2352,1400,0,0,0,0,1,1,0,0,952,1400,0,0,1400,952,40.476190,59.523810,0.000000,0.000000,59.523810,40.476190,0,1400,0,0,1400,0,0.000000,100.000000,0.000000,0.000000,100.000000,0.000000,"wQa1,bQb1",
QvQ,8,1,1,queen,queen,4032,2576,0,0,0,0,1,1,0,0,1456,2576,0,0,2576,1456,36.111111,63.888889,0.000000,0.000000,63.888889,36.111111,0,2576,0,0,2576,0,0.000000,100.000000,0.000000,0.000000,100.000000,0.000000,"wQa1,bQb1",
QvQ,9,1,1,queen,queen,6480,4368,0,0,0,0,1,1,0,0,2112,4368,0,0,4368,2112,32.592593,67.407407,0.000000,0.000000,67.407407,32.592593,0,4368,0,0,4368,0,0.000000,100.000000,0.000000,0.000000,100.000000,0.000000,"wQa1,bQb1",
QvQ,10,1,1,queen,queen,9900,na,0,0,na,na,1,1,0,na,2940,6960,0,0,6960,2940,29.696970,70.303030,0.000000,0.000000,70.303030,29.696970,na,na,na,na,na,na,na,na,na,na,na,na,"wQa1,bQb1",
QvQ,11,1,1,queen,queen,14520,na,0,0,na,na,1,1,0,na,3960,10560,0,0,10560,3960,27.272727,72.727273,0.000000,0.000000,72.727273,27.272727,na,na,na,na,na,na,na,na,na,na,na,na,"wQa1,bQb1",
QvQ,12,1,1,queen,queen,20592,na,0,0,na,na,1,1,0,na,5192,15400,0,0,15400,5192,25.213675,74.786325,0.000000,0.000000,74.786325,25.213675,na,na,na,na,na,na,na,na,na,na,na,na,"wQa1,bQb1",
QvQQ,3,1,2,queen,queen,252,8,0,0,0,0,0,3,0,3,0,56,196,0,0,252,0.000000,22.222222,77.777778,0.000000,0.000000,100.000000,0,0,8,0,0,8,0.000000,0.000000,100.000000,0.000000,0.000000,100.000000,,
QvQQ,4,1,2,queen,queen,1680,204,0,0,0,0,0,5,0,5,0,544,1136,0,0,1680,0.000000,32.380952,67.619048,0.000000,0.000000,100.000000,0,0,204,0,0,204,0.000000,0.000000,100.000000,0.000000,0.000000,100.000000,,
QvQQ,5,1,2,queen,queen,6900,1444,0,0,0,0,0,7,0,7,0,2608,4292,0,0,6900,0.000000,37.797101,62.202899,0.000000,0.000000,100.000000,0,0,1444,0,0,1444,0.000000,0.000000,100.000000,0.000000,0.000000,100.000000,,
QvQQ,6,1,2,queen,queen,21420,6116,0,0,0,0,0,1,0,0,0,21420,0,0,6116,15304,0.000000,100.000000,0.000000,0.000000,28.552754,71.447246,0,6116,0,0,6116,0,0.000000,100.000000,0.000000,0.000000,100.000000,0.000000,,
QvQQ,7,1,2,queen,queen,55272,19364,0,0,0,0,0,1,0,0,0,55272,0,0,19364,35908,0.000000,100.000000,0.000000,0.000000,35.034014,64.965986,0,19364,0,0,19364,0,0.000000,100.000000,0.000000,0.000000,100.000000,0.000000,,
QvQQ,8,1,2,queen,queen,124992,50664,0,0,0,0,0,1,0,0,0,124992,0,0,50664,74328,0.000000,100.000000,0.000000,0.000000,40.533794,59.466206,0,50664,0,0,50664,0,0.000000,100.000000,0.000000,0.000000,100.000000,0.000000,,
QvQQ,9,1,2,queen,queen,255960,115768,0,0,0,0,0,1,0,0,0,255960,0,0,115768,140192,0.000000,100.000000,0.000000,0.000000,45.228942,54.771058,0,115768,0,0,115768,0,0.000000,100.000000,0.000000,0.000000,100.000000,0.000000,,
QvQQ,10,1,2,queen,queen,485100,na,0,0,na,na,0,1,0,na,0,485100,0,0,239000,246100,0.000000,100.000000,0.000000,0.000000,49.268192,50.731808,na,na,na,na,na,na,na,na,na,na,na,na,,
QvQQ,11,1,2,queen,queen,863940,na,0,0,na,na,0,1,0,na,0,863940,0,0,455920,408020,0.000000,100.000000,0.000000,0.000000,52.772183,47.227817,na,na,na,na,na,na,na,na,na,na,na,na,,
QvQQ,12,1,2,queen,queen,1462032,na,0,0,na,na,0,1,0,na,0,1462032,0,0,816340,645692,0.000000,100.000000,0.000000,0.000000,55.835987,44.164013,na,na,na,na,na,na,na,na,na,na,na,na,,
QvR,3,1,1,queen,rook,72,16,0,0,0,1,3,1,3,0,72,0,0,36,0,36,100.000000,0.000000,0.000000,50.000000,0.000000,50.000000,16,0,0,16,0,0,100.000000,0.000000,0.000000,100.000000,0.000000,0.000000,"wQa1,bRc2","wQa1,bRc2"
QvR,4,1,1,queen,rook,240,88,0,0,0,0,1,1,0,0,152,88,0,0,144,96,63.333333,36.666667,0.000000,0.000000,60.000000,40.000000,0,88,0,0,88,0,0.000000,100.000000,0.000000,0.000000,100.000000,0.000000,"wQa1,bRb1",
QvR,5,1,1,queen,rook,600,280,0,0,0,0,1,1,0,0,320,280,0,0,400,200,53.333333,46.666667,0.000000,0.000000,66.666667,33.333333,0,280,0,0,280,0,0.000000,100.000000,0.000000,0.000000,100.000000,0.000000,"wQa1,bRb1",
QvR,6,1,1,queen,rook,1260,680,0,0,0,0,1,1,0,0,580,680,0,0,900,360,46.031746,53.968254,0.000000,0.000000,71.428571,28.571429,0,680,0,0,680,0,0.000000,100.000000,0.000000,0.000000,100.000000,0.000000,"wQa1,bRb1",
QvR,7,1,1,queen,rook,2352,1400,0,0,0,0,1,1,0,0,952,1400,0,0,1764,588,40.476190,59.523810,0.000000,0.000000,75.000000,25.000000,0,1400,0,0,1400,0,0.000000,100.000000,0.000000,0.000000,100.000000,0.000000,"wQa1,bRb1",
QvR,8,1,1,queen,rook,4032,2576,0,0,0,0,1,1,0,0,1456,2576,0,0,3136,896,36.111111,63.888889,0.000000,0.000000,77.777778,22.222222,0,2576,0,0,2576,0,0.000000,100.000000,0.000000,0.000000,100.000000,0.000000,"wQa1,bRb1",
QvR,9,1,1,queen,rook,6480,4368,0,0,0,0,1,1,0,0,2112,4368,0,0,5184,1296,32.592593,67.407407,0.000000,0.000000,80.000000,20.000000,0,4368,0,0,4368,0,0.000000,100.000000,0.000000,0.000000,100.000000,0.000000,"wQa1,bRb1",
QvR,10,1,1,queen,rook,9900,na,0,0,na,na,1,1,0,na,2940,6960,0,0,8100,1800,29.696970,70.303030,0.000000,0.000000,81.818182,18.181818,na,na,na,na,na,na,na,na,na,na,na,na,"wQa1,bRb1",
QvR,11,1,1,queen,rook,14520,na,0,0,na,na,1,1,0,na,3960,10560,0,0,12100,2420,27.272727,72.727273,0.000000,0.000000,83.333333,16.666667,na,na,na,na,na,na,na,na,na,na,na,na,"wQa1,bRb1",
QvR,12,1,1,queen,rook,20592,na,0,0,na,na,1,1,0,na,5192,15400,0,0,17424,3168,25.213675,74.786325,0.000000,0.000000,84.615385,15.384615,na,na,na,na,na,na,na,na,na,na,na,na,"wQa1,bRb1",
QvRR,3,1,2,queen,rook,252,8,0,0,0,0,5,5,0,5,122,68,62,0,18,234,48.412698,26.984127,24.603175,0.000000,7.142857,92.857143,0,4,4,0,4,4,0.000000,50.000000,50.000000,0.000000,50.000000,50.000000,"wQa1,bRb1,bRa2",
QvRR,4,1,2,queen,rook,1680,204,0,0,0,0,0,1,0,0,0,1680,0,0,576,1104,0.000000,100.000000,0.000000,0.000000,34.285714,65.714286,0,204,0,0,204,0,0.000000,100.000000,0.000000,0.000000,100.000000,0.000000,,
QvRR,5,1,2,queen,rook,6900,1444,0,0,0,0,0,1,0,0,0,6900,0,0,3000,3900,0.000000,100.000000,0.000000,0.000000,43.478261,56.521739,0,1444,0,0,1444,0,0.000000,100.000000,0.000000,0.000000,100.000000,0.000000,,
QvRR,6,1,2,queen,rook,21420,6116,0,0,0,0,0,1,0,0,0,21420,0,0,10800,10620,0.000000,100.000000,0.000000,0.000000,50.420168,49.579832,0,6116,0,0,6116,0,0.000000,100.000000,0.000000,0.000000,100.000000,0.000000,,
QvRR,7,1,2,queen,rook,55272,19364,0,0,0,0,0,1,0,0,0,55272,0,0,30870,24402,0.000000,100.000000,0.000000,0.000000,55.851064,44.148936,0,19364,0,0,19364,0,0.000000,100.000000,0.000000,0.000000,100.000000,0.000000,,
QvRR,8,1,2,queen,rook,124992,50664,0,0,0,0,0,1,0,0,0,124992,0,0,75264,49728,0.000000,100.000000,0.000000,0.000000,60.215054,39.784946,0,50664,0,0,50664,0,0.000000,100.000000,0.000000,0.000000,100.000000,0.000000,,
QvRR,9,1,2,queen,rook,255960,115768,0,0,0,0,0,1,0,0,0,255960,0,0,163296,92664,0.000000,100.000000,0.000000,0.000000,63.797468,36.202532,0,115768,0,0,115768,0,0.000000,100.000000,0.000000,0.000000,100.000000,0.000000,,
QvRR,10,1,2,queen,rook,485100,na,0,0,na,na,0,1,0,na,0,485100,0,0,324000,161100,0.000000,100.000000,0.000000,0.000000,66.790353,33.209647,na,na,na,na,na,na,na,na,na,na,na,na,,
QvRR,11,1,2,queen,rook,863940,na,0,0,na,na,0,1,0,na,0,863940,0,0,598950,264990,0.000000,100.000000,0.000000,0.000000,69.327731,30.672269,na,na,na,na,na,na,na,na,na,na,na,na,,
QvRR,12,1,2,queen,rook,1462032,na,0,0,na,na,0,1,0,na,0,1462032,0,0,1045440,416592,0.000000,100.000000,0.000000,0.000000,71.505959,28.494041,na,na,na,na,na,na,na,na,na,na,na,na,,
RBvB,3,2,1,rook+bishop,bishop,504,92,0,0,0,1,9,3,7,na,504,0,0,364,132,8,100.000000,0.000000,0.000000,72.222222,26.190476,1.587302,92,0,0,92,0,0,100.000000,0.000000,0.000000,100.000000,0.000000,0.000000,"wRb1,wBb2,bBa2","wRa1,wBb2,bBc2"
RBvB,4,2,1,rook+bishop,bishop,3360,1000,0,0,0,0,13,0,13,na,2760,600,0,1424,1936,0,82.142857,17.857143,0.000000,42.380952,57.619048,0.000000,664,336,0,480,520,0,66.400000,33.600000,0.000000,48.000000,52.000000,0.000000,"wRa1,wBd3,bBd2","wRa1,wBd3,bBd2"
RBvB,5,2,1,rook+bishop,bishop,13800,5328,0,0,0,0,9,0,9,na,8860,4940,0,4256,9544,0,64.202899,35.797101,0.000000,30.840580,69.159420,0.000000,1884,3444,0,1884,3444,0,35.360360,64.639640,0.000000,35.360360,64.639640,0.000000,"wRa1,wBc1,bBb4","wRa1,wBc1,bBb4"
RBvB,6,2,1,rook+bishop,bishop,42840,19512,0,0,0,0,19,0,19,na,26760,16080,0,13768,29072,0,62.464986,37.535014,0.000000,32.138189,67.861811,0.000000,7392,12120,0,7392,12120,0,37.884379,62.115621,0.000000,37.884379,62.115621,0.000000,"wRa1,wBf1,bBc2","wRa1,wBf1,bBc2"
RBvB,7,2,1,rook+bishop,bishop,110544,56508,0,0,0,0,7,0,5,na,40820,69724,0,540,110004,0,36.926473,63.073527,0.000000,0.488493,99.511507,0.000000,1336,55172,0,0,56508,0,2.364267,97.635733,0.000000,0.000000,100.000000,0.000000,"wRd2,wBa3,bBe1","wRd2,wBa3,bBg3"
RBvB,8,2,1,rook+bishop,bishop,249984,139184,0,0,0,0,7,0,5,na,82520,167464,0,680,249304,0,33.010113,66.989887,0.000000,0.272017,99.727983,0.000000,1960,137224,0,0,139184,0,1.408208,98.591792,0.000000,0.000000,100.000000,0.000000,"wRd2,wBh2,bBc1","wRd2,wBh2,bBa3"
RBvB,9,2,1,rook+bishop,bishop,511920,304448,0,0,0,0,7,0,5,na,153144,358776,0,836,511084,0,29.915612,70.084388,0.000000,0.163307,99.836693,0.000000,2792,301656,0,0,304448,0,0.917070,99.082930,0.000000,0.000000,100.000000,0.000000,"wRd2,wBi1,bBc1","wRd2,wBi1,bBa3"
RBvB,10,2,1,rook+bishop,bishop,970200,608080,0,0,0,0,7,0,5,na,265564,704636,0,1008,969192,0,27.372088,72.627912,0.000000,0.103896,99.896104,0.000000,3768,604312,0,0,608080,0,0.619655,99.380345,0.000000,0.000000,100.000000,0.000000,"wRd2,wBi1,bBc1","wRd2,wBi1,bBa3"
RBvB,11,2,1,rook+bishop,bishop,1727880,1130300,0,0,0,0,7,0,5,na,436308,1291572,0,1196,1726684,0,25.251059,74.748941,0.000000,0.069218,99.930782,0.000000,5016,1125284,0,0,1130300,0,0.443776,99.556224,0.000000,0.000000,100.000000,0.000000,"wRd2,wBi1,bBc1","wRd2,wBi1,bBa3"
RBvB,12,2,1,rook+bishop,bishop,2924064,1982040,0,0,0,0,7,0,5,na,685480,2238584,0,1400,2922664,0,23.442715,76.557285,0.000000,0.047879,99.952121,0.000000,6456,1975584,0,0,1982040,0,0.325725,99.674275,0.000000,0.000000,100.000000,0.000000,"wRd2,wBi1,bBc1","wRd2,wBi1,bBa3"
RBvK,3,2,1,rook+bishop,king,504,56,0,0,0,0,7,7,7,na,384,80,40,44,88,372,76.190476,15.873016,7.936508,8.730159,17.460317,73.809524,40,16,0,8,32,16,71.428571,28.571429,0.000000,14.285714,57.142857,28.571429,"wRa1,wBb1,bKc3","wRa1,wBb1,bKc3"
RBvK,4,2,1,rook+bishop,king,3360,876,0,0,0,0,19,0,19,na,2660,700,0,416,2944,0,79.166667,20.833333,0.000000,12.380952,87.619048,0.000000,628,248,0,200,676,0,71.689498,28.310502,0.000000,22.831050,77.168950,0.000000,"wRb2,wBc1,bKc4","wRb2,wBc1,bKc4"
RBvK,5,2,1,rook+bishop,king,13800,5248,0,0,0,0,31,0,31,na,13672,128,0,8916,4884,0,99.072464,0.927536,0.000000,64.608696,35.391304,0.000000,5248,0,0,5200,48,0,100.000000,0.000000,0.000000,99.085366,0.914634,0.000000,"wRb1,wBb2,bKb3","wRb2,wBd2,bKc4"
RBvK,6,2,1,rook+bishop,king,42840,20160,0,0,0,0,39,0,37,na,42640,200,0,31312,11528,0,99.533147,0.466853,0.000000,73.090570,26.909430,0.000000,20160,0,0,20096,64,0,100.000000,0.000000,0.000000,99.682540,0.317460,0.000000,"wRb2,wBc2,bKc1","wRa1,wBb1,bKb3"
RBvK,7,2,1,rook+bishop,king,110544,59640,0,0,0,0,43,0,43,na,110256,288,0,87164,23380,0,99.739470,0.260530,0.000000,78.850051,21.149949,0.000000,59640,0,0,59560,80,0,100.000000,0.000000,0.000000,99.865862,0.134138,0.000000,"wRb1,wBc1,bKc2","wRc2,wBd2,bKd5"
RBvK,8,2,1,rook+bishop,king,249984,148316,0,0,0,0,51,0,51,na,249592,392,0,207352,42632,0,99.843190,0.156810,0.000000,82.946109,17.053891,0.000000,148316,0,0,148220,96,0,100.000000,0.000000,0.000000,99.935273,0.064727,0.000000,"wRb2,wBc2,bKd4","wRb2,wBc2,bKd4"
RBvK,9,2,1,rook+bishop,king,511920,325696,0,0,0,0,57,0,55,na,511408,512,0,440060,71860,0,99.899984,0.100016,0.000000,85.962650,14.037350,0.000000,325696,0,0,325584,112,0,100.000000,0.000000,0.000000,99.965612,0.034388,0.000000,"wRc2,wBd2,bKd3","wRa1,wBe3,bKd5"
RBvK,10,2,1,rook+bishop,king,970200,651168,0,0,0,0,63,0,61,na,969552,648,0,856176,114024,0,99.933210,0.066790,0.000000,88.247372,11.752628,0.000000,651168,0,0,651040,128,0,100.000000,0.000000,0.000000,99.980343,0.019657,0.000000,"wRd4,wBb1,bKe5","wRa1,wBb1,bKe6"
RBvK,11,2,1,rook+bishop,king,1727880,1209720,0,0,0,0,69,0,67,na,1727080,800,0,1555412,172468,0,99.953700,0.046300,0.000000,90.018520,9.981480,0.000000,1209720,0,0,1209576,144,0,100.000000,0.000000,0.000000,99.988096,0.011904,0.000000,"wRd3,wBe3,bKe4","wRa1,wBf4,bKe6"
RBvK,12,2,1,rook+bishop,king,2924064,2118380,0,0,0,0,75,0,75,na,2923096,968,0,2673144,250920,0,99.966895,0.033105,0.000000,91.418792,8.581208,0.000000,2118380,0,0,2118220,160,0,100.000000,0.000000,0.000000,99.992447,0.007553,0.000000,"wRe2,wBe3,bKd3","wRd4,wBe4,bKf6"
RBvN,3,2,1,rook+bishop,knight,504,96,0,0,0,0,5,0,5,na,488,16,0,416,88,0,96.825397,3.174603,0.000000,82.539683,17.460317,0.000000,80,16,0,80,16,0,83.333333,16.666667,0.000000,83.333333,16.666667,0.000000,"wRa1,wBb1,bNb3","wRb1,wBa2,bNc2"
RBvN,4,2,1,rook+bishop,knight,3360,880,0,0,0,1,5,3,5,na,3360,0,0,2936,400,24,100.000000,0.000000,0.000000,87.380952,11.904762,0.714286,880,0,0,880,0,0,100.000000,0.000000,0.000000,100.000000,0.000000,0.000000,"wRa1,wBb1,bNd1","wRa1,wBb1,bNd1"
RBvN,5,2,1,rook+bishop,knight,13800,4856,0,0,0,1,7,3,7,na,13800,0,0,12328,1448,24,100.000000,0.000000,0.000000,89.333333,10.492754,0.173913,4856,0,0,4856,0,0,100.000000,0.000000,0.000000,100.000000,0.000000,0.000000,"wRa1,wBb1,bNc1","wRa1,wBb1,bNc1"
RBvN,6,2,1,rook+bishop,knight,42840,18440,0,0,0,1,11,0,9,na,42840,0,0,38912,3928,0,100.000000,0.000000,0.000000,90.830999,9.169001,0.000000,18440,0,0,18440,0,0,100.000000,0.000000,0.000000,100.000000,0.000000,0.000000,"wRa1,wBe3,bNc2","wRa1,wBb1,bNc1"
RBvN,7,2,1,rook+bishop,knight,110544,54920,0,0,0,0,15,0,15,na,110480,64,0,94560,15984,0,99.942105,0.057895,0.000000,85.540599,14.459401,0.000000,54920,0,0,54824,96,0,100.000000,0.000000,0.000000,99.825200,0.174800,0.000000,"wRa1,wBc1,bNb3","wRb2,wBa1,bNe5"
RBvN,8,2,1,rook+bishop,knight,249984,137992,0,0,0,0,19,0,19,na,249824,160,0,217536,32448,0,99.935996,0.064004,0.000000,87.019969,12.980031,0.000000,137992,0,0,137720,272,0,100.000000,0.000000,0.000000,99.802887,0.197113,0.000000,"wRa1,wBb1,bNb2","wRa1,wBb1,bNb2"
RBvN,9,2,1,rook+bishop,knight,511920,306040,0,0,0,0,25,0,25,na,511672,248,0,454688,57232,0,99.951555,0.048445,0.000000,88.820128,11.179872,0.000000,306040,0,0,305608,432,0,100.000000,0.000000,0.000000,99.858842,0.141158,0.000000,"wRa1,wBi1,bNe3","wRa1,wBi1,bNe3"
RBvN,10,2,1,rook+bishop,knight,970200,617136,0,0,0,0,31,0,31,na,969848,352,0,876408,93792,0,99.963719,0.036281,0.000000,90.332715,9.667285,0.000000,617136,0,0,616512,624,0,100.000000,0.000000,0.000000,99.898888,0.101112,0.000000,"wRa1,wBc1,bNb3","wRa1,wBj1,bNe4"
RBvN,11,2,1,rook+bishop,knight,1727880,1154760,0,0,0,0,39,0,39,na,1727408,472,0,1582552,145328,0,99.972683,0.027317,0.000000,91.589231,8.410769,0.000000,1154760,0,0,1153912,848,0,100.000000,0.000000,0.000000,99.926565,0.073435,0.000000,"wRa1,wBb1,bNd5","wRa1,wBb1,bNd5"
RBvN,12,2,1,rook+bishop,knight,2924064,2034240,0,0,0,0,51,0,49,na,2923456,608,0,2708640,215424,0,99.979207,0.020793,0.000000,92.632719,7.367281,0.000000,2034240,0,0,2033136,1104,0,100.000000,0.000000,0.000000,99.945729,0.054271,0.000000,"wRb1,wBd1,bNc3","wRa1,wBb1,bNg4"
RBvQ,3,2,1,rook+bishop,queen,504,16,0,0,0,0,3,11,3,na,328,72,104,8,36,460,65.079365,14.285714,20.634921,1.587302,7.142857,91.269841,8,8,0,0,8,8,50.000000,50.000000,0.000000,0.000000,50.000000,50.000000,"wRa1,wBc2,bQc3","wRb1,wBa2,bQc3"
RBvQ,4,2,1,rook+bishop,queen,3360,408,0,0,0,0,1,7,0,na,1704,1656,0,0,1784,1576,50.714286,49.285714,0.000000,0.000000,53.095238,46.904762,0,408,0,0,408,0,0.000000,100.000000,0.000000,0.000000,100.000000,0.000000,"wRa1,wBb1,bQa2",
RBvQ,5,2,1,rook+bishop,queen,13800,2888,0,0,0,0,1,7,0,na,6120,7680,0,0,10712,3088,44.347826,55.652174,0.000000,0.000000,77.623188,22.376812,0,2888,0,0,2888,0,0.000000,100.000000,0.000000,0.000000,100.000000,0.000000,"wRa1,wBb1,bQa2",
RBvQ,6,2,1,rook+bishop,queen,42840,12232,0,0,0,0,1,0,0,na,16840,26000,0,0,42840,0,39.309057,60.690943,0.000000,0.000000,100.000000,0.000000,0,12232,0,0,12232,0,0.000000,100.000000,0.000000,0.000000,100.000000,0.000000,"wRa1,wBb1,bQa2",
RBvQ,7,2,1,rook+bishop,queen,110544,38728,0,0,0,0,1,0,0,na,38976,71568,0,0,110544,0,35.258359,64.741641,0.000000,0.000000,100.000000,0.000000,0,38728,0,0,38728,0,0.000000,100.000000,0.000000,0.000000,100.000000,0.000000,"wRa1,wBb1,bQa2",
RBvQ,8,2,1,rook+bishop,queen,249984,101328,0,0,0,0,1,0,0,na,79856,170128,0,0,249984,0,31.944444,68.055556,0.000000,0.000000,100.000000,0.000000,0,101328,0,0,101328,0,0.000000,100.000000,0.000000,0.000000,100.000000,0.000000,"wRa1,wBb1,bQa2",
RBvQ,9,2,1,rook+bishop,queen,511920,231536,0,0,0,0,1,0,0,na,149424,362496,0,0,511920,0,29.188936,70.811064,0.000000,0.000000,100.000000,0.000000,0,231536,0,0,231536,0,0.000000,100.000000,0.000000,0.000000,100.000000,0.000000,"wRa1,wBb1,bQa2",
RBvQ,10,2,1,rook+bishop,queen,970200,478000,0,0,0,0,1,0,0,na,260640,709560,0,0,970200,0,26.864564,73.135436,0.000000,0.000000,100.000000,0.000000,0,478000,0,0,478000,0,0.000000,100.000000,0.000000,0.000000,100.000000,0.000000,"wRa1,wBb1,bQa2",
RBvQ,11,2,1,rook+bishop,queen,1727880,911840,0,0,0,0,1,0,0,na,429880,1298000,0,0,1727880,0,24.879043,75.120957,0.000000,0.000000,100.000000,0.000000,0,911840,0,0,911840,0,0.000000,100.000000,0.000000,0.000000,100.000000,0.000000,"wRa1,wBb1,bQa2",
RBvQ,12,2,1,rook+bishop,queen,2924064,1632680,0,0,0,0,1,0,0,na,677336,2246728,0,0,2924064,0,23.164199,76.835801,0.000000,0.000000,100.000000,0.000000,0,1632680,0,0,1632680,0,0.000000,100.000000,0.000000,0.000000,100.000000,0.000000,"wRa1,wBb1,bQa2",
RBvR,3,2,1,rook+bishop,rook,504,52,0,0,0,0,11,7,11,na,436,68,0,136,264,104,86.507937,13.492063,0.000000,26.984127,52.380952,20.634921,36,16,0,28,24,0,69.230769,30.769231,0.000000,53.846154,46.153846,0.000000,"wRb2,wBa1,bRc3","wRb2,wBa1,bRc3"
RBvR,4,2,1,rook+bishop,rook,3360,728,0,0,0,0,11,9,11,na,1872,1488,0,44,3100,216,55.714286,44.285714,0.000000,1.309524,92.261905,6.428571,64,664,0,8,720,0,8.791209,91.208791,0.000000,1.098901,98.901099,0.000000,"wRa1,wBd2,bRc4","wRa1,wBd2,bRc4"
RBvR,5,2,1,rook+bishop,rook,13800,4280,0,0,0,0,1,0,0,na,6120,7680,0,0,13800,0,44.347826,55.652174,0.000000,0.000000,100.000000,0.000000,0,4280,0,0,4280,0,0.000000,100.000000,0.000000,0.000000,100.000000,0.000000,"wRa1,wBb1,bRa2",
RBvR,6,2,1,rook+bishop,rook,42840,16520,0,0,0,0,1,0,0,na,16840,26000,0,0,42840,0,39.309057,60.690943,0.000000,0.000000,100.000000,0.000000,0,16520,0,0,16520,0,0.000000,100.000000,0.000000,0.000000,100.000000,0.000000,"wRa1,wBb1,bRa2",
RBvR,7,2,1,rook+bishop,rook,110544,49420,0,0,0,0,1,0,0,na,38976,71568,0,0,110544,0,35.258359,64.741641,0.000000,0.000000,100.000000,0.000000,0,49420,0,0,49420,0,0.000000,100.000000,0.000000,0.000000,100.000000,0.000000,"wRa1,wBb1,bRa2",
RBvR,8,2,1,rook+bishop,rook,249984,124432,0,0,0,0,1,0,0,na,79856,170128,0,0,249984,0,31.944444,68.055556,0.000000,0.000000,100.000000,0.000000,0,124432,0,0,124432,0,0.000000,100.000000,0.000000,0.000000,100.000000,0.000000,"wRa1,wBb1,bRa2",
RBvR,9,2,1,rook+bishop,rook,511920,276528,0,0,0,0,1,0,0,na,149424,362496,0,0,511920,0,29.188936,70.811064,0.000000,0.000000,100.000000,0.000000,0,276528,0,0,276528,0,0.000000,100.000000,0.000000,0.000000,100.000000,0.000000,"wRa1,wBb1,bRa2",
RBvR,10,2,1,rook+bishop,rook,970200,558960,0,0,0,0,1,0,0,na,260640,709560,0,0,970200,0,26.864564,73.135436,0.000000,0.000000,100.000000,0.000000,0,558960,0,0,558960,0,0.000000,100.000000,0.000000,0.000000,100.000000,0.000000,"wRa1,wBb1,bRa2",
RBvR,11,2,1,rook+bishop,rook,1727880,1048740,0,0,0,0,1,0,0,na,429880,1298000,0,0,1727880,0,24.879043,75.120957,0.000000,0.000000,100.000000,0.000000,0,1048740,0,0,1048740,0,0.000000,100.000000,0.000000,0.000000,100.000000,0.000000,"wRa1,wBb1,bRa2",
RBvR,12,2,1,rook+bishop,rook,2924064,1852840,0,0,0,0,1,0,0,na,677336,2246728,0,0,2924064,0,23.164199,76.835801,0.000000,0.000000,100.000000,0.000000,0,1852840,0,0,1852840,0,0.000000,100.000000,0.000000,0.000000,100.000000,0.000000,"wRa1,wBb1,bRa2",
RNvB,3,2,1,rook+knight,bishop,504,76,0,0,0,0,5,9,5,na,472,32,0,344,96,64,93.650794,6.349206,0.000000,68.253968,19.047619,12.698413,64,12,0,64,12,0,84.210526,15.789474,0.000000,84.210526,15.789474,0.000000,"wRa1,wNb1,bBb2","wRa1,wNc1,bBc2"
RNvB,4,2,1,rook+knight,bishop,3360,792,0,0,0,1,11,3,9,na,3352,8,0,2584,728,48,99.761905,0.238095,0.000000,76.904762,21.666667,1.428571,792,0,0,792,0,0,100.000000,0.000000,0.000000,100.000000,0.000000,0.000000,"wRb2,wNa1,bBd4","wRb1,wNb2,bBb3"
RNvB,5,2,1,rook+knight,bishop,13800,4384,0,0,0,0,15,3,15,na,13760,40,0,10032,3664,104,99.710145,0.289855,0.000000,72.695652,26.550725,0.753623,4384,0,0,4336,48,0,100.000000,0.000000,0.000000,98.905109,1.094891,0.000000,"wRa1,wNb2,bBd4","wRa1,wNe5,bBd2"
RNvB,6,2,1,rook+knight,bishop,42840,16728,0,0,0,0,27,3,27,na,33552,9288,0,9568,33104,168,78.319328,21.680672,0.000000,22.334267,77.273576,0.392157,11784,4944,0,5464,11264,0,70.444763,29.555237,0.000000,32.663797,67.336203,0.000000,"wRa1,wNf1,bBb4","wRa1,wNf1,bBb4"
RNvB,7,2,1,rook+knight,bishop,110544,50028,0,0,0,0,15,3,15,na,40116,70428,0,680,109624,240,36.289622,63.710378,0.000000,0.615140,99.167752,0.217108,2880,47148,0,376,49652,0,5.756776,94.243224,0.000000,0.751579,99.248421,0.000000,"wRd1,wNc1,bBa3","wRd1,wNc1,bBg3"
RNvB,8,2,1,rook+knight,bishop,249984,126208,0,0,0,0,3,3,3,na,71808,178176,0,192,249472,320,28.725038,71.274962,0.000000,0.076805,99.795187,0.128008,1160,125048,0,0,126208,0,0.919118,99.080882,0.000000,0.000000,100.000000,0.000000,"wRa1,wNg4,bBh3","wRb1,wNa2,bBa3"
RNvB,9,2,1,rook+knight,bishop,511920,281040,0,0,0,0,3,3,3,na,129780,382140,0,200,511312,408,25.351617,74.648383,0.000000,0.039069,99.881231,0.079700,1352,279688,0,0,281040,0,0.481070,99.518930,0.000000,0.000000,100.000000,0.000000,"wRa1,wNh4,bBi3","wRb1,wNa2,bBa3"
RNvB,10,2,1,rook+knight,bishop,970200,568976,0,0,0,0,3,3,3,na,220160,750040,0,208,969488,504,22.692228,77.307772,0.000000,0.021439,99.926613,0.051948,1544,567432,0,0,568976,0,0.271365,99.728635,0.000000,0.000000,100.000000,0.000000,"wRa1,wNi4,bBj3","wRb1,wNa2,bBa3"
RNvB,11,2,1,rook+knight,bishop,1727880,1068716,0,0,0,0,3,3,3,na,354772,1373108,0,216,1727056,608,20.532213,79.467787,0.000000,0.012501,99.952312,0.035188,1736,1066980,0,0,1068716,0,0.162438,99.837562,0.000000,0.000000,100.000000,0.000000,"wRa1,wNj4,bBk3","wRb1,wNa2,bBa3"
RNvB,12,2,1,rook+knight,bishop,2924064,1889480,0,0,0,0,3,3,3,na,547968,2376096,0,224,2923120,720,18.739946,81.260054,0.000000,0.007661,99.967716,0.024623,1928,1887552,0,0,1889480,0,0.102039,99.897961,0.000000,0.000000,100.000000,0.000000,"wRa1,wNk4,bBl3","wRb1,wNa2,bBa3"
RNvK,3,2,1,rook+knight,king,504,40,0,0,0,0,3,11,3,na,332,0,172,24,0,480,65.873016,0.000000,34.126984,4.761905,0.000000,95.238095,16,0,24,16,0,24,40.000000,0.000000,60.000000,40.000000,0.000000,60.000000,"wRa1,wNc1,bKc3","wRa1,wNc1,bKc3"
RNvK,4,2,1,rook+knight,king,3360,728,0,0,0,0,27,9,25,na,2956,404,0,896,2188,276,87.976190,12.023810,0.000000,26.666667,65.119048,8.214286,636,92,0,432,296,0,87.362637,12.637363,0.000000,59.340659,40.659341,0.000000,"wRa1,wNc1,bKd2","wRa1,wNb1,bKb3"
RNvK,5,2,1,rook+knight,king,13800,4764,0,0,0,0,27,3,25,na,13560,240,0,8356,5384,60,98.260870,1.739130,0.000000,60.550725,39.014493,0.434783,4764,0,0,4656,108,0,100.000000,0.000000,0.000000,97.732997,2.267003,0.000000,"wRa1,wNe5,bKd4","wRa1,wNb1,bKb3"
RNvK,6,2,1,rook+knight,king,42840,19288,0,0,0,0,35,3,31,na,42528,312,0,30552,12228,60,99.271709,0.728291,0.000000,71.316527,28.543417,0.140056,19288,0,0,19208,80,0,100.000000,0.000000,0.000000,99.585234,0.414766,0.000000,"wRb1,wNb2,bKb3","wRa1,wNb1,bKb3"
RNvK,7,2,1,rook+knight,king,110544,58872,0,0,0,0,39,3,37,na,110108,436,0,85840,24644,60,99.605587,0.394413,0.000000,77.652338,22.293385,0.054277,58872,0,0,58784,88,0,100.000000,0.000000,0.000000,99.850523,0.149477,0.000000,"wRb1,wNa1,bKa2","wRd1,wNa1,bKc3"
RNvK,8,2,1,rook+knight,king,249984,149240,0,0,0,0,45,3,43,na,249400,584,0,205168,44756,60,99.766385,0.233615,0.000000,82.072453,17.903546,0.024002,149240,0,0,149144,96,0,100.000000,0.000000,0.000000,99.935674,0.064326,0.000000,"wRb1,wNa1,bKa2","wRc1,wNh1,bKf3"
RNvK,9,2,1,rook+knight,king,511920,331708,0,0,0,0,49,3,47,na,511164,756,0,436656,75204,60,99.852321,0.147679,0.000000,85.297703,14.690577,0.011721,331708,0,0,331604,104,0,100.000000,0.000000,0.000000,99.968647,0.031353,0.000000,"wRd4,wNa1,bKb2","wRd1,wNa1,bKc3"
RNvK,10,2,1,rook+knight,king,970200,668344,0,0,0,0,53,3,53,na,969248,952,0,851128,119012,60,99.901876,0.098124,0.000000,87.727067,12.266749,0.006184,668344,0,0,668232,112,0,100.000000,0.000000,0.000000,99.983242,0.016758,0.000000,"wRd2,wNd3,bKc3","wRd3,wNa9,bKe5"
RNvK,11,2,1,rook+knight,king,1727880,1247848,0,0,0,0,59,3,59,na,1726708,1172,0,1548232,179588,60,99.932171,0.067829,0.000000,89.602982,10.393546,0.003472,1247848,0,0,1247728,120,0,100.000000,0.000000,0.000000,99.990383,0.009617,0.000000,"wRd2,wNd3,bKe3","wRc3,wNk11,bKe5"
RNvK,12,2,1,rook+knight,king,2924064,2192152,0,0,0,0,67,3,67,na,2922648,1416,0,2663280,260724,60,99.951574,0.048426,0.000000,91.081454,8.916494,0.002052,2192152,0,0,2192024,128,0,100.000000,0.000000,0.000000,99.994161,0.005839,0.000000,"wRd4,wNa1,bKf6","wRd4,wNa1,bKf6"
RNvN,3,2,1,rook+knight,knight,504,120,0,0,0,0,7,0,7,na,472,32,0,344,160,0,93.650794,6.349206,0.000000,68.253968,31.746032,0.000000,88,32,0,92,28,0,73.333333,26.666667,0.000000,76.666667,23.333333,0.000000,"wRb1,wNb2,bNa2","wRb1,wNb2,bNa2"
RNvN,4,2,1,rook+knight,knight,3360,1128,0,0,0,1,7,3,7,na,3360,0,0,2792,560,8,100.000000,0.000000,0.000000,83.095238,16.666667,0.238095,1128,0,0,1128,0,0,100.000000,0.000000,0.000000,100.000000,0.000000,0.000000,"wRb1,wNb3,bNb4","wRb1,wNb3,bNb4"
RNvN,5,2,1,rook+knight,knight,13800,6080,0,0,0,1,9,3,9,na,13800,0,0,11936,1848,16,100.000000,0.000000,0.000000,86.492754,13.391304,0.115942,6080,0,0,6080,0,0,100.000000,0.000000,0.000000,100.000000,0.000000,0.000000,"wRa1,wNc1,bNc2","wRa1,wNc1,bNc4"
RNvN,6,2,1,rook+knight,knight,42840,22464,0,0,0,1,11,3,11,na,42840,0,0,38112,4696,32,100.000000,0.000000,0.000000,88.963585,10.961718,0.074697,22464,0,0,22464,0,0,100.000000,0.000000,0.000000,100.000000,0.000000,0.000000,"wRa1,wNb1,bNc2","wRa1,wNb1,bNe3"
RNvN,7,2,1,rook+knight,knight,110544,65320,0,0,0,1,17,3,17,na,110544,0,0,93720,16792,32,100.000000,0.000000,0.000000,84.780721,15.190331,0.028948,65320,0,0,65320,0,0,100.000000,0.000000,0.000000,100.000000,0.000000,0.000000,"wRa1,wNc1,bNb6","wRa1,wNc1,bNb6"
RNvN,8,2,1,rook+knight,knight,249984,160936,0,0,0,1,27,3,27,na,249984,0,0,216472,33480,32,100.000000,0.000000,0.000000,86.594342,13.392857,0.012801,160936,0,0,160936,0,0,100.000000,0.000000,0.000000,100.000000,0.000000,0.000000,"wRa1,wNb1,bNb3","wRa1,wNb1,bNd3"
RNvN,9,2,1,rook+knight,knight,511920,351288,0,0,0,1,39,3,39,na,511920,0,0,453008,58880,32,100.000000,0.000000,0.000000,88.491952,11.501797,0.006251,351288,0,0,351288,0,0,100.000000,0.000000,0.000000,100.000000,0.000000,0.000000,"wRa1,wNb1,bNb3","wRa1,wNb1,bNd3"
RNvN,10,2,1,rook+knight,knight,970200,699200,0,0,0,1,69,3,69,na,970200,0,0,873824,96344,32,100.000000,0.000000,0.000000,90.066378,9.930324,0.003298,699200,0,0,699200,0,0,100.000000,0.000000,0.000000,100.000000,0.000000,0.000000,"wRa1,wNb1,bNc2","wRa1,wNb1,bNf3"
RNvN,11,2,1,rook+knight,knight,1727880,1294224,0,0,0,0,45,3,45,na,527584,1200296,0,21168,1706680,32,30.533602,69.466398,0.000000,1.225085,98.773063,0.001852,162264,1131960,0,18832,1275392,0,12.537551,87.462449,0.000000,1.455080,98.544920,0.000000,"wRb1,wNd3,bNa9","wRb1,wNd3,bNa9"
RNvN,12,2,1,rook+knight,knight,2924064,2259240,0,0,0,0,33,3,33,na,750652,2173412,0,20788,2903244,32,25.671531,74.328469,0.000000,0.710928,99.287977,0.001094,191596,2067644,0,18676,2240564,0,8.480551,91.519449,0.000000,0.826650,99.173350,0.000000,"wRd1,wNa9,bNa11","wRd1,wNa9,bNa11"
RNvQ,3,2,1,rook+knight,queen,504,0,0,0,na,na,1,11,0,na,288,0,216,0,0,504,57.142857,0.000000,42.857143,0.000000,0.000000,100.000000,0,0,0,0,0,0,0.000000,0.000000,0.000000,0.000000,0.000000,0.000000,"wRa1,wNb1,bQa2",
RNvQ,4,2,1,rook+knight,queen,3360,200,0,0,0,0,1,5,0,na,1664,1696,0,0,1784,1576,49.523810,50.476190,0.000000,0.000000,53.095238,46.904762,0,200,0,0,200,0,0.000000,100.000000,0.000000,0.000000,100.000000,0.000000,"wRa1,wNb1,bQa2",
RNvQ,5,2,1,rook+knight,queen,13800,1944,0,0,0,0,1,7,0,na,5840,7960,0,0,7984,5816,42.318841,57.681159,0.000000,0.000000,57.855072,42.144928,0,1944,0,0,1944,0,0.000000,100.000000,0.000000,0.000000,100.000000,0.000000,"wRa1,wNb1,bQa2",
RNvQ,6,2,1,rook+knight,queen,42840,9448,0,0,0,0,1,9,0,na,15600,27240,0,0,26456,16384,36.414566,63.585434,0.000000,0.000000,61.755369,38.244631,0,9448,0,0,9448,0,0.000000,100.000000,0.000000,0.000000,100.000000,0.000000,"wRa1,wNb1,bQa2",
RNvQ,7,2,1,rook+knight,queen,110544,32248,0,0,0,0,1,9,0,na,35056,75488,0,0,72000,38544,31.712259,68.287741,0.000000,0.000000,65.132436,34.867564,0,32248,0,0,32248,0,0.000000,100.000000,0.000000,0.000000,100.000000,0.000000,"wRa1,wNb1,bQa2",
RNvQ,8,2,1,rook+knight,queen,249984,88352,0,0,0,0,1,11,0,na,69888,180096,0,0,170144,79840,27.956989,72.043011,0.000000,0.000000,68.061956,31.938044,0,88352,0,0,88352,0,0.000000,100.000000,0.000000,0.000000,100.000000,0.000000,"wRa1,wNb1,bQa2",
RNvQ,9,2,1,rook+knight,queen,511920,208128,0,0,0,0,1,13,0,na,127584,384336,0,0,361424,150496,24.922644,75.077356,0.000000,0.000000,70.601657,29.398343,0,208128,0,0,208128,0,0.000000,100.000000,0.000000,0.000000,100.000000,0.000000,"wRa1,wNb1,bQa2",
RNvQ,10,2,1,rook+knight,queen,970200,438896,0,0,0,0,1,13,0,na,217680,752520,0,0,706384,263816,22.436611,77.563389,0.000000,0.000000,72.808081,27.191919,0,438896,0,0,438896,0,0.000000,100.000000,0.000000,0.000000,100.000000,0.000000,"wRa1,wNb1,bQa2",
RNvQ,11,2,1,rook+knight,queen,1727880,850256,0,0,0,0,1,15,0,na,352000,1375880,0,0,1291296,436584,20.371785,79.628215,0.000000,0.000000,74.732968,25.267032,0,850256,0,0,850256,0,0.000000,100.000000,0.000000,0.000000,100.000000,0.000000,"wRa1,wNb1,bQa2",
RNvQ,12,2,1,rook+knight,queen,2924064,1540120,0,0,0,0,1,17,0,na,544896,2379168,0,0,2234600,689464,18.634886,81.365114,0.000000,0.000000,76.421036,23.578964,0,1540120,0,0,1540120,0,0.000000,100.000000,0.000000,0.000000,100.000000,0.000000,"wRa1,wNb1,bQa2",
RNvR,3,2,1,rook+knight,rook,504,60,0,0,0,0,5,9,5,na,332,172,0,20,332,152,65.873016,34.126984,0.000000,3.968254,65.873016,30.158730,12,48,0,4,56,0,20.000000,80.000000,0.000000,6.666667,93.333333,0.000000,"wRb1,wNa1,bRc3","wRb1,wNa1,bRc3"
RNvR,4,2,1,rook+knight,rook,3360,768,0,0,0,0,1,7,0,na,1664,1696,0,0,2368,992,49.523810,50.476190,0.000000,0.000000,70.476190,29.523810,0,768,0,0,768,0,0.000000,100.000000,0.000000,0.000000,100.000000,0.000000,"wRa1,wNb1,bRa2",
RNvR,5,2,1,rook+knight,rook,13800,4560,0,0,0,0,1,11,0,na,5840,7960,0,0,10168,3632,42.318841,57.681159,0.000000,0.000000,73.681159,26.318841,0,4560,0,0,4560,0,0.000000,100.000000,0.000000,0.000000,100.000000,0.000000,"wRa1,wNb1,bRa2",
RNvR,6,2,1,rook+knight,rook,42840,17760,0,0,0,0,1,15,0,na,15600,27240,0,0,32680,10160,36.414566,63.585434,0.000000,0.000000,76.283847,23.716153,0,17760,0,0,17760,0,0.000000,100.000000,0.000000,0.000000,100.000000,0.000000,"wRa1,wNb1,bRa2",
RNvR,7,2,1,rook+knight,rook,110544,53340,0,0,0,0,1,9,0,na,35056,75488,0,0,110020,524,31.712259,68.287741,0.000000,0.000000,99.525981,0.474019,0,53340,0,0,53340,0,0.000000,100.000000,0.000000,0.000000,100.000000,0.000000,"wRa1,wNb1,bRa2",
RNvR,8,2,1,rook+knight,rook,249984,134400,0,0,0,0,1,3,0,na,69888,180096,0,0,249704,280,27.956989,72.043011,0.000000,0.000000,99.887993,0.112007,0,134400,0,0,134400,0,0.000000,100.000000,0.000000,0.000000,100.000000,0.000000,"wRa1,wNb1,bRa2",
RNvR,9,2,1,rook+knight,rook,511920,298368,0,0,0,0,1,3,0,na,127584,384336,0,0,511600,320,24.922644,75.077356,0.000000,0.000000,99.937490,0.062510,0,298368,0,0,298368,0,0.000000,100.000000,0.000000,0.000000,100.000000,0.000000,"wRa1,wNb1,bRa2",
RNvR,10,2,1,rook+knight,rook,970200,601920,0,0,0,0,1,3,0,na,217680,752520,0,0,969840,360,22.436611,77.563389,0.000000,0.000000,99.962894,0.037106,0,601920,0,0,601920,0,0.000000,100.000000,0.000000,0.000000,100.000000,0.000000,"wRa1,wNb1,bRa2",
RNvR,11,2,1,rook+knight,rook,1727880,1126620,0,0,0,0,1,3,0,na,352000,1375880,0,0,1727480,400,20.371785,79.628215,0.000000,0.000000,99.976850,0.023150,0,1126620,0,0,1126620,0,0.000000,100.000000,0.000000,0.000000,100.000000,0.000000,"wRa1,wNb1,bRa2",
RNvR,12,2,1,rook+knight,rook,2924064,1985280,0,0,0,0,1,3,0,na,544896,2379168,0,0,2923624,440,18.634886,81.365114,0.000000,0.000000,99.984952,0.015048,0,1985280,0,0,1985280,0,0.000000,100.000000,0.000000,0.000000,100.000000,0.000000,"wRa1,wNb1,bRa2",
RRRRvB,3,4,1,rook,bishop,630,0,0,1,na,na,3,0,0,0,630,0,0,630,0,0,100.000000,0.000000,0.000000,100.000000,0.000000,0.000000,0,0,0,0,0,0,0.000000,0.000000,0.000000,0.000000,0.000000,0.000000,"wRa1,wRb1,wRa2,wRb2,bBc3",
RRRRvB,4,4,1,rook,bishop,21840,184,0,1,0,1,3,0,3,0,21840,0,0,21840,0,0,100.000000,0.000000,0.000000,100.000000,0.000000,0.000000,184,0,0,184,0,0,100.000000,0.000000,0.000000,100.000000,0.000000,0.000000,"wRa1,wRb1,wRc1,wRa2,bBd3","wRa1,wRc1,wRd1,wRa2,bBb4"
RRRRvB,5,4,1,rook,bishop,265650,9670,0,1,0,1,5,0,5,0,265650,0,0,265650,0,0,100.000000,0.000000,0.000000,100.000000,0.000000,0.000000,9670,0,0,9670,0,0,100.000000,0.000000,0.000000,100.000000,0.000000,0.000000,"wRa1,wRb1,wRa2,wRb2,bBc3","wRa1,wRb1,wRa2,wRb2,bBe3"
RRRRvB,6,4,1,rook,bishop,1884960,140900,0,1,0,1,7,0,7,0,1884960,0,0,1884960,0,0,100.000000,0.000000,0.000000,100.000000,0.000000,0.000000,140900,0,0,140900,0,0,100.000000,0.000000,0.000000,100.000000,0.000000,0.000000,"wRa1,wRb1,wRa2,wRb2,bBc3","wRa1,wRb1,wRa2,wRb2,bBf3"
RRRRvB,7,4,1,rook,bishop,9534420,1115546,0,0,0,1,9,0,9,0,9534420,0,0,9534252,168,0,100.000000,0.000000,0.000000,99.998238,0.001762,0.000000,1115546,0,0,1115546,0,0,100.000000,0.000000,0.000000,100.000000,0.000000,0.000000,"wRa1,wRb1,wRa2,wRb2,bBc3","wRa1,wRb1,wRa2,wRb2,bBe3"
RRRRvB,8,4,1,rook,bishop,38122560,6083240,0,0,0,1,15,0,11,0,38122560,0,0,38120684,1876,0,100.000000,0.000000,0.000000,99.995079,0.004921,0.000000,6083240,0,0,6083240,0,0,100.000000,0.000000,0.000000,100.000000,0.000000,0.000000,"wRh1,wRg2,wRb7,wRa8,bBf3","wRa1,wRb1,wRa2,wRb2,bBe3"
RRRRvB,9,4,1,rook,bishop,128107980,25711884,0,0,0,1,17,0,13,0,128107980,0,0,128101548,6432,0,100.000000,0.000000,0.000000,99.994979,0.005021,0.000000,25711884,0,0,25711884,0,0,100.000000,0.000000,0.000000,100.000000,0.000000,0.000000,"wRh1,wRg2,wRb7,wRa8,bBf3","wRa1,wRb1,wRa2,wRb2,bBe3"
RRRRvB,10,4,1,rook,bishop,376437600,na,0,0,na,na,27,0,17,na,376437600,0,0,376420468,17132,0,100.000000,0.000000,0.000000,99.995449,0.004551,0.000000,na,na,na,na,na,na,na,na,na,na,na,na,"wRj1,wRi2,wRb9,wRa10,bBh3","wRa1,wRb1,wRa2,wRb2,bBe3"
RRRRvB,11,4,1,rook,bishop,993962970,na,0,0,na,na,41,0,19,na,993962970,0,0,993923714,39256,0,100.000000,0.000000,0.000000,99.996051,0.003949,0.000000,na,na,na,na,na,na,na,na,na,na,na,na,"wRk1,wRj2,wRc9,wRb10,bBi3","wRa1,wRb1,wRc1,wRk1,bBe2"
RRRRvB,12,4,1,rook,bishop,2405042640,na,0,0,na,na,49,0,25,na,2404719692,322948,0,1925176252,479866388,0,99.986572,0.013428,0.000000,80.047489,19.952511,0.000000,na,na,na,na,na,na,na,na,na,na,na,na,"wRg1,wRj2,wRk5,wRc6,bBi3","wRa1,wRb1,wRa2,wRb2,bBf3"
RRRRvK,3,4,1,rook,king,630,0,0,1,na,na,3,0,0,0,630,0,0,630,0,0,100.000000,0.000000,0.000000,100.000000,0.000000,0.000000,0,0,0,0,0,0,0.000000,0.000000,0.000000,0.000000,0.000000,0.000000,"wRa1,wRb1,wRa2,wRb2,bKc3",
RRRRvK,4,4,1,rook,king,21840,580,0,1,0,1,5,0,5,0,21840,0,0,21840,0,0,100.000000,0.000000,0.000000,100.000000,0.000000,0.000000,580,0,0,580,0,0,100.000000,0.000000,0.000000,100.000000,0.000000,0.000000,"wRa1,wRb1,wRd1,wRa2,bKc3","wRa1,wRb1,wRd1,wRa2,bKc3"
RRRRvK,5,4,1,rook,king,265650,21927,0,1,0,1,7,0,7,0,265650,0,0,265650,0,0,100.000000,0.000000,0.000000,100.000000,0.000000,0.000000,21927,0,0,21927,0,0,100.000000,0.000000,0.000000,100.000000,0.000000,0.000000,"wRa1,wRb1,wRc1,wRa2,bKd4","wRa1,wRb1,wRc1,wRa2,bKd4"
RRRRvK,6,4,1,rook,king,1884960,279944,0,1,0,1,7,0,7,0,1884960,0,0,1884960,0,0,100.000000,0.000000,0.000000,100.000000,0.000000,0.000000,279944,0,0,279944,0,0,100.000000,0.000000,0.000000,100.000000,0.000000,0.000000,"wRa1,wRb1,wRc1,wRd1,bKe3","wRa1,wRb1,wRc1,wRd1,bKe3"
RRRRvK,7,4,1,rook,king,9534420,2035960,0,1,0,1,7,0,7,0,9534420,0,0,9534420,0,0,100.000000,0.000000,0.000000,100.000000,0.000000,0.000000,2035960,0,0,2035960,0,0,100.000000,0.000000,0.000000,100.000000,0.000000,0.000000,"wRa1,wRb1,wRc1,wRd1,bKe3","wRa1,wRb1,wRc1,wRd1,bKe3"
RRRRvK,8,4,1,rook,king,38122560,10422900,0,1,0,1,9,0,9,0,38122560,0,0,38122560,0,0,100.000000,0.000000,0.000000,100.000000,0.000000,0.000000,10422900,0,0,10422900,0,0,100.000000,0.000000,0.000000,100.000000,0.000000,0.000000,"wRa1,wRb1,wRc1,wRa2,bKe5","wRa1,wRb1,wRc1,wRa2,bKe5"
RRRRvK,9,4,1,rook,king,128107980,41896435,0,1,0,1,9,0,9,0,128107980,0,0,128107980,0,0,100.000000,0.000000,0.000000,100.000000,0.000000,0.000000,41896435,0,0,41896435,0,0,100.000000,0.000000,0.000000,100.000000,0.000000,0.000000,"wRa1,wRb1,wRc1,wRa2,bKe5","wRa1,wRb1,wRc1,wRa2,bKe5"
RRRRvK,10,4,1,rook,king,376437600,na,0,1,na,na,9,0,9,na,376437600,0,0,376437600,0,0,100.000000,0.000000,0.000000,100.000000,0.000000,0.000000,na,na,na,na,na,na,na,na,na,na,na,na,"wRa1,wRb1,wRc1,wRa2,bKe5","wRa1,wRb1,wRc1,wRa2,bKe5"
RRRRvK,11,4,1,rook,king,993962970,na,0,1,na,na,9,0,9,na,993962970,0,0,993962970,0,0,100.000000,0.000000,0.000000,100.000000,0.000000,0.000000,na,na,na,na,na,na,na,na,na,na,na,na,"wRa1,wRb1,wRc1,wRa2,bKe5","wRa1,wRb1,wRc1,wRa2,bKe5"
RRRRvK,12,4,1,rook,king,2405042640,na,0,1,na,na,9,0,9,na,2405042640,0,0,2405042640,0,0,100.000000,0.000000,0.000000,100.000000,0.000000,0.000000,na,na,na,na,na,na,na,na,na,na,na,na,"wRa1,wRb1,wRc1,wRa2,bKe5","wRa1,wRb1,wRc1,wRa2,bKe5"
RRRRvN,3,4,1,rook,knight,630,1,0,0,0,0,3,0,0,0,629,1,0,560,70,0,99.841270,0.158730,0.000000,88.888889,11.111111,0.000000,0,1,0,0,1,0,0.000000,100.000000,0.000000,0.000000,100.000000,0.000000,"wRa1,wRb1,wRa2,wRb2,bNc3",
RRRRvN,4,4,1,rook,knight,21840,280,0,1,0,1,3,0,3,0,21840,0,0,21840,0,0,100.000000,0.000000,0.000000,100.000000,0.000000,0.000000,280,0,0,280,0,0,100.000000,0.000000,0.000000,100.000000,0.000000,0.000000,"wRa1,wRb1,wRc1,wRa2,bNd3","wRa1,wRb1,wRc1,wRa2,bNd4"
RRRRvN,5,4,1,rook,knight,265650,14594,0,1,0,1,5,0,5,0,265650,0,0,265650,0,0,100.000000,0.000000,0.000000,100.000000,0.000000,0.000000,14594,0,0,14594,0,0,100.000000,0.000000,0.000000,100.000000,0.000000,0.000000,"wRa1,wRb1,wRa2,wRb2,bNc3","wRa1,wRb1,wRa2,wRb2,bNe3"
RRRRvN,6,4,1,rook,knight,1884960,206288,0,1,0,1,7,0,7,0,1884960,0,0,1884960,0,0,100.000000,0.000000,0.000000,100.000000,0.000000,0.000000,206288,0,0,206288,0,0,100.000000,0.000000,0.000000,100.000000,0.000000,0.000000,"wRa1,wRb1,wRa2,wRb2,bNc3","wRa1,wRb1,wRa2,wRb2,bNe3"
RRRRvN,7,4,1,rook,knight,9534420,1601359,0,1,0,1,7,0,7,0,9534420,0,0,9534420,0,0,100.000000,0.000000,0.000000,100.000000,0.000000,0.000000,1601359,0,0,1601359,0,0,100.000000,0.000000,0.000000,100.000000,0.000000,0.000000,"wRa1,wRb1,wRc1,wRd1,bNe2","wRa1,wRb1,wRc1,wRd1,bNg2"
RRRRvN,8,4,1,rook,knight,38122560,8593720,0,1,0,1,9,0,9,0,38122560,0,0,38122560,0,0,100.000000,0.000000,0.000000,100.000000,0.000000,0.000000,8593720,0,0,8593720,0,0,100.000000,0.000000,0.000000,100.000000,0.000000,0.000000,"wRa1,wRb1,wRc1,wRd1,bNe4","wRa1,wRb1,wRc1,wRd1,bNe4"
RRRRvN,9,4,1,rook,knight,128107980,35777110,0,1,0,1,9,0,9,0,128107980,0,0,128107980,0,0,100.000000,0.000000,0.000000,100.000000,0.000000,0.000000,35777110,0,0,35777110,0,0,100.000000,0.000000,0.000000,100.000000,0.000000,0.000000,"wRa1,wRb1,wRc1,wRd1,bNe3","wRa1,wRb1,wRc1,wRd1,bNg3"
RRRRvN,10,4,1,rook,knight,376437600,na,0,1,na,na,11,0,11,na,376437600,0,0,376437600,0,0,100.000000,0.000000,0.000000,100.000000,0.000000,0.000000,na,na,na,na,na,na,na,na,na,na,na,na,"wRa1,wRb1,wRc1,wRd1,bNe6","wRa1,wRb1,wRc1,wRd1,bNe6"
RRRRvN,11,4,1,rook,knight,993962970,na,0,1,na,na,11,0,11,na,993962970,0,0,993962970,0,0,100.000000,0.000000,0.000000,100.000000,0.000000,0.000000,na,na,na,na,na,na,na,na,na,na,na,na,"wRa1,wRb1,wRc1,wRd1,bNe4","wRa1,wRb1,wRc1,wRd1,bNe4"
RRRRvN,12,4,1,rook,knight,2405042640,na,0,1,na,na,11,0,11,na,2405042640,0,0,2405042640,0,0,100.000000,0.000000,0.000000,100.000000,0.000000,0.000000,na,na,na,na,na,na,na,na,na,na,na,na,"wRa1,wRb1,wRc1,wRd1,bNe4","wRa1,wRb1,wRc1,wRd1,bNe4"
RRRRvQ,3,4,1,rook,queen,630,0,0,1,na,na,3,0,0,0,630,0,0,630,0,0,100.000000,0.000000,0.000000,100.000000,0.000000,0.000000,0,0,0,0,0,0,0.000000,0.000000,0.000000,0.000000,0.000000,0.000000,"wRa1,wRb1,wRa2,wRb2,bQc3",
RRRRvQ,4,4,1,rook,queen,21840,184,0,1,0,1,5,0,5,0,21840,0,0,21840,0,0,100.000000,0.000000,0.000000,100.000000,0.000000,0.000000,184,0,0,184,0,0,100.000000,0.000000,0.000000,100.000000,0.000000,0.000000,"wRa1,wRb1,wRd1,wRa2,bQc3","wRa1,wRc1,wRa2,wRc2,bQb4"
RRRRvQ,5,4,1,rook,queen,265650,9670,0,0,0,1,11,0,11,0,265646,4,0,141218,124432,0,99.998494,0.001506,0.000000,53.159420,46.840580,0.000000,9670,0,0,9670,0,0,100.000000,0.000000,0.000000,100.000000,0.000000,0.000000,"wRa1,wRb1,wRe1,wRa2,bQc3","wRa1,wRb1,wRe1,wRa2,bQc5"
RRRRvQ,6,4,1,rook,queen,1884960,140900,0,0,0,0,1,0,0,0,1429560,455400,0,2984,1881976,0,75.840336,24.159664,0.000000,0.158306,99.841694,0.000000,0,140900,0,0,140900,0,0.000000,100.000000,0.000000,0.000000,100.000000,0.000000,"wRa1,wRb1,wRc1,wRd1,bQe1",
RRRRvQ,7,4,1,rook,queen,9534420,1115546,0,0,0,0,1,0,0,0,6648075,2886345,0,3076,9531344,0,69.727105,30.272895,0.000000,0.032262,99.967738,0.000000,0,1115546,0,0,1115546,0,0.000000,100.000000,0.000000,0.000000,100.000000,0.000000,"wRa1,wRb1,wRc1,wRd1,bQe1",
RRRRvQ,8,4,1,rook,queen,38122560,6083240,0,0,0,0,1,0,0,0,24562496,13560064,0,3600,38118960,0,64.430343,35.569657,0.000000,0.009443,99.990557,0.000000,0,6083240,0,0,6083240,0,0.000000,100.000000,0.000000,0.000000,100.000000,0.000000,"wRa1,wRb1,wRc1,wRd1,bQe1",
RRRRvQ,9,4,1,rook,queen,128107980,25711884,0,0,0,0,1,0,0,0,76642524,51465456,0,4484,128103496,0,59.826503,40.173497,0.000000,0.003500,99.996500,0.000000,0,25711884,0,0,25711884,0,0.000000,100.000000,0.000000,0.000000,100.000000,0.000000,"wRa1,wRb1,wRc1,wRd1,bQe1",
RRRRvQ,10,4,1,rook,queen,376437600,na,0,0,na,na,1,0,0,na,210063600,166374000,0,5488,376432112,0,55.803033,44.196967,0.000000,0.001458,99.998542,0.000000,na,na,na,na,na,na,na,na,na,na,na,na,"wRa1,wRb1,wRc1,wRd1,bQe1",
RRRRvQ,11,4,1,rook,queen,993962970,na,0,0,na,na,1,0,0,na,519494745,474468225,0,6588,993956382,0,52.265000,47.735000,0.000000,0.000663,99.999337,0.000000,na,na,na,na,na,na,na,na,na,na,na,na,"wRa1,wRb1,wRc1,wRd1,bQe1",
RRRRvQ,12,4,1,rook,queen,2405042640,na,0,0,na,na,1,0,0,na,1181703600,1223339040,0,7784,2405034856,0,49.134414,50.865586,0.000000,0.000324,99.999676,0.000000,na,na,na,na,na,na,na,na,na,na,na,na,"wRa1,wRb1,wRc1,wRd1,bQe1",
RRRRvR,3,4,1,rook,rook,630,9,0,1,0,1,3,0,3,0,630,0,0,630,0,0,100.000000,0.000000,0.000000,100.000000,0.000000,0.000000,9,0,0,9,0,0,100.000000,0.000000,0.000000,100.000000,0.000000,0.000000,"wRa1,wRb1,wRa2,wRb2,bRc3","wRa1,wRb1,wRa2,wRb2,bRc3"
RRRRvR,4,4,1,rook,rook,21840,2016,0,1,0,1,5,0,5,0,21840,0,0,21840,0,0,100.000000,0.000000,0.000000,100.000000,0.000000,0.000000,2016,0,0,2016,0,0,100.000000,0.000000,0.000000,100.000000,0.000000,0.000000,"wRa1,wRb1,wRa2,wRb2,bRc3","wRa1,wRb1,wRa2,wRb2,bRc3"
RRRRvR,5,4,1,rook,rook,265650,45500,0,0,0,1,9,0,9,0,265650,0,0,168050,97600,0,100.000000,0.000000,0.000000,63.259928,36.740072,0.000000,45500,0,0,45500,0,0,100.000000,0.000000,0.000000,100.000000,0.000000,0.000000,"wRa1,wRb1,wRa2,wRb2,bRc3","wRa1,wRb1,wRa2,wRb2,bRc3"
RRRRvR,6,4,1,rook,rook,1884960,455400,0,0,0,0,1,0,0,0,1429560,455400,0,57600,1827360,0,75.840336,24.159664,0.000000,3.055768,96.944232,0.000000,0,455400,0,0,455400,0,0.000000,100.000000,0.000000,0.000000,100.000000,0.000000,"wRa1,wRb1,wRc1,wRd1,bRe1",
RRRRvR,7,4,1,rook,rook,9534420,2886345,0,0,0,0,1,0,0,0,6648075,2886345,0,169785,9364635,0,69.727105,30.272895,0.000000,1.780759,98.219241,0.000000,0,2886345,0,0,2886345,0,0.000000,100.000000,0.000000,0.000000,100.000000,0.000000,"wRa1,wRb1,wRc1,wRd1,bRe1",
RRRRvR,8,4,1,rook,rook,38122560,13560064,0,0,0,0,1,0,0,0,24562496,13560064,0,423360,37699200,0,64.430343,35.569657,0.000000,1.110524,98.889476,0.000000,0,13560064,0,0,13560064,0,0.000000,100.000000,0.000000,0.000000,100.000000,0.000000,"wRa1,wRb1,wRc1,wRd1,bRe1",
RRRRvR,9,4,1,rook,rook,128107980,51465456,0,0,0,0,1,0,0,0,76642524,51465456,0,934416,127173564,0,59.826503,40.173497,0.000000,0.729397,99.270603,0.000000,0,51465456,0,0,51465456,0,0.000000,100.000000,0.000000,0.000000,100.000000,0.000000,"wRa1,wRb1,wRc1,wRd1,bRe1",
RRRRvR,10,4,1,rook,rook,376437600,na,0,0,na,na,1,0,0,na,210063600,166374000,0,1879200,374558400,0,55.803033,44.196967,0.000000,0.499206,99.500794,0.000000,na,na,na,na,na,na,na,na,na,na,na,na,"wRa1,wRb1,wRc1,wRd1,bRe1",
RRRRvR,11,4,1,rook,rook,993962970,na,0,0,na,na,1,0,0,na,519494745,474468225,0,3512025,990450945,0,52.265000,47.735000,0.000000,0.353336,99.646664,0.000000,na,na,na,na,na,na,na,na,na,na,na,na,"wRa1,wRb1,wRc1,wRd1,bRe1",
RRRRvR,12,4,1,rook,rook,2405042640,na,0,0,na,na,1,0,0,na,1181703600,1223339040,0,6185520,2398857120,0,49.134414,50.865586,0.000000,0.257190,99.742810,0.000000,na,na,na,na,na,na,na,na,na,na,na,na,"wRa1,wRb1,wRc1,wRd1,bRe1",
RRRvB,3,3,1,rook,bishop,504,0,0,1,na,na,3,0,0,0,504,0,0,504,0,0,100.000000,0.000000,0.000000,100.000000,0.000000,0.000000,0,0,0,0,0,0,0.000000,0.000000,0.000000,0.000000,0.000000,0.000000,"wRa1,wRb1,wRa2,bBc3",
RRRvB,4,3,1,rook,bishop,7280,256,0,1,0,1,5,0,3,0,7280,0,0,7280,0,0,100.000000,0.000000,0.000000,100.000000,0.000000,0.000000,256,0,0,256,0,0,100.000000,0.000000,0.000000,100.000000,0.000000,0.000000,"wRa1,wRb1,wRa2,bBc3","wRa1,wRb1,wRd1,bBc4"
RRRvB,5,3,1,rook,bishop,50600,4536,0,1,0,1,5,0,5,0,50600,0,0,50600,0,0,100.000000,0.000000,0.000000,100.000000,0.000000,0.000000,4536,0,0,4536,0,0,100.000000,0.000000,0.000000,100.000000,0.000000,0.000000,"wRa1,wRb1,wRc1,bBd3","wRa1,wRb1,wRe1,bBc4"
RRRvB,6,3,1,rook,bishop,235620,34832,0,0,0,1,7,0,7,0,235620,0,0,215560,20060,0,100.000000,0.000000,0.000000,91.486291,8.513709,0.000000,34832,0,0,34832,0,0,100.000000,0.000000,0.000000,100.000000,0.000000,0.000000,"wRa1,wRb1,wRd1,bBc2","wRa1,wRb1,wRd1,bBc6"
RRRvB,7,3,1,rook,bishop,847504,172680,0,0,0,1,15,0,9,0,847472,32,0,703792,143712,0,99.996224,0.003776,0.000000,83.042912,16.957088,0.000000,172680,0,0,172680,0,0,100.000000,0.000000,0.000000,100.000000,0.000000,0.000000,"wRg1,wRa3,wRd6,bBc5","wRa1,wRb1,wRc1,bBg2"
RRRvB,8,3,1,rook,bishop,2541504,648832,0,0,0,1,15,0,13,0,2541176,328,0,2000504,541000,0,99.987094,0.012906,0.000000,78.713392,21.286608,0.000000,648832,0,0,648832,0,0,100.000000,0.000000,0.000000,100.000000,0.000000,0.000000,"wRa1,wRb2,wRc3,bBd4","wRa1,wRb1,wRc1,bBg2"
RRRvB,9,3,1,rook,bishop,6654960,2010032,0,0,0,1,19,0,17,0,6653988,972,0,5260292,1394668,0,99.985394,0.014606,0.000000,79.043180,20.956820,0.000000,2010032,0,0,2010032,0,0,100.000000,0.000000,0.000000,100.000000,0.000000,0.000000,"wRa1,wRd2,wRb4,bBc3","wRa1,wRb1,wRc1,bBe2"
RRRvB,10,3,1,rook,bishop,15684900,na,0,0,na,na,27,0,27,na,15682620,2280,0,12485784,3199116,0,99.985464,0.014536,0.000000,79.603848,20.396152,0.000000,na,na,na,na,na,na,na,na,na,na,na,na,"wRi1,wRh2,wRa3,bBd6","wRj1,wRi2,wRa10,bBb7"
RRRvB,11,3,1,rook,bishop,33981640,na,0,0,na,na,41,0,41,na,33977004,4636,0,27273428,6708212,0,99.986357,0.013643,0.000000,80.259305,19.740695,0.000000,na,na,na,na,na,na,na,na,na,na,na,na,"wRk1,wRb2,wRa3,bBf6","wRa1,wRb2,wRc3,bBk7"
RRRvB,12,3,1,rook,bishop,68715504,na,0,0,na,na,47,0,47,na,30065528,38649976,0,225176,68490328,0,43.753631,56.246369,0.000000,0.327693,99.672307,0.000000,na,na,na,na,na,na,na,na,na,na,na,na,"wRe1,wRe2,wRb3,bBd12","wRe1,wRe2,wRb3,bBd12"
RRRvBB,3,3,2,rook,bishop,1260,0,0,0,na,na,5,0,0,0,1260,0,0,1228,32,0,100.000000,0.000000,0.000000,97.460317,2.539683,0.000000,0,0,0,0,0,0,0.000000,0.000000,0.000000,0.000000,0.000000,0.000000,"wRa1,wRb1,wRc1,bBb2,bBa3",
RRRvBB,4,3,2,rook,bishop,43680,16,0,0,0,1,9,0,7,0,43680,0,0,42116,1564,0,100.000000,0.000000,0.000000,96.419414,3.580586,0.000000,16,0,0,16,0,0,100.000000,0.000000,0.000000,100.000000,0.000000,0.000000,"wRa1,wRd1,wRb2,bBc3,bBd4","wRa1,wRc1,wRa2,bBd3,bBb4"
RRRvBB,5,3,2,rook,bishop,531300,3504,0,0,0,1,19,0,9,0,531260,40,0,474324,56976,0,99.992471,0.007529,0.000000,89.276115,10.723885,0.000000,3504,0,0,3504,0,0,100.000000,0.000000,0.000000,100.000000,0.000000,0.000000,"wRc1,wRe3,wRa5,bBd2,bBb4","wRa1,wRb1,wRc1,bBe2,bBd5"
RRRvBB,6,3,2,rook,bishop,3769920,75712,0,0,0,0,25,0,19,0,3682392,87528,0,1734244,2035676,0,97.678253,2.321747,0.000000,46.002143,53.997857,0.000000,75712,0,0,73664,2048,0,100.000000,0.000000,0.000000,97.295013,2.704987,0.000000,"wRf1,wRd3,wRb5,bBc2,bBe4","wRc1,wRd1,wRa3,bBe5,bBf6"
RRRvBB,7,3,2,rook,bishop,19068840,762484,0,0,0,0,33,0,31,0,17130696,1938144,0,5557160,13511680,0,89.836068,10.163932,0.000000,29.142622,70.857378,0.000000,723692,38792,0,555828,206656,0,94.912418,5.087582,0.000000,72.897005,27.102995,0.000000,"wRg1,wRe3,wRa5,bBb4,bBe7","wRa1,wRb1,wRd1,bBe3,bBg3"
RRRvBB,8,3,2,rook,bishop,76245120,4868192,0,0,0,0,101,0,101,0,59487028,16758092,0,12750688,63494432,0,78.020768,21.979232,0.000000,16.723284,83.276716,0.000000,3125264,1742928,0,1791032,3077160,0,64.197632,35.802368,0.000000,36.790496,63.209504,0.000000,"wRe1,wRg2,wRc3,bBd8,bBh8","wRe1,wRg2,wRc5,bBd8,bBh8"
RRRvBB,9,3,2,rook,bishop,256215960,23106896,0,0,0,0,73,0,69,0,189170708,67045252,0,43400332,212815628,0,73.832523,26.167477,0.000000,16.938965,83.061035,0.000000,11706424,11400472,0,8206832,14900064,0,50.662036,49.337964,0.000000,35.516808,64.483192,0.000000,"wRh1,wRg3,wRa8,bBe5,bBe6","wRh1,wRf3,wRa8,bBe6,bBc7"
RRRvBB,10,3,2,rook,bishop,752875200,na,0,0,na,na,55,0,53,na,452041388,300833812,0,22376900,730498300,0,60.042008,39.957992,0.000000,2.972192,97.027808,0.000000,na,na,na,na,na,na,na,na,na,na,na,na,"wRc2,wRf3,wRc5,bBb7,bBc8","wRf1,wRa2,wRb5,bBj3,bBj8"
RRRvBB,11,3,2,rook,bishop,1987925940,na,0,0,na,na,75,0,71,na,1132192824,855733116,0,47003660,1940922280,0,56.953471,43.046529,0.000000,2.364457,97.635543,0.000000,na,na,na,na,na,na,na,na,na,na,na,na,"wRg1,wRk1,wRd4,bBk7,bBj10","wRd2,wRg3,wRa7,bBk5,bBk10"
RRRvBB,12,3,2,rook,bishop,4810085280,na,0,0,na,na,49,0,0,na,11023048,4799062232,0,172,4810085108,0,0.229165,99.770835,0.000000,0.000004,99.999996,0.000000,na,na,na,na,na,na,na,na,na,na,na,na,"wRf1,wRj2,wRc5,bBc2,bBf5",
RRRvK,3,3,1,rook,king,504,4,0,0,0,1,3,0,3,0,504,0,0,416,88,0,100.000000,0.000000,0.000000,82.539683,17.460317,0.000000,4,0,0,4,0,0,100.000000,0.000000,0.000000,100.000000,0.000000,0.000000,"wRa1,wRb1,wRa2,bKc3","wRa1,wRb1,wRa2,bKc3"
RRRvK,4,3,1,rook,king,7280,544,0,1,0,1,7,0,7,0,7280,0,0,7280,0,0,100.000000,0.000000,0.000000,100.000000,0.000000,0.000000,544,0,0,544,0,0,100.000000,0.000000,0.000000,100.000000,0.000000,0.000000,"wRa1,wRb1,wRa2,bKc3","wRa1,wRb1,wRa2,bKc3"
RRRvK,5,3,1,rook,king,50600,8168,0,1,0,1,9,0,9,0,50600,0,0,50600,0,0,100.000000,0.000000,0.000000,100.000000,0.000000,0.000000,8168,0,0,8168,0,0,100.000000,0.000000,0.000000,100.000000,0.000000,0.000000,"wRa1,wRb1,wRa2,bKc3","wRa1,wRb1,wRa2,bKc3"
RRRvK,6,3,1,rook,king,235620,57712,0,1,0,1,9,0,9,0,235620,0,0,235620,0,0,100.000000,0.000000,0.000000,100.000000,0.000000,0.000000,57712,0,0,57712,0,0,100.000000,0.000000,0.000000,100.000000,0.000000,0.000000,"wRa1,wRb1,wRc1,bKd3","wRa1,wRb1,wRc1,bKd3"
RRRvK,7,3,1,rook,king,847504,269860,0,1,0,1,9,0,9,0,847504,0,0,847504,0,0,100.000000,0.000000,0.000000,100.000000,0.000000,0.000000,269860,0,0,269860,0,0,100.000000,0.000000,0.000000,100.000000,0.000000,0.000000,"wRa1,wRb1,wRc1,bKd3","wRa1,wRb1,wRc1,bKd3"
RRRvK,8,3,1,rook,king,2541504,969184,0,1,0,1,9,0,9,0,2541504,0,0,2541504,0,0,100.000000,0.000000,0.000000,100.000000,0.000000,0.000000,969184,0,0,969184,0,0,100.000000,0.000000,0.000000,100.000000,0.000000,0.000000,"wRa1,wRb1,wRc1,bKd3","wRa1,wRb1,wRc1,bKd3"
RRRvK,9,3,1,rook,king,6654960,2894584,0,1,0,1,9,0,9,0,6654960,0,0,6654960,0,0,100.000000,0.000000,0.000000,100.000000,0.000000,0.000000,2894584,0,0,2894584,0,0,100.000000,0.000000,0.000000,100.000000,0.000000,0.000000,"wRa1,wRb1,wRc1,bKd3","wRa1,wRb1,wRc1,bKd3"
RRRvK,10,3,1,rook,king,15684900,na,0,1,na,na,9,0,9,na,15684900,0,0,15684900,0,0,100.000000,0.000000,0.000000,100.000000,0.000000,0.000000,na,na,na,na,na,na,na,na,na,na,na,na,"wRa1,wRb1,wRc1,bKd3","wRa1,wRb1,wRc1,bKd3"
RRRvK,11,3,1,rook,king,33981640,na,0,1,na,na,9,0,9,na,33981640,0,0,33981640,0,0,100.000000,0.000000,0.000000,100.000000,0.000000,0.000000,na,na,na,na,na,na,na,na,na,na,na,na,"wRa1,wRb1,wRc1,bKd3","wRa1,wRb1,wRc1,bKd3"
RRRvK,12,3,1,rook,king,68715504,na,0,1,na,na,9,0,9,na,68715504,0,0,68715504,0,0,100.000000,0.000000,0.000000,100.000000,0.000000,0.000000,na,na,na,na,na,na,na,na,na,na,na,na,"wRa1,wRb1,wRc1,bKd3","wRa1,wRb1,wRc1,bKd3"
RRRvKK,3,3,2,rook,king,1260,0,0,0,na,na,9,9,0,0,1192,68,0,134,182,944,94.603175,5.396825,0.000000,10.634921,14.444444,74.920635,0,0,0,0,0,0,0.000000,0.000000,0.000000,0.000000,0.000000,0.000000,"wRa1,wRb1,wRb2,bKc1,bKc2",
RRRvKK,4,3,2,rook,king,43680,220,0,0,0,1,19,13,15,0,43668,12,0,21720,21404,556,99.972527,0.027473,0.000000,49.725275,49.001832,1.272894,220,0,0,220,0,0,100.000000,0.000000,0.000000,100.000000,0.000000,0.000000,"wRa1,wRd1,wRa4,bKc2,bKb3","wRa1,wRb1,wRa2,bKd3,bKc4"
RRRvKK,5,3,2,rook,king,531300,13886,0,0,0,1,21,0,17,0,531258,42,0,345318,185982,0,99.992095,0.007905,0.000000,64.994918,35.005082,0.000000,13886,0,0,13886,0,0,100.000000,0.000000,0.000000,100.000000,0.000000,0.000000,"wRc1,wRe3,wRa4,bKd2,bKb5","wRa1,wRb1,wRe1,bKd3,bKc4"
RRRvKK,6,3,2,rook,king,3769920,226676,0,0,0,1,31,0,19,0,3769828,92,0,2880556,889364,0,99.997560,0.002440,0.000000,76.408942,23.591058,0.000000,226676,0,0,226676,0,0,100.000000,0.000000,0.000000,100.000000,0.000000,0.000000,"wRe2,wRc3,wRa5,bKd1,bKb4","wRa1,wRb1,wRe1,bKd3,bKc4"
RRRvKK,7,3,2,rook,king,19068840,1933834,0,0,0,1,35,0,21,0,19068760,80,0,16454506,2614334,0,99.999580,0.000420,0.000000,86.290021,13.709979,0.000000,1933834,0,0,1933834,0,0,100.000000,0.000000,0.000000,100.000000,0.000000,0.000000,"wRg1,wRe3,wRc5,bKf2,bKd4","wRb1,wRb2,wRf2,bKd3,bKe4"
RRRvKK,8,3,2,rook,king,76245120,11082588,0,0,0,1,33,0,21,0,76245000,120,0,69210864,7034256,0,99.999843,0.000157,0.000000,90.774156,9.225844,0.000000,11082588,0,0,11082588,0,0,100.000000,0.000000,0.000000,100.000000,0.000000,0.000000,"wRf2,wRd4,wRb6,bKe3,bKc5","wRa1,wRb1,wRa2,bKc3,bKd4"
RRRvKK,9,3,2,rook,king,256215960,48441950,0,0,0,1,33,0,23,0,256215792,168,0,239635510,16580450,0,99.999934,0.000066,0.000000,93.528721,6.471279,0.000000,48441950,0,0,48441950,0,0,100.000000,0.000000,0.000000,100.000000,0.000000,0.000000,"wRg2,wRe4,wRc6,bKf3,bKd5","wRc3,wRd3,wRc4,bKe5,bKg7"
RRRvKK,10,3,2,rook,king,752875200,na,0,0,na,na,35,0,23,na,752874976,224,0,717709976,35165224,0,99.999970,0.000030,0.000000,95.329209,4.670791,0.000000,na,na,na,na,na,na,na,na,na,na,na,na,"wRg3,wRe5,wRc7,bKf4,bKd6","wRb2,wRc2,wRb3,bKd4,bKe5"
RRRvKK,11,3,2,rook,king,1987925940,na,0,0,na,na,35,0,25,na,1987925652,288,0,1919238070,68687870,0,99.999986,0.000014,0.000000,96.544747,3.455253,0.000000,na,na,na,na,na,na,na,na,na,na,na,na,"wRh3,wRf5,wRd7,bKg4,bKe6","wRd4,wRh4,wRd8,bKf5,bKe6"
RRRvKK,12,3,2,rook,king,4810085280,na,0,0,na,na,37,0,25,na,4810084920,360,0,4684469176,125616104,0,99.999993,0.000007,0.000000,97.388485,2.611515,0.000000,na,na,na,na,na,na,na,na,na,na,na,na,"wRf4,wRh6,wRd7,bKg5,bKe8","wRd4,wRe4,wRi4,bKg5,bKf6"
RRRvN,3,3,1,rook,knight,504,4,0,0,0,0,3,0,0,0,500,4,0,448,56,0,99.206349,0.793651,0.000000,88.888889,11.111111,0.000000,0,4,0,0,4,0,0.000000,100.000000,0.000000,0.000000,100.000000,0.000000,"wRa1,wRb1,wRa2,bNc3",
RRRvN,4,3,1,rook,knight,7280,340,0,1,0,1,3,0,3,0,7280,0,0,7280,0,0,100.000000,0.000000,0.000000,100.000000,0.000000,0.000000,340,0,0,340,0,0,100.000000,0.000000,0.000000,100.000000,0.000000,0.000000,"wRa1,wRb1,wRc1,bNd2","wRa1,wRb1,wRc1,bNd4"
RRRvN,5,3,1,rook,knight,50600,6040,0,1,0,1,5,0,5,0,50600,0,0,50600,0,0,100.000000,0.000000,0.000000,100.000000,0.000000,0.000000,6040,0,0,6040,0,0,100.000000,0.000000,0.000000,100.000000,0.000000,0.000000,"wRa1,wRb1,wRd1,bNc3","wRa1,wRb1,wRd1,bNc4"
RRRvN,6,3,1,rook,knight,235620,45836,0,1,0,1,7,0,7,0,235620,0,0,235620,0,0,100.000000,0.000000,0.000000,100.000000,0.000000,0.000000,45836,0,0,45836,0,0,100.000000,0.000000,0.000000,100.000000,0.000000,0.000000,"wRa1,wRb1,wRc1,bNd2","wRa1,wRb1,wRc1,bNf2"
RRRvN,7,3,1,rook,knight,847504,225148,0,1,0,1,9,0,9,0,847504,0,0,847504,0,0,100.000000,0.000000,0.000000,100.000000,0.000000,0.000000,225148,0,0,225148,0,0,100.000000,0.000000,0.000000,100.000000,0.000000,0.000000,"wRa1,wRb1,wRa2,bNe5","wRa1,wRb1,wRa2,bNe5"
RRRvN,8,3,1,rook,knight,2541504,838116,0,1,0,1,9,0,9,0,2541504,0,0,2541504,0,0,100.000000,0.000000,0.000000,100.000000,0.000000,0.000000,838116,0,0,838116,0,0,100.000000,0.000000,0.000000,100.000000,0.000000,0.000000,"wRa1,wRb1,wRc1,bNd3","wRa1,wRb1,wRc1,bNf3"
RRRvN,9,3,1,rook,knight,6654960,2570600,0,1,0,1,11,0,11,0,6654960,0,0,6654960,0,0,100.000000,0.000000,0.000000,100.000000,0.000000,0.000000,2570600,0,0,2570600,0,0,100.000000,0.000000,0.000000,100.000000,0.000000,0.000000,"wRa1,wRb1,wRc1,bNe3","wRa1,wRb1,wRc1,bNe3"
RRRvN,10,3,1,rook,knight,15684900,na,0,1,na,na,13,0,13,na,15684900,0,0,15684900,0,0,100.000000,0.000000,0.000000,100.000000,0.000000,0.000000,na,na,na,na,na,na,na,na,na,na,na,na,"wRa1,wRb1,wRa2,bNf6","wRa1,wRb1,wRa2,bNf6"
RRRvN,11,3,1,rook,knight,33981640,na,0,1,na,na,13,0,13,na,33981640,0,0,33981640,0,0,100.000000,0.000000,0.000000,100.000000,0.000000,0.000000,na,na,na,na,na,na,na,na,na,na,na,na,"wRa1,wRb1,wRc1,bNd4","wRa1,wRb1,wRc1,bNd4"
RRRvN,12,3,1,rook,knight,68715504,na,0,1,na,na,13,0,13,na,68715504,0,0,68715504,0,0,100.000000,0.000000,0.000000,100.000000,0.000000,0.000000,na,na,na,na,na,na,na,na,na,na,na,na,"wRa1,wRb1,wRc1,bNd4","wRa1,wRb1,wRc1,bNd4"
RRRvNN,3,3,2,rook,knight,1260,0,0,1,na,na,5,0,0,0,1260,0,0,1260,0,0,100.000000,0.000000,0.000000,100.000000,0.000000,0.000000,0,0,0,0,0,0,0.000000,0.000000,0.000000,0.000000,0.000000,0.000000,"wRa1,wRb1,wRc1,bNc2,bNa3",
RRRvNN,4,3,2,rook,knight,43680,108,0,1,0,1,7,0,7,0,43680,0,0,43680,0,0,100.000000,0.000000,0.000000,100.000000,0.000000,0.000000,108,0,0,108,0,0,100.000000,0.000000,0.000000,100.000000,0.000000,0.000000,"wRa1,wRb1,wRd1,bNc2,bNc4","wRa1,wRc1,wRa3,bNb2,bNd2"
RRRvNN,5,3,2,rook,knight,531300,7284,0,0,0,1,11,0,9,0,531300,0,0,531292,8,0,100.000000,0.000000,0.000000,99.998494,0.001506,0.000000,7284,0,0,7284,0,0,100.000000,0.000000,0.000000,100.000000,0.000000,0.000000,"wRe1,wRb2,wRa5,bNd3,bNc4","wRa1,wRb1,wRc1,bNe3,bNd4"
RRRvNN,6,3,2,rook,knight,3769920,141652,0,0,0,1,13,0,11,0,3769920,0,0,3769856,64,0,100.000000,0.000000,0.000000,99.998302,0.001698,0.000000,141652,0,0,141652,0,0,100.000000,0.000000,0.000000,100.000000,0.000000,0.000000,"wRe1,wRd2,wRb4,bNf3,bNc6","wRa1,wRb1,wRc1,bNf3,bNd4"
RRRvNN,7,3,2,rook,knight,19068840,1344048,0,0,0,1,17,0,13,0,19068840,0,0,18805136,263704,0,100.000000,0.000000,0.000000,98.617095,1.382905,0.000000,1344048,0,0,1344048,0,0,100.000000,0.000000,0.000000,100.000000,0.000000,0.000000,"wRb1,wRf3,wRc4,bNd2,bNe5","wRa1,wRb1,wRc1,bNf2,bNe3"
RRRvNN,8,3,2,rook,knight,76245120,8292388,0,0,0,1,21,0,17,0,76245120,0,0,75573468,671652,0,100.000000,0.000000,0.000000,99.119089,0.880911,0.000000,8292388,0,0,8292388,0,0,100.000000,0.000000,0.000000,100.000000,0.000000,0.000000,"wRc2,wRg4,wRd5,bNe3,bNf6","wRa1,wRb1,wRg1,bNd4,bNf7"
RRRvNN,9,3,2,rook,knight,256215960,38236608,0,0,0,1,25,0,19,0,256215960,0,0,254851324,1364636,0,100.000000,0.000000,0.000000,99.467388,0.532612,0.000000,38236608,0,0,38236608,0,0,100.000000,0.000000,0.000000,100.000000,0.000000,0.000000,"wRc3,wRg5,wRd6,bNe4,bNf7","wRa1,wRb1,wRc1,bNg2,bNd6"
RRRvNN,10,3,2,rook,knight,752875200,na,0,0,na,na,27,0,21,na,752875200,0,0,750393436,2481764,0,100.000000,0.000000,0.000000,99.670362,0.329638,0.000000,na,na,na,na,na,na,na,na,na,na,na,na,"wRc2,wRg4,wRd5,bNe3,bNf6","wRa1,wRb1,wRc1,bNi4,bNf5"
RRRvNN,11,3,2,rook,knight,1987925940,na,0,0,na,na,31,0,23,na,1987925940,0,0,1983760088,4165852,0,100.000000,0.000000,0.000000,99.790442,0.209558,0.000000,na,na,na,na,na,na,na,na,na,na,na,na,"wRh2,wRe5,wRb8,bNg4,bNd7","wRa1,wRb1,wRc1,bNh5,bNe6"
RRRvNN,12,3,2,rook,knight,4810085280,na,0,0,na,na,35,0,25,na,4810085280,0,0,4803505340,6579940,0,100.000000,0.000000,0.000000,99.863205,0.136795,0.000000,na,na,na,na,na,na,na,na,na,na,na,na,"wRd4,wRh6,wRe7,bNf5,bNg8","wRa1,wRb1,wRc1,bNg5,bNe6"
RRRvQ,3,3,1,rook,queen,504,0,0,0,na,na,3,0,0,0,504,0,0,404,100,0,100.000000,0.000000,0.000000,80.158730,19.841270,0.000000,0,0,0,0,0,0,0.000000,0.000000,0.000000,0.000000,0.000000,0.000000,"wRa1,wRb1,wRa2,bQc3",
RRRvQ,4,3,1,rook,queen,7280,256,0,0,0,1,9,0,7,0,7280,0,0,3640,3640,0,100.000000,0.000000,0.000000,50.000000,50.000000,0.000000,256,0,0,256,0,0,100.000000,0.000000,0.000000,100.000000,0.000000,0.000000,"wRa1,wRb1,wRa2,bQc3","wRa1,wRb1,wRd1,bQc4"
RRRvQ,5,3,1,rook,queen,50600,4536,0,0,0,0,1,0,0,0,36600,14000,0,12,50588,0,72.332016,27.667984,0.000000,0.023715,99.976285,0.000000,0,4536,0,0,4536,0,0.000000,100.000000,0.000000,0.000000,100.000000,0.000000,"wRa1,wRb1,wRc1,bQd1",
RRRvQ,6,3,1,rook,queen,235620,34832,0,0,0,0,1,0,0,0,152820,82800,0,12,235608,0,64.858671,35.141329,0.000000,0.005093,99.994907,0.000000,0,34832,0,0,34832,0,0.000000,100.000000,0.000000,0.000000,100.000000,0.000000,"wRa1,wRb1,wRc1,bQd1",
RRRvQ,7,3,1,rook,queen,847504,172680,0,0,0,0,1,0,0,0,497644,349860,0,12,847492,0,58.718779,41.281221,0.000000,0.001416,99.998584,0.000000,0,172680,0,0,172680,0,0.000000,100.000000,0.000000,0.000000,100.000000,0.000000,"wRa1,wRb1,wRc1,bQd1",
RRRvQ,8,3,1,rook,queen,2541504,648832,0,0,0,0,1,0,0,0,1362368,1179136,0,12,2541492,0,53.604795,46.395205,0.000000,0.000472,99.999528,0.000000,0,648832,0,0,648832,0,0.000000,100.000000,0.000000,0.000000,100.000000,0.000000,"wRa1,wRb1,wRc1,bQd1",
RRRvQ,9,3,1,rook,queen,6654960,2010032,0,0,0,0,1,0,0,0,3280176,3374784,0,12,6654948,0,49.289192,50.710808,0.000000,0.000180,99.999820,0.000000,0,2010032,0,0,2010032,0,0.000000,100.000000,0.000000,0.000000,100.000000,0.000000,"wRa1,wRb1,wRc1,bQd1",
RRRvQ,10,3,1,rook,queen,15684900,na,0,0,na,na,1,0,0,na,7152900,8532000,0,12,15684888,0,45.603734,54.396266,0.000000,0.000077,99.999923,0.000000,na,na,na,na,na,na,na,na,na,na,na,na,"wRa1,wRb1,wRc1,bQd1",
RRRvQ,11,3,1,rook,queen,33981640,na,0,0,na,na,1,0,0,na,14415940,19565700,0,12,33981628,0,42.422732,57.577268,0.000000,0.000035,99.999965,0.000000,na,na,na,na,na,na,na,na,na,na,na,na,"wRa1,wRb1,wRc1,bQd1",
RRRvQ,12,3,1,rook,queen,68715504,na,0,0,na,na,1,0,0,na,27246384,41469120,0,12,68715492,0,39.650999,60.349001,0.000000,0.000017,99.999983,0.000000,na,na,na,na,na,na,na,na,na,na,na,na,"wRa1,wRb1,wRc1,bQd1",
RRRvQQ,3,3,2,rook,queen,1260,0,0,0,na,na,9,7,0,0,1154,106,0,54,96,1110,91.587302,8.412698,0.000000,4.285714,7.619048,88.095238,0,0,0,0,0,0,0.000000,0.000000,0.000000,0.000000,0.000000,0.000000,"wRa1,wRb1,wRb2,bQc2,bQc3",
RRRvQQ,4,3,2,rook,queen,43680,16,0,0,0,0,11,19,0,0,24708,18972,0,0,30000,13680,56.565934,43.434066,0.000000,0.000000,68.681319,31.318681,0,16,0,0,16,0,0.000000,100.000000,0.000000,0.000000,100.000000,0.000000,"wRa1,wRb1,wRd1,bQc2,bQd4",
RRRvQQ,5,3,2,rook,queen,531300,3504,0,0,0,0,3,9,0,0,136,531164,0,0,528708,2592,0.025598,99.974402,0.000000,0.000000,99.512140,0.487860,0,3504,0,0,3504,0,0.000000,100.000000,0.000000,0.000000,100.000000,0.000000,"wRc1,wRa2,wRb2,bQa1,bQb1",
RRRvQQ,6,3,2,rook,queen,3769920,75712,0,0,0,0,3,13,0,0,184,3769736,0,0,3759752,10168,0.004881,99.995119,0.000000,0.000000,99.730286,0.269714,0,75712,0,0,75712,0,0.000000,100.000000,0.000000,0.000000,100.000000,0.000000,"wRc1,wRa2,wRb2,bQa1,bQb1",
RRRvQQ,7,3,2,rook,queen,19068840,762484,0,0,0,0,3,0,0,0,232,19068608,0,0,19068840,0,0.001217,99.998783,0.000000,0.000000,100.000000,0.000000,0,762484,0,0,762484,0,0.000000,100.000000,0.000000,0.000000,100.000000,0.000000,"wRc1,wRa2,wRb2,bQa1,bQb1",
RRRvQQ,8,3,2,rook,queen,76245120,4868192,0,0,0,0,3,0,0,0,280,76244840,0,0,76245120,0,0.000367,99.999633,0.000000,0.000000,100.000000,0.000000,0,4868192,0,0,4868192,0,0.000000,100.000000,0.000000,0.000000,100.000000,0.000000,"wRc1,wRa2,wRb2,bQa1,bQb1",
RRRvQQ,9,3,2,rook,queen,256215960,23106896,0,0,0,0,3,0,0,0,328,256215632,0,0,256215960,0,0.000128,99.999872,0.000000,0.000000,100.000000,0.000000,0,23106896,0,0,23106896,0,0.000000,100.000000,0.000000,0.000000,100.000000,0.000000,"wRc1,wRa2,wRb2,bQa1,bQb1",
RRRvQQ,10,3,2,rook,queen,752875200,na,0,0,na,na,3,0,0,na,376,752874824,0,0,752875200,0,0.000050,99.999950,0.000000,0.000000,100.000000,0.000000,na,na,na,na,na,na,na,na,na,na,na,na,"wRc1,wRa2,wRb2,bQa1,bQb1",
RRRvQQ,11,3,2,rook,queen,1987925940,na,0,0,na,na,3,0,0,na,424,1987925516,0,0,1987925940,0,0.000021,99.999979,0.000000,0.000000,100.000000,0.000000,na,na,na,na,na,na,na,na,na,na,na,na,"wRc1,wRa2,wRb2,bQa1,bQb1",
RRRvQQ,12,3,2,rook,queen,4810085280,na,0,0,na,na,3,0,0,na,472,4810084808,0,0,4810085280,0,0.000010,99.999990,0.000000,0.000000,100.000000,0.000000,na,na,na,na,na,na,na,na,na,na,na,na,"wRc1,wRa2,wRb2,bQa1,bQb1",
RRRvR,3,3,1,rook,rook,504,36,0,1,0,1,3,0,3,0,504,0,0,504,0,0,100.000000,0.000000,0.000000,100.000000,0.000000,0.000000,36,0,0,36,0,0,100.000000,0.000000,0.000000,100.000000,0.000000,0.000000,"wRa1,wRb1,wRa2,bRc3","wRa1,wRb1,wRa2,bRc3"
RRRvR,4,3,1,rook,rook,7280,1344,0,0,0,1,5,0,5,0,7280,0,0,4400,2880,0,100.000000,0.000000,0.000000,60.439560,39.560440,0.000000,1344,0,0,1344,0,0,100.000000,0.000000,0.000000,100.000000,0.000000,0.000000,"wRa1,wRb1,wRc1,bRd2","wRa1,wRb1,wRc1,bRd2"
RRRvR,5,3,1,rook,rook,50600,14000,0,0,0,0,1,0,0,0,36600,14000,0,400,50200,0,72.332016,27.667984,0.000000,0.790514,99.209486,0.000000,0,14000,0,0,14000,0,0.000000,100.000000,0.000000,0.000000,100.000000,0.000000,"wRa1,wRb1,wRc1,bRd1",
RRRvR,6,3,1,rook,rook,235620,82800,0,0,0,0,1,0,0,0,152820,82800,0,900,234720,0,64.858671,35.141329,0.000000,0.381971,99.618029,0.000000,0,82800,0,0,82800,0,0.000000,100.000000,0.000000,0.000000,100.000000,0.000000,"wRa1,wRb1,wRc1,bRd1",
RRRvR,7,3,1,rook,rook,847504,349860,0,0,0,0,1,0,0,0,497644,349860,0,1764,845740,0,58.718779,41.281221,0.000000,0.208141,99.791859,0.000000,0,349860,0,0,349860,0,0.000000,100.000000,0.000000,0.000000,100.000000,0.000000,"wRa1,wRb1,wRc1,bRd1",
RRRvR,8,3,1,rook,rook,2541504,1179136,0,0,0,0,1,0,0,0,1362368,1179136,0,3136,2538368,0,53.604795,46.395205,0.000000,0.123392,99.876608,0.000000,0,1179136,0,0,1179136,0,0.000000,100.000000,0.000000,0.000000,100.000000,0.000000,"wRa1,wRb1,wRc1,bRd1",
RRRvR,9,3,1,rook,rook,6654960,3374784,0,0,0,0,1,0,0,0,3280176,3374784,0,5184,6649776,0,49.289192,50.710808,0.000000,0.077897,99.922103,0.000000,0,3374784,0,0,3374784,0,0.000000,100.000000,0.000000,0.000000,100.000000,0.000000,"wRa1,wRb1,wRc1,bRd1",
RRRvR,10,3,1,rook,rook,15684900,na,0,0,na,na,1,0,0,na,7152900,8532000,0,8100,15676800,0,45.603734,54.396266,0.000000,0.051642,99.948358,0.000000,na,na,na,na,na,na,na,na,na,na,na,na,"wRa1,wRb1,wRc1,bRd1",
RRRvR,11,3,1,rook,rook,33981640,na,0,0,na,na,1,0,0,na,14415940,19565700,0,12100,33969540,0,42.422732,57.577268,0.000000,0.035607,99.964393,0.000000,na,na,na,na,na,na,na,na,na,na,na,na,"wRa1,wRb1,wRc1,bRd1",
RRRvR,12,3,1,rook,rook,68715504,na,0,0,na,na,1,0,0,na,27246384,41469120,0,17424,68698080,0,39.650999,60.349001,0.000000,0.025357,99.974643,0.000000,na,na,na,na,na,na,na,na,na,na,na,na,"wRa1,wRb1,wRc1,bRd1",
RRRvRR,3,3,2,rook,rook,1260,0,0,0,na,na,7,7,0,0,1260,0,0,656,508,96,100.000000,0.000000,0.000000,52.063492,40.317460,7.619048,0,0,0,0,0,0,0.000000,0.000000,0.000000,0.000000,0.000000,0.000000,"wRa1,wRc1,wRb2,bRa3,bRc3",
RRRvRR,4,3,2,rook,rook,43680,1248,0,0,0,0,7,0,0,0,30080,13600,0,0,43680,0,68.864469,31.135531,0.000000,0.000000,100.000000,0.000000,0,1248,0,0,1248,0,0.000000,100.000000,0.000000,0.000000,100.000000,0.000000,"wRa1,wRb1,wRc1,bRd1,bRd2",
RRRvRR,5,3,2,rook,rook,531300,38800,0,0,0,0,3,0,0,0,4400,526900,0,0,531300,0,0.828157,99.171843,0.000000,0.000000,100.000000,0.000000,0,38800,0,0,38800,0,0.000000,100.000000,0.000000,0.000000,100.000000,0.000000,"wRa1,wRb1,wRa2,bRc1,bRc2",
RRRvRR,6,3,2,rook,rook,3769920,457200,0,0,0,0,3,0,0,0,13200,3756720,0,0,3769920,0,0.350140,99.649860,0.000000,0.000000,100.000000,0.000000,0,457200,0,0,457200,0,0.000000,100.000000,0.000000,0.000000,100.000000,0.000000,"wRa1,wRb1,wRa2,bRc1,bRc2",
RRRvRR,7,3,2,rook,rook,19068840,3222240,0,0,0,0,3,0,0,0,32340,19036500,0,0,19068840,0,0.169596,99.830404,0.000000,0.000000,100.000000,0.000000,0,3222240,0,0,3222240,0,0.000000,100.000000,0.000000,0.000000,100.000000,0.000000,"wRa1,wRb1,wRa2,bRc1,bRc2",
RRRvRR,8,3,2,rook,rook,76245120,16338560,0,0,0,0,3,0,0,0,68992,76176128,0,0,76245120,0,0.090487,99.909513,0.000000,0.000000,100.000000,0.000000,0,16338560,0,0,16338560,0,0.000000,100.000000,0.000000,0.000000,100.000000,0.000000,"wRa1,wRb1,wRa2,bRc1,bRc2",
RRRvRR,9,3,2,rook,rook,256215960,65717568,0,0,0,0,3,0,0,0,133056,256082904,0,0,256215960,0,0.051931,99.948069,0.000000,0.000000,100.000000,0.000000,0,65717568,0,0,65717568,0,0.000000,100.000000,0.000000,0.000000,100.000000,0.000000,"wRa1,wRb1,wRa2,bRc1,bRc2",
RRRvRR,10,3,2,rook,rook,752875200,na,0,0,na,na,3,0,0,na,237600,752637600,0,0,752875200,0,0.031559,99.968441,0.000000,0.000000,100.000000,0.000000,na,na,na,na,na,na,na,na,na,na,na,na,"wRa1,wRb1,wRa2,bRc1,bRc2",
RRRvRR,11,3,2,rook,rook,1987925940,na,0,0,na,na,3,0,0,na,399300,1987526640,0,0,1987925940,0,0.020086,99.979914,0.000000,0.000000,100.000000,0.000000,na,na,na,na,na,na,na,na,na,na,na,na,"wRa1,wRb1,wRa2,bRc1,bRc2",
RRRvRR,12,3,2,rook,rook,4810085280,na,0,0,na,na,3,0,0,na,638880,4809446400,0,0,4810085280,0,0.013282,99.986718,0.000000,0.000000,100.000000,0.000000,na,na,na,na,na,na,na,na,na,na,na,na,"wRa1,wRb1,wRa2,bRc1,bRc2",
RRvB,3,2,1,rook,bishop,252,8,0,0,0,1,5,0,3,0,252,0,0,224,28,0,100.000000,0.000000,0.000000,88.888889,11.111111,0.000000,8,0,0,8,0,0,100.000000,0.000000,0.000000,100.000000,0.000000,0.000000,"wRa1,wRc1,bBb2","wRa1,wRc1,bBb3"
RRvB,4,2,1,rook,bishop,1680,204,0,0,0,1,7,0,5,0,1680,0,0,1448,232,0,100.000000,0.000000,0.000000,86.190476,13.809524,0.000000,204,0,0,204,0,0,100.000000,0.000000,0.000000,100.000000,0.000000,0.000000,"wRa1,wRb2,bBd4","wRb1,wRa2,bBc3"
RRvB,5,2,1,rook,bishop,6900,1444,0,0,0,1,9,0,7,0,6900,0,0,5284,1616,0,100.000000,0.000000,0.000000,76.579710,23.420290,0.000000,1444,0,0,1444,0,0,100.000000,0.000000,0.000000,100.000000,0.000000,0.000000,"wRe1,wRa5,bBd2","wRd1,wRa2,bBc3"
RRvB,6,2,1,rook,bishop,21420,6116,0,0,0,0,11,0,11,0,18052,3368,0,5944,15476,0,84.276377,15.723623,0.000000,27.749767,72.250233,0.000000,4424,1692,0,2528,3588,0,72.334859,27.665141,0.000000,41.334205,58.665795,0.000000,"wRa1,wRb1,bBc2","wRa1,wRf1,bBb4"
RRvB,7,2,1,rook,bishop,55272,19364,0,0,0,0,17,0,17,0,33626,21646,0,2652,52620,0,60.837314,39.162686,0.000000,4.798089,95.201911,0.000000,5840,13524,0,1316,18048,0,30.159058,69.840942,0.000000,6.796117,93.203883,0.000000,"wRa1,wRd1,bBb4","wRa1,wRd1,bBb4"
RRvB,8,2,1,rook,bishop,124992,50664,0,0,0,0,9,0,9,0,53320,71672,0,312,124680,0,42.658730,57.341270,0.000000,0.249616,99.750384,0.000000,1424,49240,0,0,50664,0,2.810674,97.189326,0.000000,0.000000,100.000000,0.000000,"wRc1,wRc2,bBa4","wRf2,wRa3,bBd1"
RRvB,9,2,1,rook,bishop,255960,115768,0,0,0,0,9,0,9,0,97392,158568,0,348,255612,0,38.049695,61.950305,0.000000,0.135959,99.864041,0.000000,1860,113908,0,0,115768,0,1.606662,98.393338,0.000000,0.000000,100.000000,0.000000,"wRc1,wRc2,bBa4","wRf2,wRa3,bBd1"
RRvB,10,2,1,rook,bishop,485100,na,0,0,na,na,9,0,9,na,167108,317992,0,384,484716,0,34.448155,65.551845,0.000000,0.079159,99.920841,0.000000,na,na,na,na,na,na,na,na,na,na,na,na,"wRc1,wRc2,bBa4","wRf2,wRa3,bBd1"
RRvB,11,2,1,rook,bishop,863940,na,0,0,na,na,9,0,9,na,272422,591518,0,420,863520,0,31.532514,68.467486,0.000000,0.048614,99.951386,0.000000,na,na,na,na,na,na,na,na,na,na,na,na,"wRc1,wRc2,bBa4","wRf2,wRa3,bBd1"
RRvB,12,2,1,rook,bishop,1462032,na,0,0,na,na,9,0,9,na,425592,1036440,0,456,1461576,0,29.109623,70.890377,0.000000,0.031189,99.968811,0.000000,na,na,na,na,na,na,na,na,na,na,na,na,"wRc1,wRc2,bBa4","wRf2,wRa3,bBd1"
RRvB,3,2,1,rook+rook,bishop,504,16,0,0,0,1,5,0,3,na,504,0,0,448,56,0,100.000000,0.000000,0.000000,88.888889,11.111111,0.000000,16,0,0,16,0,0,100.000000,0.000000,0.000000,100.000000,0.000000,0.000000,"wRa1,wRc1,bBb2","wRa1,wRc1,bBb3"
RRvB,4,2,1,rook+rook,bishop,3360,408,0,0,0,1,7,0,5,na,3360,0,0,2896,464,0,100.000000,0.000000,0.000000,86.190476,13.809524,0.000000,408,0,0,408,0,0,100.000000,0.000000,0.000000,100.000000,0.000000,0.000000,"wRa1,wRb2,bBd4","wRa1,wRd2,bBb3"
RRvB,5,2,1,rook+rook,bishop,13800,2888,0,0,0,1,9,0,7,na,13800,0,0,10568,3232,0,100.000000,0.000000,0.000000,76.579710,23.420290,0.000000,2888,0,0,2888,0,0,100.000000,0.000000,0.000000,100.000000,0.000000,0.000000,"wRa1,wRe5,bBb2","wRb1,wRe2,bBc3"
RRvB,6,2,1,rook+rook,bishop,42840,12232,0,0,0,0,11,0,11,na,36104,6736,0,11888,30952,0,84.276377,15.723623,0.000000,27.749767,72.250233,0.000000,8848,3384,0,5056,7176,0,72.334859,27.665141,0.000000,41.334205,58.665795,0.000000,"wRa1,wRb1,bBc2","wRa1,wRf1,bBb4"
RRvB,7,2,1,rook+rook,bishop,110544,38728,0,0,0,0,17,0,17,na,67252,43292,0,5304,105240,0,60.837314,39.162686,0.000000,4.798089,95.201911,0.000000,11680,27048,0,2632,36096,0,30.159058,69.840942,0.000000,6.796117,93.203883,0.000000,"wRa1,wRd1,bBb4","wRa1,wRd1,bBb4"
RRvB,8,2,1,rook+rook,bishop,249984,101328,0,0,0,0,9,0,9,na,106640,143344,0,624,249360,0,42.658730,57.341270,0.000000,0.249616,99.750384,0.000000,2848,98480,0,0,101328,0,2.810674,97.189326,0.000000,0.000000,100.000000,0.000000,"wRa1,wRf6,bBh4","wRc1,wRc3,bBa4"
RRvB,9,2,1,rook+rook,bishop,511920,231536,0,0,0,0,9,0,9,na,194784,317136,0,696,511224,0,38.049695,61.950305,0.000000,0.135959,99.864041,0.000000,3720,227816,0,0,231536,0,1.606662,98.393338,0.000000,0.000000,100.000000,0.000000,"wRa1,wRg6,bBi4","wRc1,wRc3,bBa4"
RRvB,10,2,1,rook+rook,bishop,970200,478000,0,0,0,0,9,0,9,na,334216,635984,0,768,969432,0,34.448155,65.551845,0.000000,0.079159,99.920841,0.000000,4688,473312,0,0,478000,0,0.980753,99.019247,0.000000,0.000000,100.000000,0.000000,"wRa1,wRh6,bBj4","wRc1,wRc3,bBa4"
RRvB,11,2,1,rook+rook,bishop,1727880,911840,0,0,0,0,9,0,9,na,544844,1183036,0,840,1727040,0,31.532514,68.467486,0.000000,0.048614,99.951386,0.000000,5752,906088,0,0,911840,0,0.630812,99.369188,0.000000,0.000000,100.000000,0.000000,"wRa1,wRi6,bBk4","wRc1,wRc3,bBa4"
RRvB,12,2,1,rook+rook,bishop,2924064,1632680,0,0,0,0,9,0,9,na,851184,2072880,0,912,2923152,0,29.109623,70.890377,0.000000,0.031189,99.968811,0.000000,6912,1625768,0,0,1632680,0,0.423353,99.576647,0.000000,0.000000,100.000000,0.000000,"wRa1,wRj6,bBl4","wRc1,wRc3,bBa4"
RRvBB,3,2,2,rook,bishop,756,0,0,0,na,na,13,7,0,0,740,16,0,392,292,72,97.883598,2.116402,0.000000,51.851852,38.624339,9.523810,0,0,0,0,0,0,0.000000,0.000000,0.000000,0.000000,0.000000,0.000000,"wRc1,wRa3,bBb1,bBb2",
RRvBB,4,2,2,rook,bishop,10920,112,0,0,0,1,15,5,13,0,10416,504,0,4296,6528,96,95.384615,4.615385,0.000000,39.340659,59.780220,0.879121,112,0,0,112,0,0,100.000000,0.000000,0.000000,100.000000,0.000000,0.000000,"wRc1,wRa3,bBc2,bBb3","wRa1,wRc1,bBb3,bBd3"
RRvBB,5,2,2,rook,bishop,75900,3004,0,0,0,0,29,5,29,0,64948,10952,0,20996,54768,136,85.570487,14.429513,0.000000,27.662714,72.158103,0.179183,2640,364,0,2124,880,0,87.882823,12.117177,0.000000,70.705726,29.294274,0.000000,"wRb1,wRd1,bBc3,bBc4","wRb1,wRd1,bBc3,bBc4"
RRvBB,6,2,2,rook,bishop,353430,27464,0,0,0,0,13,5,0,0,86748,266682,0,88,353166,176,24.544606,75.455394,0.000000,0.024899,99.925303,0.049798,0,27464,0,0,27464,0,0.000000,100.000000,0.000000,0.000000,100.000000,0.000000,"wRb1,wRa2,bBa1,bBd1",
RRvBB,7,2,2,rook,bishop,1271256,152332,0,0,0,0,17,5,0,0,52990,1218266,0,0,1271040,216,4.168319,95.831681,0.000000,0.000000,99.983009,0.016991,0,152332,0,0,152332,0,0.000000,100.000000,0.000000,0.000000,100.000000,0.000000,"wRa1,wRc1,bBb4,bBc4",
RRvBB,8,2,2,rook,bishop,3812256,617632,0,0,0,0,9,5,0,0,5868,3806388,0,0,3812000,256,0.153925,99.846075,0.000000,0.000000,99.993285,0.006715,0,617632,0,0,617632,0,0.000000,100.000000,0.000000,0.000000,100.000000,0.000000,"wRc1,wRc2,bBa4,bBc6",
RRvBB,9,2,2,rook,bishop,9982440,2024680,0,0,0,0,9,5,0,0,7576,9974864,0,0,9982144,296,0.075893,99.924107,0.000000,0.000000,99.997035,0.002965,0,2024680,0,0,2024680,0,0.000000,100.000000,0.000000,0.000000,100.000000,0.000000,"wRc1,wRc2,bBa4,bBc6",
RRvBB,10,2,2,rook,bishop,23527350,na,0,0,na,na,9,5,0,na,9500,23517850,0,0,23527014,336,0.040379,99.959621,0.000000,0.000000,99.998572,0.001428,na,na,na,na,na,na,na,na,na,na,na,na,"wRc1,wRc2,bBa4,bBc6",
RRvBB,11,2,2,rook,bishop,50972460,na,0,0,na,na,9,5,0,na,11640,50960820,0,0,50972084,376,0.022836,99.977164,0.000000,0.000000,99.999262,0.000738,na,na,na,na,na,na,na,na,na,na,na,na,"wRc1,wRc2,bBa4,bBc6",
RRvBB,12,2,2,rook,bishop,103073256,na,0,0,na,na,9,5,0,na,13996,103059260,0,0,103072840,416,0.013579,99.986421,0.000000,0.000000,99.999596,0.000404,na,na,na,na,na,na,na,na,na,na,na,na,"wRc1,wRc2,bBa4,bBc6",
RRvK,3,2,1,rook,king,252,16,0,0,0,0,5,7,3,0,234,18,0,78,64,110,92.857143,7.142857,0.000000,30.952381,25.396825,43.650794,12,4,0,4,12,0,75.000000,25.000000,0.000000,25.000000,75.000000,0.000000,"wRa2,wRc2,bKb1","wRa1,wRb1,bKc3"
RRvK,4,2,1,rook,king,1680,320,0,0,0,1,13,0,13,0,1680,0,0,1052,628,0,100.000000,0.000000,0.000000,62.619048,37.380952,0.000000,320,0,0,320,0,0,100.000000,0.000000,0.000000,100.000000,0.000000,0.000000,"wRd1,wRa4,bKb2","wRd1,wRa4,bKb2"
RRvK,5,2,1,rook,king,6900,2106,0,0,0,1,13,0,13,0,6900,0,0,4838,2062,0,100.000000,0.000000,0.000000,70.115942,29.884058,0.000000,2106,0,0,2106,0,0,100.000000,0.000000,0.000000,100.000000,0.000000,0.000000,"wRd1,wRa2,bKb3","wRd1,wRa4,bKb2"
RRvK,6,2,1,rook,king,21420,8512,0,0,0,1,15,0,15,0,21420,0,0,16312,5108,0,100.000000,0.000000,0.000000,76.153128,23.846872,0.000000,8512,0,0,8512,0,0,100.000000,0.000000,0.000000,100.000000,0.000000,0.000000,"wRb1,wRa2,bKc3","wRb1,wRa2,bKc3"
RRvK,7,2,1,rook,king,55272,26000,0,0,0,1,17,0,15,0,55272,0,0,44618,10654,0,100.000000,0.000000,0.000000,80.724417,19.275583,0.000000,26000,0,0,26000,0,0,100.000000,0.000000,0.000000,100.000000,0.000000,0.000000,"wRe2,wRb5,bKd3","wRb1,wRa2,bKc3"
RRvK,8,2,1,rook,king,124992,66096,0,0,0,1,17,0,17,0,124992,0,0,105212,19780,0,100.000000,0.000000,0.000000,84.174987,15.825013,0.000000,66096,0,0,66096,0,0,100.000000,0.000000,0.000000,100.000000,0.000000,0.000000,"wRf1,wRc2,bKd3","wRb2,wRc2,bKd4"
RRvK,9,2,1,rook,king,255960,147490,0,0,0,1,19,0,17,0,255960,0,0,222202,33758,0,100.000000,0.000000,0.000000,86.811221,13.188779,0.000000,147490,0,0,147490,0,0,100.000000,0.000000,0.000000,100.000000,0.000000,0.000000,"wRf4,wRd6,bKe5","wRc2,wRd2,bKe4"
RRvK,10,2,1,rook,king,485100,na,0,0,na,na,19,0,19,na,485100,0,0,431048,54052,0,100.000000,0.000000,0.000000,88.857555,11.142445,0.000000,na,na,na,na,na,na,na,na,na,na,na,na,"wRg2,wRd3,bKe4","wRc3,wRd3,bKe5"
RRvK,11,2,1,rook,king,863940,na,0,0,na,na,21,0,19,na,863940,0,0,781622,82318,0,100.000000,0.000000,0.000000,90.471792,9.528208,0.000000,na,na,na,na,na,na,na,na,na,na,na,na,"wRg5,wRe7,bKf6","wRc3,wRd3,bKf5"
RRvK,12,2,1,rook,king,1462032,na,0,0,na,na,21,0,21,na,1462032,0,0,1341628,120404,0,100.000000,0.000000,0.000000,91.764613,8.235387,0.000000,na,na,na,na,na,na,na,na,na,na,na,na,"wRh3,wRe4,bKf5","wRd4,wRe4,bKf6"
RRvK,3,2,1,rook+rook,king,504,32,0,0,0,0,5,7,3,na,468,36,0,156,128,220,92.857143,7.142857,0.000000,30.952381,25.396825,43.650794,24,8,0,8,24,0,75.000000,25.000000,0.000000,25.000000,75.000000,0.000000,"wRb1,wRb3,bKa2","wRa1,wRb1,bKc3"
RRvK,4,2,1,rook+rook,king,3360,640,0,0,0,1,13,0,13,na,3360,0,0,2104,1256,0,100.000000,0.000000,0.000000,62.619048,37.380952,0.000000,640,0,0,640,0,0,100.000000,0.000000,0.000000,100.000000,0.000000,0.000000,"wRa1,wRd4,bKb2","wRa1,wRd4,bKc2"
RRvK,5,2,1,rook+rook,king,13800,4212,0,0,0,1,13,0,13,na,13800,0,0,9676,4124,0,100.000000,0.000000,0.000000,70.115942,29.884058,0.000000,4212,0,0,4212,0,0,100.000000,0.000000,0.000000,100.000000,0.000000,0.000000,"wRa1,wRb2,bKc3","wRa1,wRd4,bKc2"
RRvK,6,2,1,rook+rook,king,42840,17024,0,0,0,1,15,0,15,na,42840,0,0,32624,10216,0,100.000000,0.000000,0.000000,76.153128,23.846872,0.000000,17024,0,0,17024,0,0,100.000000,0.000000,0.000000,100.000000,0.000000,0.000000,"wRa1,wRb2,bKc3","wRa1,wRb2,bKd4"
RRvK,7,2,1,rook+rook,king,110544,52000,0,0,0,1,17,0,15,na,110544,0,0,89236,21308,0,100.000000,0.000000,0.000000,80.724417,19.275583,0.000000,52000,0,0,52000,0,0,100.000000,0.000000,0.000000,100.000000,0.000000,0.000000,"wRb2,wRe5,bKc3","wRa1,wRb2,bKd3"
RRvK,8,2,1,rook+rook,king,249984,132192,0,0,0,1,17,0,17,na,249984,0,0,210424,39560,0,100.000000,0.000000,0.000000,84.174987,15.825013,0.000000,132192,0,0,132192,0,0,100.000000,0.000000,0.000000,100.000000,0.000000,0.000000,"wRb1,wRc7,bKd6","wRb2,wRc2,bKd4"
RRvK,9,2,1,rook+rook,king,511920,294980,0,0,0,1,19,0,17,na,511920,0,0,444404,67516,0,100.000000,0.000000,0.000000,86.811221,13.188779,0.000000,294980,0,0,294980,0,0,100.000000,0.000000,0.000000,100.000000,0.000000,0.000000,"wRd4,wRf6,bKe5","wRb2,wRc3,bKe4"
RRvK,10,2,1,rook+rook,king,970200,596992,0,0,0,1,19,0,19,na,970200,0,0,862096,108104,0,100.000000,0.000000,0.000000,88.857555,11.142445,0.000000,596992,0,0,596992,0,0,100.000000,0.000000,0.000000,100.000000,0.000000,0.000000,"wRd2,wRg3,bKf4","wRc3,wRd3,bKe5"
RRvK,11,2,1,rook+rook,king,1727880,1119744,0,0,0,1,21,0,19,na,1727880,0,0,1563244,164636,0,100.000000,0.000000,0.000000,90.471792,9.528208,0.000000,1119744,0,0,1119744,0,0,100.000000,0.000000,0.000000,100.000000,0.000000,0.000000,"wRe5,wRg7,bKf6","wRc3,wRd3,bKf5"
RRvK,12,2,1,rook+rook,king,2924064,1976000,0,0,0,1,21,0,21,na,2924064,0,0,2683256,240808,0,100.000000,0.000000,0.000000,91.764613,8.235387,0.000000,1976000,0,0,1976000,0,0,100.000000,0.000000,0.000000,100.000000,0.000000,0.000000,"wRe3,wRh4,bKg5","wRd4,wRe4,bKf6"
RRvKK,3,2,2,rook,king,756,0,0,0,na,na,7,9,0,0,276,110,370,0,2,754,36.507937,14.550265,48.941799,0.000000,0.264550,99.735450,0,0,0,0,0,0,0.000000,0.000000,0.000000,0.000000,0.000000,0.000000,"wRc1,wRa2,bKb2,bKc2",
RRvKK,4,2,2,rook,king,10920,364,0,0,0,0,15,13,15,0,6248,4616,56,100,5382,5438,57.216117,42.271062,0.512821,0.915751,49.285714,49.798535,24,338,2,2,362,0,6.593407,92.857143,0.549451,0.549451,99.450549,0.000000,"wRa1,wRd1,bKb2,bKa4","wRb1,wRb2,bKd3,bKa4"
RRvKK,5,2,2,rook,king,75900,6886,0,0,0,0,27,3,27,0,47600,28300,0,2642,73086,172,62.714097,37.285903,0.000000,3.480896,96.292490,0.226614,1384,5502,0,434,6452,0,20.098751,79.901249,0.000000,6.302643,93.697357,0.000000,"wRb2,wRc2,bKa1,bKa5","wRc2,wRc3,bKa1,bKe1"
RRvKK,6,2,2,rook,king,353430,55020,0,0,0,0,37,3,37,0,242708,110722,0,35100,318186,144,68.672156,31.327844,0.000000,9.931245,90.028011,0.040744,20594,34426,0,9768,45252,0,37.430025,62.569975,0.000000,17.753544,82.246456,0.000000,"wRb1,wRb2,bKa3,bKd6","wRd1,wRc2,bKe3,bKb6"
RRvKK,7,2,2,rook,king,1271256,278824,0,0,0,0,47,3,47,0,971520,299736,0,293674,977438,144,76.422058,23.577942,0.000000,23.101091,76.887582,0.011327,159202,119622,0,108824,170000,0,57.097667,42.902333,0.000000,39.029639,60.970361,0.000000,"wRd2,wRb4,bKf3,bKc6","wRd2,wRb4,bKf3,bKc6"
RRvKK,8,2,2,rook,king,3812256,1059820,0,0,0,0,41,3,41,0,3063314,748942,0,1233162,2578950,144,80.354362,19.645638,0.000000,32.347303,67.648920,0.003777,694906,364914,0,514188,545632,0,65.568304,34.431696,0.000000,48.516541,51.483459,0.000000,"wRb1,wRd2,bKc3,bKf6","wRg2,wRb7,bKc3,bKf6"
RRvKK,9,2,2,rook,king,9982440,3301134,0,0,0,0,39,3,39,0,8311402,1671038,0,4039472,5942824,144,83.260225,16.739775,0.000000,40.465778,59.532780,0.001443,2368566,932568,0,1846324,1454810,0,71.750071,28.249929,0.000000,55.929993,44.070007,0.000000,"wRa1,wRb1,bKc3,bKf5","wRa1,wRb1,bKc3,bKf5"
RRvKK,10,2,2,rook,king,23527350,na,0,0,na,na,41,3,41,na,20127464,3399886,0,11190164,12337042,144,85.549218,14.450782,0.000000,47.562365,52.437023,0.000612,na,na,na,na,na,na,na,na,na,na,na,na,"wRc1,wRd1,bKe3,bKh5","wRc1,wRd1,bKe3,bKh5"
RRvKK,11,2,2,rook,king,50972460,na,0,0,na,na,41,3,41,na,44543344,6429116,0,27357554,23614762,144,87.387079,12.612921,0.000000,53.671245,46.328472,0.000283,na,na,na,na,na,na,na,na,na,na,na,na,"wRh1,wRb2,bKf4,bKc6","wRh1,wRb2,bKf4,bKc6"
RRvKK,12,2,2,rook,king,103073256,na,0,0,na,na,43,3,43,na,91617466,11455790,0,60705614,42367498,144,88.885778,11.114222,0.000000,58.895601,41.104259,0.000140,na,na,na,na,na,na,na,na,na,na,na,na,"wRd1,wRe1,bKf3,bKi5","wRd1,wRe1,bKf3,bKi5"
RRvN,3,2,1,rook,knight,252,14,0,0,0,0,3,0,3,0,246,6,0,224,28,0,97.619048,2.380952,0.000000,88.888889,11.111111,0.000000,8,6,0,8,6,0,57.142857,42.857143,0.000000,57.142857,42.857143,0.000000,"wRa1,wRb1,bNc2","wRa1,wRb2,bNc3"
RRvN,4,2,1,rook,knight,1680,244,0,1,0,1,5,0,5,0,1680,0,0,1680,0,0,100.000000,0.000000,0.000000,100.000000,0.000000,0.000000,244,0,0,244,0,0,100.000000,0.000000,0.000000,100.000000,0.000000,0.000000,"wRc1,wRa3,bNb2","wRc1,wRa3,bNb2"
RRvN,5,2,1,rook,knight,6900,1724,0,1,0,1,5,0,5,0,6900,0,0,6900,0,0,100.000000,0.000000,0.000000,100.000000,0.000000,0.000000,1724,0,0,1724,0,0,100.000000,0.000000,0.000000,100.000000,0.000000,0.000000,"wRa1,wRb1,bNc2","wRa1,wRb1,bNe2"
RRvN,6,2,1,rook,knight,21420,7292,0,1,0,1,7,0,7,0,21420,0,0,21420,0,0,100.000000,0.000000,0.000000,100.000000,0.000000,0.000000,7292,0,0,7292,0,0,100.000000,0.000000,0.000000,100.000000,0.000000,0.000000,"wRa1,wRb1,bNc2","wRa1,wRb1,bNe2"
RRvN,7,2,1,rook,knight,55272,23026,0,0,0,1,9,0,9,0,55272,0,0,48192,7080,0,100.000000,0.000000,0.000000,87.190621,12.809379,0.000000,23026,0,0,23026,0,0,100.000000,0.000000,0.000000,100.000000,0.000000,0.000000,"wRa1,wRb1,bNc2","wRa1,wRb1,bNf2"
RRvN,8,2,1,rook,knight,124992,59972,0,0,0,1,11,0,11,0,124992,0,0,110012,14980,0,100.000000,0.000000,0.000000,88.015233,11.984767,0.000000,59972,0,0,59972,0,0,100.000000,0.000000,0.000000,100.000000,0.000000,0.000000,"wRa1,wRb1,bNc2","wRa1,wRb1,bNe3"
RRvN,9,2,1,rook,knight,255960,136244,0,0,0,1,13,0,13,0,255960,0,0,229232,26728,0,100.000000,0.000000,0.000000,89.557743,10.442257,0.000000,136244,0,0,136244,0,0,100.000000,0.000000,0.000000,100.000000,0.000000,0.000000,"wRa1,wRb1,bNc3","wRa1,wRb1,bNg3"
RRvN,10,2,1,rook,knight,485100,na,0,0,na,na,17,0,15,na,485100,0,0,440904,44196,0,100.000000,0.000000,0.000000,90.889301,9.110699,0.000000,na,na,na,na,na,na,na,na,na,na,na,na,"wRb1,wRa2,bNc3","wRa1,wRb1,bNd3"
RRvN,11,2,1,rook,knight,863940,na,0,0,na,na,17,0,17,na,863940,0,0,794972,68968,0,100.000000,0.000000,0.000000,92.017038,7.982962,0.000000,na,na,na,na,na,na,na,na,na,na,na,na,"wRa1,wRb1,bNc3","wRa1,wRb1,bNe5"
RRvN,12,2,1,rook,knight,1462032,na,0,0,na,na,19,0,19,na,1462032,0,0,1359212,102820,0,100.000000,0.000000,0.000000,92.967322,7.032678,0.000000,na,na,na,na,na,na,na,na,na,na,na,na,"wRb1,wRk1,bNf6","wRb1,wRk1,bNf6"
RRvN,3,2,1,rook+rook,knight,504,28,0,0,0,0,3,0,3,na,492,12,0,448,56,0,97.619048,2.380952,0.000000,88.888889,11.111111,0.000000,16,12,0,16,12,0,57.142857,42.857143,0.000000,57.142857,42.857143,0.000000,"wRa1,wRb1,bNc2","wRa1,wRb2,bNc3"
RRvN,4,2,1,rook+rook,knight,3360,488,0,1,0,1,5,0,5,na,3360,0,0,3360,0,0,100.000000,0.000000,0.000000,100.000000,0.000000,0.000000,488,0,0,488,0,0,100.000000,0.000000,0.000000,100.000000,0.000000,0.000000,"wRa1,wRc3,bNb2","wRa1,wRc3,bNb2"
RRvN,5,2,1,rook+rook,knight,13800,3448,0,1,0,1,5,0,5,na,13800,0,0,13800,0,0,100.000000,0.000000,0.000000,100.000000,0.000000,0.000000,3448,0,0,3448,0,0,100.000000,0.000000,0.000000,100.000000,0.000000,0.000000,"wRa1,wRb1,bNc2","wRa1,wRb1,bNe2"
RRvN,6,2,1,rook+rook,knight,42840,14584,0,1,0,1,7,0,7,na,42840,0,0,42840,0,0,100.000000,0.000000,0.000000,100.000000,0.000000,0.000000,14584,0,0,14584,0,0,100.000000,0.000000,0.000000,100.000000,0.000000,0.000000,"wRa1,wRb1,bNc2","wRa1,wRb1,bNe2"
RRvN,7,2,1,rook+rook,knight,110544,46052,0,0,0,1,9,0,9,na,110544,0,0,96384,14160,0,100.000000,0.000000,0.000000,87.190621,12.809379,0.000000,46052,0,0,46052,0,0,100.000000,0.000000,0.000000,100.000000,0.000000,0.000000,"wRa1,wRb1,bNc2","wRa1,wRb1,bNf2"
RRvN,8,2,1,rook+rook,knight,249984,119944,0,0,0,1,11,0,11,na,249984,0,0,220024,29960,0,100.000000,0.000000,0.000000,88.015233,11.984767,0.000000,119944,0,0,119944,0,0,100.000000,0.000000,0.000000,100.000000,0.000000,0.000000,"wRa1,wRb1,bNc2","wRa1,wRb1,bNe3"
RRvN,9,2,1,rook+rook,knight,511920,272488,0,0,0,1,13,0,13,na,511920,0,0,458464,53456,0,100.000000,0.000000,0.000000,89.557743,10.442257,0.000000,272488,0,0,272488,0,0,100.000000,0.000000,0.000000,100.000000,0.000000,0.000000,"wRa1,wRb1,bNc3","wRa1,wRb1,bNg3"
RRvN,10,2,1,rook+rook,knight,970200,558968,0,0,0,1,17,0,15,na,970200,0,0,881808,88392,0,100.000000,0.000000,0.000000,90.889301,9.110699,0.000000,558968,0,0,558968,0,0,100.000000,0.000000,0.000000,100.000000,0.000000,0.000000,"wRb1,wRa2,bNc3","wRa1,wRb1,bNd3"
RRvN,11,2,1,rook+rook,knight,1727880,1059364,0,0,0,1,17,0,17,na,1727880,0,0,1589944,137936,0,100.000000,0.000000,0.000000,92.017038,7.982962,0.000000,1059364,0,0,1059364,0,0,100.000000,0.000000,0.000000,100.000000,0.000000,0.000000,"wRa1,wRb1,bNc3","wRa1,wRb1,bNe5"
RRvN,12,2,1,rook+rook,knight,2924064,1884712,0,0,0,1,19,0,19,na,2924064,0,0,2718424,205640,0,100.000000,0.000000,0.000000,92.967322,7.032678,0.000000,1884712,0,0,1884712,0,0,100.000000,0.000000,0.000000,100.000000,0.000000,0.000000,"wRa1,wRk11,bNf6","wRa1,wRk11,bNf6"
RRvNN,3,2,2,rook,knight,756,2,0,0,0,1,9,3,9,0,756,0,0,700,36,20,100.000000,0.000000,0.000000,92.592593,4.761905,2.645503,2,0,0,2,0,0,100.000000,0.000000,0.000000,100.000000,0.000000,0.000000,"wRa2,wRc2,bNb1,bNb3","wRa2,wRc2,bNb1,bNb3"
RRvNN,4,2,2,rook,knight,10920,216,0,0,0,1,9,3,9,0,10920,0,0,9290,1594,36,100.000000,0.000000,0.000000,85.073260,14.597070,0.329670,216,0,0,216,0,0,100.000000,0.000000,0.000000,100.000000,0.000000,0.000000,"wRa1,wRb1,bNc2,bNc4","wRc1,wRa3,bNb2,bNd2"
RRvNN,5,2,2,rook,knight,75900,4540,0,0,0,1,13,0,13,0,75896,4,0,63748,12152,0,99.994730,0.005270,0.000000,83.989460,16.010540,0.000000,4540,0,0,4540,0,0,100.000000,0.000000,0.000000,100.000000,0.000000,0.000000,"wRa1,wRc1,bNe2,bNb3","wRe1,wRa5,bNb2,bNc3"
RRvNN,6,2,2,rook,knight,353430,40272,0,0,0,1,19,0,15,0,353416,14,0,296874,56556,0,99.996039,0.003961,0.000000,83.997963,16.002037,0.000000,40272,0,0,40272,0,0,100.000000,0.000000,0.000000,100.000000,0.000000,0.000000,"wRc2,wRb3,bNa1,bNd4","wRa1,wRb1,bNe2,bNd3"
RRvNN,7,2,2,rook,knight,1271256,218670,0,0,0,0,21,0,19,0,1238844,32412,0,763148,508108,0,97.450396,2.549604,0.000000,60.031024,39.968976,0.000000,218670,0,0,201158,17512,0,100.000000,0.000000,0.000000,91.991585,8.008415,0.000000,"wRa1,wRb1,bNd2,bNe3","wRa1,wRb1,bNf2,bNd3"
RRvNN,8,2,2,rook,knight,3812256,872920,0,0,0,0,25,0,25,0,3737668,74588,0,2523012,1289244,0,98.043468,1.956532,0.000000,66.181600,33.818400,0.000000,872920,0,0,824408,48512,0,100.000000,0.000000,0.000000,94.442561,5.557439,0.000000,"wRa1,wRb1,bNe3,bNe4","wRa1,wRb1,bNe3,bNe4"
RRvNN,9,2,2,rook,knight,9982440,2818068,0,0,0,0,27,0,27,0,9841232,141208,0,7153520,2828920,0,98.585436,1.414564,0.000000,71.661037,28.338963,0.000000,2818068,0,0,2713044,105024,0,100.000000,0.000000,0.000000,96.273191,3.726809,0.000000,"wRa1,wRb1,bNd2,bNe3","wRa1,wRb1,bNe3,bNc4"
RRvNN,10,2,2,rook,knight,23527350,na,0,0,na,na,31,0,31,na,23283538,243812,0,17893930,5633420,0,98.963708,1.036292,0.000000,76.055867,23.944133,0.000000,na,na,na,na,na,na,na,na,na,na,na,na,"wRa1,wRb1,bNg4,bNc5","wRa1,wRb1,bNg4,bNc5"
RRvNN,11,2,2,rook,knight,50972460,na,0,0,na,na,35,0,35,na,50579092,393368,0,40560420,10412040,0,99.228273,0.771727,0.000000,79.573205,20.426795,0.000000,na,na,na,na,na,na,na,na,na,na,na,na,"wRa1,wRb1,bNf4,bNe6","wRa1,wRb1,bNf4,bNe6"
RRvNN,12,2,2,rook,knight,103073256,na,0,0,na,na,37,0,37,na,102470972,602284,0,84937676,18135580,0,99.415674,0.584326,0.000000,82.405155,17.594845,0.000000,na,na,na,na,na,na,na,na,na,na,na,na,"wRa1,wRb1,bNg4,bNd5","wRa1,wRb1,bNg4,bNd5"
RRvQ,3,2,1,rook,queen,252,8,0,0,0,0,5,5,5,0,234,18,0,62,68,122,92.857143,7.142857,0.000000,24.603175,26.984127,48.412698,4,4,0,4,4,0,50.000000,50.000000,0.000000,50.000000,50.000000,0.000000,"wRb1,wRa2,bQc3","wRb1,wRa2,bQc3"
RRvQ,4,2,1,rook,queen,1680,204,0,0,0,0,1,0,0,0,1104,576,0,0,1680,0,65.714286,34.285714,0.000000,0.000000,100.000000,0.000000,0,204,0,0,204,0,0.000000,100.000000,0.000000,0.000000,100.000000,0.000000,"wRa1,wRb1,bQc1",
RRvQ,5,2,1,rook,queen,6900,1444,0,0,0,0,1,0,0,0,3900,3000,0,0,6900,0,56.521739,43.478261,0.000000,0.000000,100.000000,0.000000,0,1444,0,0,1444,0,0.000000,100.000000,0.000000,0.000000,100.000000,0.000000,"wRa1,wRb1,bQc1",
RRvQ,6,2,1,rook,queen,21420,6116,0,0,0,0,1,0,0,0,10620,10800,0,0,21420,0,49.579832,50.420168,0.000000,0.000000,100.000000,0.000000,0,6116,0,0,6116,0,0.000000,100.000000,0.000000,0.000000,100.000000,0.000000,"wRa1,wRb1,bQc1",
RRvQ,7,2,1,rook,queen,55272,19364,0,0,0,0,1,0,0,0,24402,30870,0,0,55272,0,44.148936,55.851064,0.000000,0.000000,100.000000,0.000000,0,19364,0,0,19364,0,0.000000,100.000000,0.000000,0.000000,100.000000,0.000000,"wRa1,wRb1,bQc1",
RRvQ,8,2,1,rook,queen,124992,50664,0,0,0,0,1,0,0,0,49728,75264,0,0,124992,0,39.784946,60.215054,0.000000,0.000000,100.000000,0.000000,0,50664,0,0,50664,0,0.000000,100.000000,0.000000,0.000000,100.000000,0.000000,"wRa1,wRb1,bQc1",
RRvQ,9,2,1,rook,queen,255960,115768,0,0,0,0,1,0,0,0,92664,163296,0,0,255960,0,36.202532,63.797468,0.000000,0.000000,100.000000,0.000000,0,115768,0,0,115768,0,0.000000,100.000000,0.000000,0.000000,100.000000,0.000000,"wRa1,wRb1,bQc1",
RRvQ,10,2,1,rook,queen,485100,na,0,0,na,na,1,0,0,na,161100,324000,0,0,485100,0,33.209647,66.790353,0.000000,0.000000,100.000000,0.000000,na,na,na,na,na,na,na,na,na,na,na,na,"wRa1,wRb1,bQc1",
RRvQ,11,2,1,rook,queen,863940,na,0,0,na,na,1,0,0,na,264990,598950,0,0,863940,0,30.672269,69.327731,0.000000,0.000000,100.000000,0.000000,na,na,na,na,na,na,na,na,na,na,na,na,"wRa1,wRb1,bQc1",
RRvQ,12,2,1,rook,queen,1462032,na,0,0,na,na,1,0,0,na,416592,1045440,0,0,1462032,0,28.494041,71.505959,0.000000,0.000000,100.000000,0.000000,na,na,na,na,na,na,na,na,na,na,na,na,"wRa1,wRb1,bQc1",
RRvQ,3,2,1,rook+rook,queen,504,16,0,0,0,0,5,5,5,na,468,36,0,124,136,244,92.857143,7.142857,0.000000,24.603175,26.984127,48.412698,8,8,0,8,8,0,50.000000,50.000000,0.000000,50.000000,50.000000,0.000000,"wRa1,wRb2,bQc3","wRb1,wRa2,bQc3"
RRvQ,4,2,1,rook+rook,queen,3360,408,0,0,0,0,1,0,0,na,2208,1152,0,0,3360,0,65.714286,34.285714,0.000000,0.000000,100.000000,0.000000,0,408,0,0,408,0,0.000000,100.000000,0.000000,0.000000,100.000000,0.000000,"wRa1,wRb1,bQc1",
RRvQ,5,2,1,rook+rook,queen,13800,2888,0,0,0,0,1,0,0,na,7800,6000,0,0,13800,0,56.521739,43.478261,0.000000,0.000000,100.000000,0.000000,0,2888,0,0,2888,0,0.000000,100.000000,0.000000,0.000000,100.000000,0.000000,"wRa1,wRb1,bQc1",
RRvQ,6,2,1,rook+rook,queen,42840,12232,0,0,0,0,1,0,0,na,21240,21600,0,0,42840,0,49.579832,50.420168,0.000000,0.000000,100.000000,0.000000,0,12232,0,0,12232,0,0.000000,100.000000,0.000000,0.000000,100.000000,0.000000,"wRa1,wRb1,bQc1",
RRvQ,7,2,1,rook+rook,queen,110544,38728,0,0,0,0,1,0,0,na,48804,61740,0,0,110544,0,44.148936,55.851064,0.000000,0.000000,100.000000,0.000000,0,38728,0,0,38728,0,0.000000,100.000000,0.000000,0.000000,100.000000,0.000000,"wRa1,wRb1,bQc1",
RRvQ,8,2,1,rook+rook,queen,249984,101328,0,0,0,0,1,0,0,na,99456,150528,0,0,249984,0,39.784946,60.215054,0.000000,0.000000,100.000000,0.000000,0,101328,0,0,101328,0,0.000000,100.000000,0.000000,0.000000,100.000000,0.000000,"wRa1,wRb1,bQc1",
RRvQ,9,2,1,rook+rook,queen,511920,231536,0,0,0,0,1,0,0,na,185328,326592,0,0,511920,0,36.202532,63.797468,0.000000,0.000000,100.000000,0.000000,0,231536,0,0,231536,0,0.000000,100.000000,0.000000,0.000000,100.000000,0.000000,"wRa1,wRb1,bQc1",
RRvQ,10,2,1,rook+rook,queen,970200,478000,0,0,0,0,1,0,0,na,322200,648000,0,0,970200,0,33.209647,66.790353,0.000000,0.000000,100.000000,0.000000,0,478000,0,0,478000,0,0.000000,100.000000,0.000000,0.000000,100.000000,0.000000,"wRa1,wRb1,bQc1",
RRvQ,11,2,1,rook+rook,queen,1727880,911840,0,0,0,0,1,0,0,na,529980,1197900,0,0,1727880,0,30.672269,69.327731,0.000000,0.000000,100.000000,0.000000,0,911840,0,0,911840,0,0.000000,100.000000,0.000000,0.000000,100.000000,0.000000,"wRa1,wRb1,bQc1",
RRvQ,12,2,1,rook+rook,queen,2924064,1632680,0,0,0,0,1,0,0,na,833184,2090880,0,0,2924064,0,28.494041,71.505959,0.000000,0.000000,100.000000,0.000000,0,1632680,0,0,1632680,0,0.000000,100.000000,0.000000,0.000000,100.000000,0.000000,"wRa1,wRb1,bQc1",
RRvQQ,3,2,2,rook,queen,756,0,0,0,na,na,7,5,0,0,224,114,418,0,0,756,29.629630,15.079365,55.291005,0.000000,0.000000,100.000000,0,0,0,0,0,0,0.000000,0.000000,0.000000,0.000000,0.000000,0.000000,"wRc1,wRa2,bQb1,bQc2",
RRvQQ,4,2,2,rook,queen,10920,112,0,0,0,0,0,17,0,17,0,9768,1152,0,640,10280,0.000000,89.450549,10.549451,0.000000,5.860806,94.139194,0,0,112,0,0,112,0.000000,0.000000,100.000000,0.000000,0.000000,100.000000,,
RRvQQ,5,2,2,rook,queen,75900,3004,0,0,0,0,0,9,0,9,0,75736,164,0,19112,56788,0.000000,99.783926,0.216074,0.000000,25.180501,74.819499,0,3000,4,0,2948,56,0.000000,99.866844,0.133156,0.000000,98.135819,1.864181,,
RRvQQ,6,2,2,rook,queen,353430,27464,0,0,0,0,0,13,0,13,0,352930,500,0,99980,253450,0.000000,99.858529,0.141471,0.000000,28.288487,71.711513,0,27464,0,0,27132,332,0.000000,100.000000,0.000000,0.000000,98.791145,1.208855,,
RRvQQ,7,2,2,rook,queen,1271256,152332,0,0,0,0,0,3,0,0,0,1271256,0,0,1261308,9948,0.000000,100.000000,0.000000,0.000000,99.217467,0.782533,0,152332,0,0,152332,0,0.000000,100.000000,0.000000,0.000000,100.000000,0.000000,,
RRvQQ,8,2,2,rook,queen,3812256,617632,0,0,0,0,0,3,0,0,0,3812256,0,0,3793888,18368,0.000000,100.000000,0.000000,0.000000,99.518186,0.481814,0,617632,0,0,617632,0,0.000000,100.000000,0.000000,0.000000,100.000000,0.000000,,
RRvQQ,9,2,2,rook,queen,9982440,2024680,0,0,0,0,0,3,0,0,0,9982440,0,0,9951224,31216,0.000000,100.000000,0.000000,0.000000,99.687291,0.312709,0,2024680,0,0,2024680,0,0.000000,100.000000,0.000000,0.000000,100.000000,0.000000,,
RRvQQ,10,2,2,rook,queen,23527350,na,0,0,na,na,0,3,0,na,0,23527350,0,0,23477490,49860,0.000000,100.000000,0.000000,0.000000,99.788076,0.211924,na,na,na,na,na,na,na,na,na,na,na,na,,
RRvQQ,11,2,2,rook,queen,50972460,na,0,0,na,na,0,3,0,na,0,50972460,0,0,50896680,75780,0.000000,100.000000,0.000000,0.000000,99.851331,0.148669,na,na,na,na,na,na,na,na,na,na,na,na,,
RRvQQ,12,2,2,rook,queen,103073256,na,0,0,na,na,0,3,0,na,0,103073256,0,0,102962552,110704,0.000000,100.000000,0.000000,0.000000,99.892597,0.107403,na,na,na,na,na,na,na,na,na,na,na,na,,
RRvR,3,2,1,rook,rook,252,54,0,0,0,1,5,0,5,0,252,0,0,144,108,0,100.000000,0.000000,0.000000,57.142857,42.857143,0.000000,54,0,0,54,0,0,100.000000,0.000000,0.000000,100.000000,0.000000,0.000000,"wRb1,wRa2,bRc3","wRb1,wRa2,bRc3"
RRvR,4,2,1,rook,rook,1680,576,0,0,0,0,1,0,0,0,1104,576,0,0,1680,0,65.714286,34.285714,0.000000,0.000000,100.000000,0.000000,0,576,0,0,576,0,0.000000,100.000000,0.000000,0.000000,100.000000,0.000000,"wRa1,wRb1,bRc1",
RRvR,5,2,1,rook,rook,6900,3000,0,0,0,0,1,0,0,0,3900,3000,0,0,6900,0,56.521739,43.478261,0.000000,0.000000,100.000000,0.000000,0,3000,0,0,3000,0,0.000000,100.000000,0.000000,0.000000,100.000000,0.000000,"wRa1,wRb1,bRc1",
RRvR,6,2,1,rook,rook,21420,10800,0,0,0,0,1,0,0,0,10620,10800,0,0,21420,0,49.579832,50.420168,0.000000,0.000000,100.000000,0.000000,0,10800,0,0,10800,0,0.000000,100.000000,0.000000,0.000000,100.000000,0.000000,"wRa1,wRb1,bRc1",
RRvR,7,2,1,rook,rook,55272,30870,0,0,0,0,1,0,0,0,24402,30870,0,0,55272,0,44.148936,55.851064,0.000000,0.000000,100.000000,0.000000,0,30870,0,0,30870,0,0.000000,100.000000,0.000000,0.000000,100.000000,0.000000,"wRa1,wRb1,bRc1",
RRvR,8,2,1,rook,rook,124992,75264,0,0,0,0,1,0,0,0,49728,75264,0,0,124992,0,39.784946,60.215054,0.000000,0.000000,100.000000,0.000000,0,75264,0,0,75264,0,0.000000,100.000000,0.000000,0.000000,100.000000,0.000000,"wRa1,wRb1,bRc1",
RRvR,9,2,1,rook,rook,255960,163296,0,0,0,0,1,0,0,0,92664,163296,0,0,255960,0,36.202532,63.797468,0.000000,0.000000,100.000000,0.000000,0,163296,0,0,163296,0,0.000000,100.000000,0.000000,0.000000,100.000000,0.000000,"wRa1,wRb1,bRc1",
RRvR,10,2,1,rook,rook,485100,na,0,0,na,na,1,0,0,na,161100,324000,0,0,485100,0,33.209647,66.790353,0.000000,0.000000,100.000000,0.000000,na,na,na,na,na,na,na,na,na,na,na,na,"wRa1,wRb1,bRc1",
RRvR,11,2,1,rook,rook,863940,na,0,0,na,na,1,0,0,na,264990,598950,0,0,863940,0,30.672269,69.327731,0.000000,0.000000,100.000000,0.000000,na,na,na,na,na,na,na,na,na,na,na,na,"wRa1,wRb1,bRc1",
RRvR,12,2,1,rook,rook,1462032,na,0,0,na,na,1,0,0,na,416592,1045440,0,0,1462032,0,28.494041,71.505959,0.000000,0.000000,100.000000,0.000000,na,na,na,na,na,na,na,na,na,na,na,na,"wRa1,wRb1,bRc1",
RRvR,3,2,1,rook+rook,rook,504,108,0,0,0,1,5,0,5,na,504,0,0,288,216,0,100.000000,0.000000,0.000000,57.142857,42.857143,0.000000,108,0,0,108,0,0,100.000000,0.000000,0.000000,100.000000,0.000000,0.000000,"wRa1,wRb2,bRc3","wRa1,wRb2,bRc3"
RRvR,4,2,1,rook+rook,rook,3360,1152,0,0,0,0,1,0,0,na,2208,1152,0,0,3360,0,65.714286,34.285714,0.000000,0.000000,100.000000,0.000000,0,1152,0,0,1152,0,0.000000,100.000000,0.000000,0.000000,100.000000,0.000000,"wRa1,wRb1,bRc1",
RRvR,5,2,1,rook+rook,rook,13800,6000,0,0,0,0,1,0,0,na,7800,6000,0,0,13800,0,56.521739,43.478261,0.000000,0.000000,100.000000,0.000000,0,6000,0,0,6000,0,0.000000,100.000000,0.000000,0.000000,100.000000,0.000000,"wRa1,wRb1,bRc1",
RRvR,6,2,1,rook+rook,rook,42840,21600,0,0,0,0,1,0,0,na,21240,21600,0,0,42840,0,49.579832,50.420168,0.000000,0.000000,100.000000,0.000000,0,21600,0,0,21600,0,0.000000,100.000000,0.000000,0.000000,100.000000,0.000000,"wRa1,wRb1,bRc1",
RRvR,7,2,1,rook+rook,rook,110544,61740,0,0,0,0,1,0,0,na,48804,61740,0,0,110544,0,44.148936,55.851064,0.000000,0.000000,100.000000,0.000000,0,61740,0,0,61740,0,0.000000,100.000000,0.000000,0.000000,100.000000,0.000000,"wRa1,wRb1,bRc1",
RRvR,8,2,1,rook+rook,rook,249984,150528,0,0,0,0,1,0,0,na,99456,150528,0,0,249984,0,39.784946,60.215054,0.000000,0.000000,100.000000,0.000000,0,150528,0,0,150528,0,0.000000,100.000000,0.000000,0.000000,100.000000,0.000000,"wRa1,wRb1,bRc1",
RRvR,9,2,1,rook+rook,rook,511920,326592,0,0,0,0,1,0,0,na,185328,326592,0,0,511920,0,36.202532,63.797468,0.000000,0.000000,100.000000,0.000000,0,326592,0,0,326592,0,0.000000,100.000000,0.000000,0.000000,100.000000,0.000000,"wRa1,wRb1,bRc1",
RRvR,10,2,1,rook+rook,rook,970200,648000,0,0,0,0,1,0,0,na,322200,648000,0,0,970200,0,33.209647,66.790353,0.000000,0.000000,100.000000,0.000000,0,648000,0,0,648000,0,0.000000,100.000000,0.000000,0.000000,100.000000,0.000000,"wRa1,wRb1,bRc1",
RRvR,11,2,1,rook+rook,rook,1727880,1197900,0,0,0,0,1,0,0,na,529980,1197900,0,0,1727880,0,30.672269,69.327731,0.000000,0.000000,100.000000,0.000000,0,1197900,0,0,1197900,0,0.000000,100.000000,0.000000,0.000000,100.000000,0.000000,"wRa1,wRb1,bRc1",
RRvR,12,2,1,rook+rook,rook,2924064,2090880,0,0,0,0,1,0,0,na,833184,2090880,0,0,2924064,0,28.494041,71.505959,0.000000,0.000000,100.000000,0.000000,0,2090880,0,0,2090880,0,0.000000,100.000000,0.000000,0.000000,100.000000,0.000000,"wRa1,wRb1,bRc1",
RRvRR,3,2,2,rook,rook,756,18,0,0,0,0,7,7,0,0,510,228,18,18,228,510,67.460317,30.158730,2.380952,2.380952,30.158730,67.460317,0,0,18,18,0,0,0.000000,0.000000,100.000000,100.000000,0.000000,0.000000,"wRa1,wRb1,bRb2,bRb3",
RRvRR,4,2,2,rook,rook,10920,1152,0,0,0,0,0,0,0,0,0,10920,0,0,10920,0,0.000000,100.000000,0.000000,0.000000,100.000000,0.000000,0,1152,0,0,1152,0,0.000000,100.000000,0.000000,0.000000,100.000000,0.000000,,
RRvRR,5,2,2,rook,rook,75900,13800,0,0,0,0,0,0,0,0,0,75900,0,0,75900,0,0.000000,100.000000,0.000000,0.000000,100.000000,0.000000,0,13800,0,0,13800,0,0.000000,100.000000,0.000000,0.000000,100.000000,0.000000,,
RRvRR,6,2,2,rook,rook,353430,88200,0,0,0,0,0,0,0,0,0,353430,0,0,353430,0,0.000000,100.000000,0.000000,0.000000,100.000000,0.000000,0,88200,0,0,88200,0,0.000000,100.000000,0.000000,0.000000,100.000000,0.000000,,
RRvRR,7,2,2,rook,rook,1271256,392490,0,0,0,0,0,0,0,0,0,1271256,0,0,1271256,0,0.000000,100.000000,0.000000,0.000000,100.000000,0.000000,0,392490,0,0,392490,0,0.000000,100.000000,0.000000,0.000000,100.000000,0.000000,,
RRvRR,8,2,2,rook,rook,3812256,1373568,0,0,0,0,0,0,0,0,0,3812256,0,0,3812256,0,0.000000,100.000000,0.000000,0.000000,100.000000,0.000000,0,1373568,0,0,1373568,0,0.000000,100.000000,0.000000,0.000000,100.000000,0.000000,,
RRvRR,9,2,2,rook,rook,9982440,4046112,0,0,0,0,0,0,0,0,0,9982440,0,0,9982440,0,0.000000,100.000000,0.000000,0.000000,100.000000,0.000000,0,4046112,0,0,4046112,0,0.000000,100.000000,0.000000,0.000000,100.000000,0.000000,,
RRvRR,10,2,2,rook,rook,23527350,na,0,0,na,na,0,0,0,na,0,23527350,0,0,23527350,0,0.000000,100.000000,0.000000,0.000000,100.000000,0.000000,na,na,na,na,na,na,na,na,na,na,na,na,,
RRvRR,11,2,2,rook,rook,50972460,na,0,0,na,na,0,0,0,na,0,50972460,0,0,50972460,0,0.000000,100.000000,0.000000,0.000000,100.000000,0.000000,na,na,na,na,na,na,na,na,na,na,na,na,,
RRvRR,12,2,2,rook,rook,103073256,na,0,0,na,na,0,0,0,na,0,103073256,0,0,103073256,0,0.000000,100.000000,0.000000,0.000000,100.000000,0.000000,na,na,na,na,na,na,na,na,na,na,na,na,,
RvB,3,1,1,rook,bishop,72,16,0,0,0,0,5,1,5,0,60,12,0,32,20,20,83.333333,16.666667,0.000000,44.444444,27.777778,27.777778,8,8,0,16,0,0,50.000000,50.000000,0.000000,100.000000,0.000000,0.000000,"wRa1,bBc2","wRa1,bBc2"
RvB,4,1,1,rook,bishop,240,88,0,0,0,0,7,1,7,0,168,72,0,40,144,56,70.000000,30.000000,0.000000,16.666667,60.000000,23.333333,48,40,0,24,64,0,54.545455,45.454545,0.000000,27.272727,72.727273,0.000000,"wRb1,bBd2","wRb1,bBd2"
RvB,5,1,1,rook,bishop,600,280,0,0,0,0,1,1,0,0,200,400,0,0,480,120,33.333333,66.666667,0.000000,0.000000,80.000000,20.000000,0,280,0,0,280,0,0.000000,100.000000,0.000000,0.000000,100.000000,0.000000,"wRa1,bBb1",
RvB,6,1,1,rook,bishop,1260,680,0,0,0,0,1,1,0,0,360,900,0,0,1040,220,28.571429,71.428571,0.000000,0.000000,82.539683,17.460317,0,680,0,0,680,0,0.000000,100.000000,0.000000,0.000000,100.000000,0.000000,"wRa1,bBb1",
RvB,7,1,1,rook,bishop,2352,1400,0,0,0,0,1,1,0,0,588,1764,0,0,1988,364,25.000000,75.000000,0.000000,0.000000,84.523810,15.476190,0,1400,0,0,1400,0,0.000000,100.000000,0.000000,0.000000,100.000000,0.000000,"wRa1,bBb1",
RvB,8,1,1,rook,bishop,4032,2576,0,0,0,0,1,1,0,0,896,3136,0,0,3472,560,22.222222,77.777778,0.000000,0.000000,86.111111,13.888889,0,2576,0,0,2576,0,0.000000,100.000000,0.000000,0.000000,100.000000,0.000000,"wRa1,bBb1",
RvB,9,1,1,rook,bishop,6480,4368,0,0,0,0,1,1,0,0,1296,5184,0,0,5664,816,20.000000,80.000000,0.000000,0.000000,87.407407,12.592593,0,4368,0,0,4368,0,0.000000,100.000000,0.000000,0.000000,100.000000,0.000000,"wRa1,bBb1",
RvB,10,1,1,rook,bishop,9900,na,0,0,na,na,1,1,0,na,1800,8100,0,0,8760,1140,18.181818,81.818182,0.000000,0.000000,88.484848,11.515152,na,na,na,na,na,na,na,na,na,na,na,na,"wRa1,bBb1",
RvB,11,1,1,rook,bishop,14520,na,0,0,na,na,1,1,0,na,2420,12100,0,0,12980,1540,16.666667,83.333333,0.000000,0.000000,89.393939,10.606061,na,na,na,na,na,na,na,na,na,na,na,na,"wRa1,bBb1",
RvB,12,1,1,rook,bishop,20592,na,0,0,na,na,1,1,0,na,3168,17424,0,0,18568,2024,15.384615,84.615385,0.000000,0.000000,90.170940,9.829060,na,na,na,na,na,na,na,na,na,na,na,na,"wRa1,bBb1",
RvBB,3,1,2,rook,bishop,252,8,0,0,0,0,7,5,7,3,106,100,46,20,64,168,42.063492,39.682540,18.253968,7.936508,25.396825,66.666667,4,0,4,4,0,4,50.000000,0.000000,50.000000,50.000000,0.000000,50.000000,"wRa1,bBb1,bBc2","wRa1,bBc2,bBb3"
RvBB,4,1,2,rook,bishop,1680,204,0,0,0,0,9,5,0,0,208,1452,20,0,884,796,12.380952,86.428571,1.190476,0.000000,52.619048,47.380952,0,204,0,0,204,0,0.000000,100.000000,0.000000,0.000000,100.000000,0.000000,"wRa1,bBb1,bBc1",
RvBB,5,1,2,rook,bishop,6900,1444,0,0,0,0,0,5,0,0,0,6880,20,0,4256,2644,0.000000,99.710145,0.289855,0.000000,61.681159,38.318841,0,1444,0,0,1444,0,0.000000,100.000000,0.000000,0.000000,100.000000,0.000000,,
RvBB,6,1,2,rook,bishop,21420,6116,0,0,0,0,0,5,0,0,0,21400,20,0,14368,7052,0.000000,99.906629,0.093371,0.000000,67.077498,32.922502,0,6116,0,0,6116,0,0.000000,100.000000,0.000000,0.000000,100.000000,0.000000,,
RvBB,7,1,2,rook,bishop,55272,19364,0,0,0,0,0,5,0,0,0,55252,20,0,39190,16082,0.000000,99.963815,0.036185,0.000000,70.903893,29.096107,0,19364,0,0,19364,0,0.000000,100.000000,0.000000,0.000000,100.000000,0.000000,,
RvBB,8,1,2,rook,bishop,124992,50664,0,0,0,0,0,5,0,0,0,124972,20,0,92304,32688,0.000000,99.983999,0.016001,0.000000,73.847926,26.152074,0,50664,0,0,50664,0,0.000000,100.000000,0.000000,0.000000,100.000000,0.000000,,
RvBB,9,1,2,rook,bishop,255960,115768,0,0,0,0,0,5,0,0,0,255940,20,0,195088,60872,0.000000,99.992186,0.007814,0.000000,76.218159,23.781841,0,115768,0,0,115768,0,0.000000,100.000000,0.000000,0.000000,100.000000,0.000000,,
RvBB,10,1,2,rook,bishop,485100,na,0,0,na,na,0,5,0,na,0,485080,20,0,379252,105848,0.000000,99.995877,0.004123,0.000000,78.180169,21.819831,na,na,na,na,na,na,na,na,na,na,na,na,,
RvBB,11,1,2,rook,bishop,863940,na,0,0,na,na,0,5,0,na,0,863920,20,0,689742,174198,0.000000,99.997685,0.002315,0.000000,79.836794,20.163206,na,na,na,na,na,na,na,na,na,na,na,na,,
RvBB,12,1,2,rook,bishop,1462032,na,0,0,na,na,0,5,0,na,0,1462012,20,0,1187996,274036,0.000000,99.998632,0.001368,0.000000,81.256498,18.743502,na,na,na,na,na,na,na,na,na,na,na,na,,
RvK,3,1,1,rook,king,72,20,0,0,0,0,1,5,0,5,36,0,36,0,0,72,50.000000,0.000000,50.000000,0.000000,0.000000,100.000000,0,0,20,0,0,20,0.000000,0.000000,100.000000,0.000000,0.000000,100.000000,"wRa1,bKb1",
RvK,4,1,1,rook,king,240,108,0,0,0,0,1,1,0,0,96,144,0,0,156,84,40.000000,60.000000,0.000000,0.000000,65.000000,35.000000,0,108,0,0,108,0,0.000000,100.000000,0.000000,0.000000,100.000000,0.000000,"wRa1,bKb1",
RvK,5,1,1,rook,king,600,336,0,0,0,0,1,1,0,0,200,400,0,0,456,144,33.333333,66.666667,0.000000,0.000000,76.000000,24.000000,0,336,0,0,336,0,0.000000,100.000000,0.000000,0.000000,100.000000,0.000000,"wRa1,bKb1",
RvK,6,1,1,rook,king,1260,800,0,0,0,0,1,1,0,0,360,900,0,0,1040,220,28.571429,71.428571,0.000000,0.000000,82.539683,17.460317,0,800,0,0,800,0,0.000000,100.000000,0.000000,0.000000,100.000000,0.000000,"wRa1,bKb1",
RvK,7,1,1,rook,king,2352,1620,0,0,0,0,1,1,0,0,588,1764,0,0,2040,312,25.000000,75.000000,0.000000,0.000000,86.734694,13.265306,0,1620,0,0,1620,0,0.000000,100.000000,0.000000,0.000000,100.000000,0.000000,"wRa1,bKb1",
RvK,8,1,1,rook,king,4032,2940,0,0,0,0,1,1,0,0,896,3136,0,0,3612,420,22.222222,77.777778,0.000000,0.000000,89.583333,10.416667,0,2940,0,0,2940,0,0.000000,100.000000,0.000000,0.000000,100.000000,0.000000,"wRa1,bKb1",
RvK,9,1,1,rook,king,6480,4928,0,0,0,0,1,1,0,0,1296,5184,0,0,5936,544,20.000000,80.000000,0.000000,0.000000,91.604938,8.395062,0,4928,0,0,4928,0,0.000000,100.000000,0.000000,0.000000,100.000000,0.000000,"wRa1,bKb1",
RvK,10,1,1,rook,king,9900,na,0,0,na,na,1,1,0,na,1800,8100,0,0,9216,684,18.181818,81.818182,0.000000,0.000000,93.090909,6.909091,na,na,na,na,na,na,na,na,na,na,na,na,"wRa1,bKb1",
RvK,11,1,1,rook,king,14520,na,0,0,na,na,1,1,0,na,2420,12100,0,0,13680,840,16.666667,83.333333,0.000000,0.000000,94.214876,5.785124,na,na,na,na,na,na,na,na,na,na,na,na,"wRa1,bKb1",
RvK,12,1,1,rook,king,20592,na,0,0,na,na,1,1,0,na,3168,17424,0,0,19580,1012,15.384615,84.615385,0.000000,0.000000,95.085470,4.914530,na,na,na,na,na,na,na,na,na,na,na,na,"wRa1,bKb1",
RvKK,3,1,2,rook,king,252,16,0,0,0,0,0,3,0,3,0,0,252,0,0,252,0.000000,0.000000,100.000000,0.000000,0.000000,100.000000,0,0,16,0,0,16,0.000000,0.000000,100.000000,0.000000,0.000000,100.000000,,
RvKK,4,1,2,rook,king,1680,320,0,0,0,0,0,9,0,9,0,732,948,0,20,1660,0.000000,43.571429,56.428571,0.000000,1.190476,98.809524,0,0,320,0,0,320,0.000000,0.000000,100.000000,0.000000,0.000000,100.000000,,
RvKK,5,1,2,rook,king,6900,2106,0,0,0,0,0,1,0,0,0,6882,18,0,3972,2928,0.000000,99.739130,0.260870,0.000000,57.565217,42.434783,0,2106,0,0,2106,0,0.000000,100.000000,0.000000,0.000000,100.000000,0.000000,,
RvKK,6,1,2,rook,king,21420,8512,0,0,0,0,0,1,0,0,0,21404,16,0,14560,6860,0.000000,99.925303,0.074697,0.000000,67.973856,32.026144,0,8512,0,0,8512,0,0.000000,100.000000,0.000000,0.000000,100.000000,0.000000,,
RvKK,7,1,2,rook,king,55272,26000,0,0,0,0,0,1,0,0,0,55256,16,0,41520,13752,0.000000,99.971052,0.028948,0.000000,75.119409,24.880591,0,26000,0,0,26000,0,0.000000,100.000000,0.000000,0.000000,100.000000,0.000000,,
RvKK,8,1,2,rook,king,124992,66096,0,0,0,0,0,1,0,0,0,124976,16,0,100212,24780,0.000000,99.987199,0.012801,0.000000,80.174731,19.825269,0,66096,0,0,66096,0,0.000000,100.000000,0.000000,0.000000,100.000000,0.000000,,
RvKK,9,1,2,rook,king,255960,147490,0,0,0,0,0,1,0,0,0,255944,16,0,214648,41312,0.000000,99.993749,0.006251,0.000000,83.859978,16.140022,0,147490,0,0,147490,0,0.000000,100.000000,0.000000,0.000000,100.000000,0.000000,,
RvKK,10,1,2,rook,king,485100,na,0,0,na,na,0,1,0,na,0,485084,16,0,420192,64908,0.000000,99.996702,0.003298,0.000000,86.619666,13.380334,na,na,na,na,na,na,na,na,na,na,na,na,,
RvKK,11,1,2,rook,king,863940,na,0,0,na,na,0,1,0,na,0,863924,16,0,766620,97320,0.000000,99.998148,0.001852,0.000000,88.735329,11.264671,na,na,na,na,na,na,na,na,na,na,na,na,,
RvKK,12,1,2,rook,king,1462032,na,0,0,na,na,0,1,0,na,0,1462016,16,0,1321540,140492,0.000000,99.998906,0.001094,0.000000,90.390634,9.609366,na,na,na,na,na,na,na,na,na,na,na,na,,
RvN,3,1,1,rook,knight,72,20,0,0,0,0,7,1,7,0,68,4,0,48,8,16,94.444444,5.555556,0.000000,66.666667,11.111111,22.222222,16,4,0,16,4,0,80.000000,20.000000,0.000000,80.000000,20.000000,0.000000,"wRb2,bNa1","wRb2,bNa1"
RvN,4,1,1,rook,knight,240,96,0,0,0,1,5,1,5,0,240,0,0,192,0,48,100.000000,0.000000,0.000000,80.000000,0.000000,20.000000,96,0,0,96,0,0,100.000000,0.000000,0.000000,100.000000,0.000000,0.000000,"wRa1,bNb2","wRa1,bNb2"
RvN,5,1,1,rook,knight,600,304,0,0,0,1,9,1,9,0,600,0,0,504,0,96,100.000000,0.000000,0.000000,84.000000,0.000000,16.000000,304,0,0,304,0,0,100.000000,0.000000,0.000000,100.000000,0.000000,0.000000,"wRa1,bNc3","wRa1,bNc3"
RvN,6,1,1,rook,knight,1260,740,0,0,0,1,13,1,13,0,1260,0,0,1100,0,160,100.000000,0.000000,0.000000,87.301587,0.000000,12.698413,740,0,0,740,0,0,100.000000,0.000000,0.000000,100.000000,0.000000,0.000000,"wRa1,bNc2","wRa1,bNd2"
RvN,7,1,1,rook,knight,2352,1524,0,0,0,0,9,1,9,0,916,1436,0,44,2068,240,38.945578,61.054422,0.000000,1.870748,87.925170,10.204082,264,1260,0,40,1484,0,17.322835,82.677165,0.000000,2.624672,97.375328,0.000000,"wRa1,bNg4","wRa1,bNg4"
RvN,8,1,1,rook,knight,4032,2800,0,0,0,0,3,1,3,0,1128,2904,0,20,3676,336,27.976190,72.023810,0.000000,0.496032,91.170635,8.333333,184,2616,0,20,2780,0,6.571429,93.428571,0.000000,0.714286,99.285714,0.000000,"wRb1,bNa8","wRb1,bNa8"
RvN,9,1,1,rook,knight,6480,4736,0,0,0,0,3,1,3,0,1568,4912,0,20,6012,448,24.197531,75.802469,0.000000,0.308642,92.777778,6.913580,224,4512,0,20,4716,0,4.729730,95.270270,0.000000,0.422297,99.577703,0.000000,"wRb1,bNa9","wRb1,bNa9"
RvN,10,1,1,rook,knight,9900,na,0,0,na,na,3,1,3,na,2112,7788,0,20,9304,576,21.333333,78.666667,0.000000,0.202020,93.979798,5.818182,na,na,na,na,na,na,na,na,na,na,na,na,"wRb1,bNa10","wRb1,bNa10"
RvN,11,1,1,rook,knight,14520,na,0,0,na,na,3,1,3,na,2772,11748,0,20,13780,720,19.090909,80.909091,0.000000,0.137741,94.903581,4.958678,na,na,na,na,na,na,na,na,na,na,na,na,"wRb1,bNa11","wRb1,bNa11"
RvN,12,1,1,rook,knight,20592,na,0,0,na,na,3,1,3,na,3560,17032,0,20,19692,880,17.288267,82.711733,0.000000,0.097125,95.629371,4.273504,na,na,na,na,na,na,na,na,na,na,na,na,"wRb1,bNa12","wRb1,bNa12"
RvNN,3,1,2,rook,knight,252,14,0,0,0,0,9,3,9,0,226,16,10,108,20,124,89.682540,6.349206,3.968254,42.857143,7.936508,49.206349,8,4,2,14,0,0,57.142857,28.571429,14.285714,100.000000,0.000000,0.000000,"wRb1,bNa2,bNb2","wRb1,bNa2,bNc2"
RvNN,4,1,2,rook,knight,1680,244,0,0,0,0,9,3,9,3,1264,408,8,284,740,656,75.238095,24.285714,0.476190,16.904762,44.047619,39.047619,84,160,0,60,176,8,34.426230,65.573770,0.000000,24.590164,72.131148,3.278689,"wRa1,bNc2,bNb3","wRa1,bNd2,bNb4"
RvNN,5,1,2,rook,knight,6900,1724,0,0,0,0,21,1,21,0,4718,2182,0,736,4120,2044,68.376812,31.623188,0.000000,10.666667,59.710145,29.623188,606,1118,0,96,1628,0,35.150812,64.849188,0.000000,5.568445,94.431555,0.000000,"wRb2,bNe1,bNc3","wRb2,bNe1,bNc3"
RvNN,6,1,2,rook,knight,21420,7292,0,0,0,0,23,1,23,0,13304,8116,0,1592,14720,5108,62.110177,37.889823,0.000000,7.432306,68.720822,23.846872,2140,5152,0,132,7160,0,29.347230,70.652770,0.000000,1.810203,98.189797,0.000000,"wRb1,bNc2,bNa4","wRb1,bNc2,bNa4"
RvNN,7,1,2,rook,knight,55272,23026,0,0,0,0,9,1,0,0,524,54748,0,0,44548,10724,0.948039,99.051961,0.000000,0.000000,80.597771,19.402229,0,23026,0,0,23026,0,0.000000,100.000000,0.000000,0.000000,100.000000,0.000000,"wRa1,bNd1,bNa3",
RvNN,8,1,2,rook,knight,124992,59972,0,0,0,0,3,1,0,0,280,124712,0,0,104996,19996,0.224014,99.775986,0.000000,0.000000,84.002176,15.997824,0,59972,0,0,59972,0,0.000000,100.000000,0.000000,0.000000,100.000000,0.000000,"wRb1,bNa1,bNb2",
RvNN,9,1,2,rook,knight,255960,136244,0,0,0,0,3,1,0,0,320,255640,0,0,221740,34220,0.125020,99.874980,0.000000,0.000000,86.630724,13.369276,0,136244,0,0,136244,0,0.000000,100.000000,0.000000,0.000000,100.000000,0.000000,"wRb1,bNa1,bNb2",
RvNN,10,1,2,rook,knight,485100,na,0,0,na,na,3,1,0,na,360,484740,0,0,430216,54884,0.074212,99.925788,0.000000,0.000000,88.686044,11.313956,na,na,na,na,na,na,na,na,na,na,na,na,"wRb1,bNa1,bNb2",
RvNN,11,1,2,rook,knight,863940,na,0,0,na,na,3,1,0,na,400,863540,0,0,780272,83668,0.046300,99.953700,0.000000,0.000000,90.315531,9.684469,na,na,na,na,na,na,na,na,na,na,na,na,"wRb1,bNa1,bNb2",
RvNN,12,1,2,rook,knight,1462032,na,0,0,na,na,3,1,0,na,440,1461592,0,0,1339588,122444,0.030095,99.969905,0.000000,0.000000,91.625081,8.374919,na,na,na,na,na,na,na,na,na,na,na,na,"wRb1,bNa1,bNb2",
RvQ,3,1,1,rook,queen,72,16,0,0,0,0,1,3,0,3,36,0,36,0,0,72,50.000000,0.000000,50.000000,0.000000,0.000000,100.000000,0,0,16,0,0,16,0.000000,0.000000,100.000000,0.000000,0.000000,100.000000,"wRa1,bQb1",
RvQ,4,1,1,rook,queen,240,88,0,0,0,0,1,1,0,0,96,144,0,0,88,152,40.000000,60.000000,0.000000,0.000000,36.666667,63.333333,0,88,0,0,88,0,0.000000,100.000000,0.000000,0.000000,100.000000,0.000000,"wRa1,bQb1",
RvQ,5,1,1,rook,queen,600,280,0,0,0,0,1,1,0,0,200,400,0,0,280,320,33.333333,66.666667,0.000000,0.000000,46.666667,53.333333,0,280,0,0,280,0,0.000000,100.000000,0.000000,0.000000,100.000000,0.000000,"wRa1,bQb1",
RvQ,6,1,1,rook,queen,1260,680,0,0,0,0,1,1,0,0,360,900,0,0,680,580,28.571429,71.428571,0.000000,0.000000,53.968254,46.031746,0,680,0,0,680,0,0.000000,100.000000,0.000000,0.000000,100.000000,0.000000,"wRa1,bQb1",
RvQ,7,1,1,rook,queen,2352,1400,0,0,0,0,1,1,0,0,588,1764,0,0,1400,952,25.000000,75.000000,0.000000,0.000000,59.523810,40.476190,0,1400,0,0,1400,0,0.000000,100.000000,0.000000,0.000000,100.000000,0.000000,"wRa1,bQb1",
RvQ,8,1,1,rook,queen,4032,2576,0,0,0,0,1,1,0,0,896,3136,0,0,2576,1456,22.222222,77.777778,0.000000,0.000000,63.888889,36.111111,0,2576,0,0,2576,0,0.000000,100.000000,0.000000,0.000000,100.000000,0.000000,"wRa1,bQb1",
RvQ,9,1,1,rook,queen,6480,4368,0,0,0,0,1,1,0,0,1296,5184,0,0,4368,2112,20.000000,80.000000,0.000000,0.000000,67.407407,32.592593,0,4368,0,0,4368,0,0.000000,100.000000,0.000000,0.000000,100.000000,0.000000,"wRa1,bQb1",
RvQ,10,1,1,rook,queen,9900,na,0,0,na,na,1,1,0,na,1800,8100,0,0,6960,2940,18.181818,81.818182,0.000000,0.000000,70.303030,29.696970,na,na,na,na,na,na,na,na,na,na,na,na,"wRa1,bQb1",
RvQ,11,1,1,rook,queen,14520,na,0,0,na,na,1,1,0,na,2420,12100,0,0,10560,3960,16.666667,83.333333,0.000000,0.000000,72.727273,27.272727,na,na,na,na,na,na,na,na,na,na,na,na,"wRa1,bQb1",
RvQ,12,1,1,rook,queen,20592,na,0,0,na,na,1,1,0,na,3168,17424,0,0,15400,5192,15.384615,84.615385,0.000000,0.000000,74.786325,25.213675,na,na,na,na,na,na,na,na,na,na,na,na,"wRa1,bQb1",
RvQQ,3,1,2,rook,queen,252,8,0,0,0,0,0,3,0,3,0,0,252,0,0,252,0.000000,0.000000,100.000000,0.000000,0.000000,100.000000,0,0,8,0,0,8,0.000000,0.000000,100.000000,0.000000,0.000000,100.000000,,
RvQQ,4,1,2,rook,queen,1680,204,0,0,0,0,0,3,0,3,0,440,1240,0,0,1680,0.000000,26.190476,73.809524,0.000000,0.000000,100.000000,0,0,204,0,0,204,0.000000,0.000000,100.000000,0.000000,0.000000,100.000000,,
RvQQ,5,1,2,rook,queen,6900,1444,0,0,0,0,0,5,0,5,0,1960,4940,0,0,6900,0.000000,28.405797,71.594203,0.000000,0.000000,100.000000,0,0,1444,0,0,1444,0.000000,0.000000,100.000000,0.000000,0.000000,100.000000,,
RvQQ,6,1,2,rook,queen,21420,6116,0,0,0,0,0,11,0,11,0,6120,15300,0,0,21420,0.000000,28.571429,71.428571,0.000000,0.000000,100.000000,0,0,6116,0,0,6116,0.000000,0.000000,100.000000,0.000000,0.000000,100.000000,,
RvQQ,7,1,2,rook,queen,55272,19364,0,0,0,0,0,1,0,0,0,54908,364,0,19364,35908,0.000000,99.341439,0.658561,0.000000,35.034014,64.965986,0,19364,0,0,19364,0,0.000000,100.000000,0.000000,0.000000,100.000000,0.000000,,
RvQQ,8,1,2,rook,queen,124992,50664,0,0,0,0,0,1,0,0,0,124432,560,0,50664,74328,0.000000,99.551971,0.448029,0.000000,40.533794,59.466206,0,50664,0,0,50664,0,0.000000,100.000000,0.000000,0.000000,100.000000,0.000000,,
RvQQ,9,1,2,rook,queen,255960,115768,0,0,0,0,0,1,0,0,0,255144,816,0,115768,140192,0.000000,99.681200,0.318800,0.000000,45.228942,54.771058,0,115768,0,0,115768,0,0.000000,100.000000,0.000000,0.000000,100.000000,0.000000,,
RvQQ,10,1,2,rook,queen,485100,na,0,0,na,na,0,1,0,na,0,483960,1140,0,239000,246100,0.000000,99.764997,0.235003,0.000000,49.268192,50.731808,na,na,na,na,na,na,na,na,na,na,na,na,,
RvQQ,11,1,2,rook,queen,863940,na,0,0,na,na,0,1,0,na,0,862400,1540,0,455920,408020,0.000000,99.821747,0.178253,0.000000,52.772183,47.227817,na,na,na,na,na,na,na,na,na,na,na,na,,
RvQQ,12,1,2,rook,queen,1462032,na,0,0,na,na,0,1,0,na,0,1460008,2024,0,816340,645692,0.000000,99.861563,0.138437,0.000000,55.835987,44.164013,na,na,na,na,na,na,na,na,na,na,na,na,,
RvR,3,1,1,rook,rook,72,36,0,0,0,0,1,1,0,0,36,36,0,0,36,36,50.000000,50.000000,0.000000,0.000000,50.000000,50.000000,0,36,0,0,36,0,0.000000,100.000000,0.000000,0.000000,100.000000,0.000000,"wRa1,bRb1",
RvR,4,1,1,rook,rook,240,144,0,0,0,0,1,1,0,0,96,144,0,0,144,96,40.000000,60.000000,0.000000,0.000000,60.000000,40.000000,0,144,0,0,144,0,0.000000,100.000000,0.000000,0.000000,100.000000,0.000000,"wRa1,bRb1",
RvR,5,1,1,rook,rook,600,400,0,0,0,0,1,1,0,0,200,400,0,0,400,200,33.333333,66.666667,0.000000,0.000000,66.666667,33.333333,0,400,0,0,400,0,0.000000,100.000000,0.000000,0.000000,100.000000,0.000000,"wRa1,bRb1",
RvR,6,1,1,rook,rook,1260,900,0,0,0,0,1,1,0,0,360,900,0,0,900,360,28.571429,71.428571,0.000000,0.000000,71.428571,28.571429,0,900,0,0,900,0,0.000000,100.000000,0.000000,0.000000,100.000000,0.000000,"wRa1,bRb1",
RvR,7,1,1,rook,rook,2352,1764,0,0,0,0,1,1,0,0,588,1764,0,0,1764,588,25.000000,75.000000,0.000000,0.000000,75.000000,25.000000,0,1764,0,0,1764,0,0.000000,100.000000,0.000000,0.000000,100.000000,0.000000,"wRa1,bRb1",
RvR,8,1,1,rook,rook,4032,3136,0,0,0,0,1,1,0,0,896,3136,0,0,3136,896,22.222222,77.777778,0.000000,0.000000,77.777778,22.222222,0,3136,0,0,3136,0,0.000000,100.000000,0.000000,0.000000,100.000000,0.000000,"wRa1,bRb1",
RvR,9,1,1,rook,rook,6480,5184,0,0,0,0,1,1,0,0,1296,5184,0,0,5184,1296,20.000000,80.000000,0.000000,0.000000,80.000000,20.000000,0,5184,0,0,5184,0,0.000000,100.000000,0.000000,0.000000,100.000000,0.000000,"wRa1,bRb1",
RvR,10,1,1,rook,rook,9900,na,0,0,na,na,1,1,0,na,1800,8100,0,0,8100,1800,18.181818,81.818182,0.000000,0.000000,81.818182,18.181818,na,na,na,na,na,na,na,na,na,na,na,na,"wRa1,bRb1",
RvR,11,1,1,rook,rook,14520,na,0,0,na,na,1,1,0,na,2420,12100,0,0,12100,2420,16.666667,83.333333,0.000000,0.000000,83.333333,16.666667,na,na,na,na,na,na,na,na,na,na,na,na,"wRa1,bRb1",
RvR,12,1,1,rook,rook,20592,na,0,0,na,na,1,1,0,na,3168,17424,0,0,17424,3168,15.384615,84.615385,0.000000,0.000000,84.615385,15.384615,na,na,na,na,na,na,na,na,na,na,na,na,"wRa1,bRb1",
RvRR,3,1,2,rook,rook,252,54,0,0,0,0,0,5,0,5,0,108,144,0,0,252,0.000000,42.857143,57.142857,0.000000,0.000000,100.000000,0,0,54,0,0,54,0.000000,0.000000,100.000000,0.000000,0.000000,100.000000,,
RvRR,4,1,2,rook,rook,1680,576,0,0,0,0,0,1,0,0,0,1680,0,0,576,1104,0.000000,100.000000,0.000000,0.000000,34.285714,65.714286,0,576,0,0,576,0,0.000000,100.000000,0.000000,0.000000,100.000000,0.000000,,
RvRR,5,1,2,rook,rook,6900,3000,0,0,0,0,0,1,0,0,0,6900,0,0,3000,3900,0.000000,100.000000,0.000000,0.000000,43.478261,56.521739,0,3000,0,0,3000,0,0.000000,100.000000,0.000000,0.000000,100.000000,0.000000,,
RvRR,6,1,2,rook,rook,21420,10800,0,0,0,0,0,1,0,0,0,21420,0,0,10800,10620,0.000000,100.000000,0.000000,0.000000,50.420168,49.579832,0,10800,0,0,10800,0,0.000000,100.000000,0.000000,0.000000,100.000000,0.000000,,
RvRR,7,1,2,rook,rook,55272,30870,0,0,0,0,0,1,0,0,0,55272,0,0,30870,24402,0.000000,100.000000,0.000000,0.000000,55.851064,44.148936,0,30870,0,0,30870,0,0.000000,100.000000,0.000000,0.000000,100.000000,0.000000,,
RvRR,8,1,2,rook,rook,124992,75264,0,0,0,0,0,1,0,0,0,124992,0,0,75264,49728,0.000000,100.000000,0.000000,0.000000,60.215054,39.784946,0,75264,0,0,75264,0,0.000000,100.000000,0.000000,0.000000,100.000000,0.000000,,
RvRR,9,1,2,rook,rook,255960,163296,0,0,0,0,0,1,0,0,0,255960,0,0,163296,92664,0.000000,100.000000,0.000000,0.000000,63.797468,36.202532,0,163296,0,0,163296,0,0.000000,100.000000,0.000000,0.000000,100.000000,0.000000,,
RvRR,10,1,2,rook,rook,485100,na,0,0,na,na,0,1,0,na,0,485100,0,0,324000,161100,0.000000,100.000000,0.000000,0.000000,66.790353,33.209647,na,na,na,na,na,na,na,na,na,na,na,na,,
RvRR,11,1,2,rook,rook,863940,na,0,0,na,na,0,1,0,na,0,863940,0,0,598950,264990,0.000000,100.000000,0.000000,0.000000,69.327731,30.672269,na,na,na,na,na,na,na,na,na,na,na,na,,
RvRR,12,1,2,rook,rook,1462032,na,0,0,na,na,0,1,0,na,0,1462032,0,0,1045440,416592,0.000000,100.000000,0.000000,0.000000,71.505959,28.494041,na,na,na,na,na,na,na,na,na,na,na,na,,
KQKR,3,2,2,armed,armed,43,na,0,0,na,na,3,0,na,na,30,13,0,18,32,36,69.767442,30.232558,0.000000,20.930233,37.209302,41.860465,na,na,na,na,na,na,na,na,na,na,na,na,,
KQKR,4,2,2,armed,armed,1419,na,0,0,na,na,39,2,na,na,1249,165,5,647,628,931,88.019732,11.627907,0.352361,29.329102,28.467815,42.203083,na,na,na,na,na,na,na,na,na,na,na,na,,
KQKR,5,2,2,armed,armed,14287,na,0,0,na,na,33,12,na,na,13778,478,31,9180,2885,7739,96.437321,3.345699,0.216980,46.354272,14.567764,39.077964,na,na,na,na,na,na,na,na,na,na,na,na,,
KQKR,6,2,2,armed,armed,82173,na,0,0,na,na,45,24,na,na,80477,1539,157,58118,10860,37632,97.936062,1.872878,0.191060,54.514586,10.186662,35.298752,na,na,na,na,na,na,na,na,na,na,na,na,,
KQKR,7,2,2,armed,armed,339098,na,0,0,na,na,57,32,na,na,334420,4035,643,255679,31812,133689,98.620458,1.189921,0.189621,60.705399,7.553065,31.741536,na,na,na,na,na,na,na,na,na,na,na,na,,
KQKR,8,2,2,armed,armed,1119216,na,0,0,na,na,69,36,na,na,1108111,8963,2142,883075,78518,386313,99.007788,0.800828,0.191384,65.514583,5.825184,28.660233,na,na,na,na,na,na,na,na,na,na,na,na,,
KQKR,9,2,2,armed,armed,3146458,na,0,0,na,na,87,40,na,na,3122552,17929,5977,2566388,171886,964558,99.240225,0.569815,0.189960,69.308789,4.642015,26.049197,na,na,na,na,na,na,na,na,na,na,na,na,,
KQKR,10,2,2,armed,armed,7830558,na,0,0,na,na,107,44,na,na,7783484,32677,14397,6551691,342596,2157205,99.398842,0.417301,0.183857,72.382443,3.784967,23.832590,na,na,na,na,na,na,na,na,na,na,na,na,,
KQKR,11,2,2,armed,armed,17713821,na,0,0,na,na,137,48,na,na,17626689,56011,31121,15118859,635590,4429521,99.508113,0.316199,0.175688,74.905279,3.148984,21.945737,na,na,na,na,na,na,na,na,na,na,na,na,,
KQKR,12,2,2,armed,armed,37093441,na,0,0,na,na,169,54,na,na,36941477,90525,61439,32173072,1110942,8488816,99.590321,0.244046,0.165633,77.019134,2.659485,20.321381,na,na,na,na,na,na,na,na,na,na,na,na,,
KQKB,3,2,2,armed,armed,43,na,0,0,na,na,5,0,na,na,42,1,0,60,65,0,97.674419,2.325581,0.000000,48.000000,52.000000,0.000000,na,na,na,na,na,na,na,na,na,na,na,na,,
KQKB,4,2,2,armed,armed,1419,na,0,0,na,na,11,0,na,na,1396,23,0,1492,1273,0,98.379140,1.620860,0.000000,53.960217,46.039783,0.000000,na,na,na,na,na,na,na,na,na,na,na,na,,
KQKB,5,2,2,armed,armed,14287,na,0,0,na,na,17,0,na,na,14163,124,0,14528,8833,0,99.132078,0.867922,0.000000,62.189119,37.810881,0.000000,na,na,na,na,na,na,na,na,na,na,na,na,,
KQKB,6,2,2,armed,armed,82173,na,0,0,na,na,23,0,na,na,81711,462,0,83240,38243,0,99.437772,0.562228,0.000000,68.519875,31.480125,0.000000,na,na,na,na,na,na,na,na,na,na,na,na,,
KQKB,7,2,2,armed,armed,339098,na,0,0,na,na,27,0,na,na,337728,1370,0,343996,125532,0,99.595987,0.404013,0.000000,73.264214,26.735786,0.000000,na,na,na,na,na,na,na,na,na,na,na,na,,
KQKB,8,2,2,armed,armed,1119216,na,0,0,na,na,33,0,na,na,1115754,3462,0,1137179,342019,0,99.690676,0.309324,0.000000,76.878079,23.121921,0.000000,na,na,na,na,na,na,na,na,na,na,na,na,,
KQKB,9,2,2,armed,armed,3146458,na,0,0,na,na,37,0,na,na,3138681,7777,0,3201165,815841,0,99.752833,0.247167,0.000000,79.690322,20.309678,0.000000,na,na,na,na,na,na,na,na,na,na,na,na,,
KQKB,10,2,2,armed,armed,7830558,na,0,0,na,na,41,0,na,na,7814614,15944,0,7972393,1758593,0,99.796387,0.203613,0.000000,81.927905,18.072095,0.000000,na,na,na,na,na,na,na,na,na,na,na,na,,
KQKB,11,2,2,armed,armed,17713821,na,0,0,na,na,47,0,na,na,17683436,30385,0,18042178,3502733,0,99.828467,0.171533,0.000000,83.742179,16.257821,0.000000,na,na,na,na,na,na,na,na,na,na,na,na,,
KQKB,12,2,2,armed,armed,37093441,na,0,0,na,na,51,0,na,na,37038900,54541,0,37783993,6542938,0,99.852963,0.147037,0.000000,85.239362,14.760638,0.000000,na,na,na,na,na,na,na,na,na,na,na,na,,
KQKR-capture,3,2,2,armed,armed,43,na,0,0,na,na,5,0,na,na,37,6,0,22,21,43,86.046512,13.953488,0.000000,25.581395,24.418605,50.000000,na,na,na,na,na,na,na,na,na,na,na,na,,
KQKR-capture,4,2,2,armed,armed,1419,na,0,0,na,na,27,2,na,na,1360,54,5,860,396,950,95.842142,3.805497,0.352361,38.984587,17.951043,43.064370,na,na,na,na,na,na,na,na,na,na,na,na,,
KQKR-capture,5,2,2,armed,armed,14287,na,0,0,na,na,29,12,na,na,13894,362,31,9417,2615,7772,97.249248,2.533772,0.216980,47.551000,13.204403,39.244597,na,na,na,na,na,na,na,na,na,na,na,na,,
KQKR-capture,6,2,2,armed,armed,82173,na,0,0,na,na,39,24,na,na,80689,1327,157,58671,10256,37683,98.194054,1.614886,0.191060,55.033299,9.620111,35.346590,na,na,na,na,na,na,na,na,na,na,na,na,,
KQKR-capture,7,2,2,armed,armed,339098,na,0,0,na,na,51,30,na,na,334758,3697,643,256755,30663,133762,98.720134,1.090245,0.189621,60.960872,7.280260,31.758868,na,na,na,na,na,na,na,na,na,na,na,na,,
KQKR-capture,8,2,2,armed,armed,1119216,na,0,0,na,na,63,34,na,na,1108603,8471,2142,884925,76569,386412,99.051747,0.756869,0.191384,65.651833,5.680589,28.667578,na,na,na,na,na,na,na,na,na,na,na,na,,
KQKR-capture,9,2,2,armed,armed,3146458,na,0,0,na,na,81,38,na,na,3123226,17255,5977,2569311,168834,964687,99.261646,0.548394,0.189960,69.387728,4.559591,26.052681,na,na,na,na,na,na,na,na,na,na,na,na,,
KQKR-capture,10,2,2,armed,armed,7830558,na,0,0,na,na,99,42,na,na,7784368,31793,14397,6556034,338090,2157368,99.410131,0.406012,0.183857,72.430424,3.735185,23.834391,na,na,na,na,na,na,na,na,na,na,na,na,,
KQKR-capture,11,2,2,armed,armed,17713821,na,0,0,na,na,121,46,na,na,17627811,54889,31121,15125017,629231,4429722,99.514447,0.309865,0.175688,74.935788,3.117479,21.946733,na,na,na,na,na,na,na,na,na,na,na,na,,
KQKR-capture,12,2,2,armed,armed,37093441,na,0,0,na,na,153,52,na,na,36942865,89137,61439,32181488,1102283,8489059,99.594063,0.240304,0.165633,77.039281,2.638756,20.321963,na,na,na,na,na,na,na,na,na,na,na,na,,
KQKB-capture,3,2,2,armed,armed,43,na,0,0,na,na,5,4,na,na,42,0,1,62,23,40,97.674419,0.000000,2.325581,49.600000,18.400000,32.000000,na,na,na,na,na,na,na,na,na,na,na,na,,
KQKB-capture,4,2,2,armed,armed,1419,na,0,0,na,na,9,4,na,na,1401,16,2,1500,383,882,98.731501,1.127555,0.140944,54.249548,13.851718,31.898734,na,na,na,na,na,na,na,na,na,na,na,na,,
KQKB-capture,5,2,2,armed,armed,14287,na,0,0,na,na,17,26,na,na,14172,104,11,14545,1870,6946,99.195072,0.727934,0.076993,62.261889,8.004794,29.733316,na,na,na,na,na,na,na,na,na,na,na,na,,
KQKB-capture,6,2,2,armed,armed,82173,na,0,0,na,na,21,42,na,na,81725,382,66,83271,6115,32097,99.454809,0.464873,0.080318,68.545393,5.033626,26.420981,na,na,na,na,na,na,na,na,na,na,na,na,,
KQKB-capture,7,2,2,armed,armed,339098,na,0,0,na,na,27,4,na,na,337748,1345,5,344046,121278,4204,99.601885,0.396640,0.001474,73.274863,25.829769,0.895367,na,na,na,na,na,na,na,na,na,na,na,na,,
KQKB-capture,8,2,2,armed,armed,1119216,na,0,0,na,na,31,4,na,na,1115781,3429,6,1137253,338752,3193,99.693089,0.306375,0.000536,76.883081,22.901059,0.215860,na,na,na,na,na,na,na,na,na,na,na,na,,
KQKB-capture,9,2,2,armed,armed,3146458,na,0,0,na,na,35,4,na,na,3138716,7735,7,3201266,811511,4229,99.753946,0.245832,0.000222,79.692836,20.201887,0.105277,na,na,na,na,na,na,na,na,na,na,na,na,,
KQKB-capture,10,2,2,armed,armed,7830558,na,0,0,na,na,41,4,na,na,7814658,15892,8,7972526,1752966,5494,99.796949,0.202948,0.000102,81.929272,18.014269,0.056459,na,na,na,na,na,na,na,na,na,na,na,na,,
KQKB-capture,11,2,2,armed,armed,17713821,na,0,0,na,na,45,4,na,na,17683490,30322,9,18042346,3495619,6946,99.828772,0.171177,0.000051,83.742959,16.224801,0.032240,na,na,na,na,na,na,na,na,na,na,na,na,,
KQKB-capture,12,2,2,armed,armed,37093441,na,0,0,na,na,49,4,na,na,37038965,54466,10,37784201,6534067,8663,99.853138,0.146835,0.000027,85.239831,14.740626,0.019543,na,na,na,na,na,na,na,na,na,na,na,na,,
KQKQ,3,2,2,armed,armed,43,na,0,0,na,na,3,2,na,na,25,15,3,3,15,25,58.139535,34.883721,6.976744,6.976744,34.883721,58.139535,na,na,na,na,na,na,na,na,na,na,na,na,,
KQKQ,4,2,2,armed,armed,1419,na,0,0,na,na,11,10,na,na,779,601,39,39,601,779,54.897815,42.353770,2.748414,2.748414,42.353770,54.897815,na,na,na,na,na,na,na,na,na,na,na,na,,
KQKQ,5,2,2,armed,armed,14287,na,0,0,na,na,17,16,na,na,7560,6541,186,186,6541,7560,52.915238,45.782880,1.301883,1.301883,45.782880,52.915238,na,na,na,na,na,na,na,na,na,na,na,na,,
KQKQ,6,2,2,armed,armed,82173,na,0,0,na,na,21,20,na,na,40496,41025,652,652,41025,40496,49.281394,49.925158,0.793448,0.793448,49.925158,49.281394,na,na,na,na,na,na,na,na,na,na,na,na,,
KQKQ,7,2,2,armed,armed,339098,na,0,0,na,na,23,22,na,na,153686,183493,1919,1919,183493,153686,45.322001,54.112086,0.565913,0.565913,54.112086,45.322001,na,na,na,na,na,na,na,na,na,na,na,na,,
KQKQ,8,2,2,armed,armed,1119216,na,0,0,na,na,25,24,na,na,467214,646911,5091,5091,646911,467214,41.744757,57.800371,0.454872,0.454872,57.800371,41.744757,na,na,na,na,na,na,na,na,na,na,na,na,,
KQKQ,9,2,2,armed,armed,3146458,na,0,0,na,na,29,28,na,na,1213384,1920857,12217,12217,1920857,1213384,38.563489,61.048233,0.388278,0.388278,61.048233,38.563489,na,na,na,na,na,na,na,na,na,na,na,na,,
KQKQ,10,2,2,armed,armed,7830558,na,0,0,na,na,31,30,na,na,2804315,4999452,26791,26791,4999452,2804315,35.812454,63.845412,0.342134,0.342134,63.845412,35.812454,na,na,na,na,na,na,na,na,na,na,na,na,,
KQKQ,11,2,2,armed,armed,17713821,na,0,0,na,na,35,34,na,na,5915551,11743926,54344,54344,11743926,5915551,33.395116,66.298096,0.306789,0.306789,66.298096,33.395116,na,na,na,na,na,na,na,na,na,na,na,na,,
KQKQ,12,2,2,armed,armed,37093441,na,0,0,na,na,37,36,na,na,11604634,25385881,102926,102926,25385881,11604634,31.284868,68.437655,0.277478,0.277478,68.437655,31.284868,na,na,na,na,na,na,na,na,na,na,na,na,,
KQKQ-capture,3,2,2,armed,armed,43,na,0,0,na,na,3,2,na,na,30,10,3,3,10,30,69.767442,23.255814,6.976744,6.976744,23.255814,69.767442,na,na,na,na,na,na,na,na,na,na,na,na,,
KQKQ-capture,4,2,2,armed,armed,1419,na,0,0,na,na,9,8,na,na,855,521,43,43,521,855,60.253700,36.715997,3.030303,3.030303,36.715997,60.253700,na,na,na,na,na,na,na,na,na,na,na,na,,
KQKQ-capture,5,2,2,armed,armed,14287,na,0,0,na,na,15,14,na,na,7831,6265,191,191,6265,7831,54.812067,43.851053,1.336880,1.336880,43.851053,54.812067,na,na,na,na,na,na,na,na,na,na,na,na,,
KQKQ-capture,6,2,2,armed,armed,82173,na,0,0,na,na,19,18,na,na,41073,40447,653,653,40447,41073,49.983571,49.221764,0.794665,0.794665,49.221764,49.983571,na,na,na,na,na,na,na,na,na,na,na,na,,
KQKQ-capture,7,2,2,armed,armed,339098,na,0,0,na,na,21,20,na,na,154719,182459,1920,1920,182459,154719,45.626633,53.807159,0.566208,0.566208,53.807159,45.626633,na,na,na,na,na,na,na,na,na,na,na,na,,
KQKQ-capture,8,2,2,armed,armed,1119216,na,0,0,na,na,23,22,na,na,468858,645266,5092,5092,645266,468858,41.891646,57.653393,0.454961,0.454961,57.653393,41.891646,na,na,na,na,na,na,na,na,na,na,na,na,,
KQKQ-capture,9,2,2,armed,armed,3146458,na,0,0,na,na,25,24,na,na,1215818,1918420,12220,12220,1918420,1215818,38.640846,60.970780,0.388373,0.388373,60.970780,38.640846,na,na,na,na,na,na,na,na,na,na,na,na,,
KQKQ-capture,10,2,2,armed,armed,7830558,na,0,0,na,na,29,28,na,na,2807725,4996039,26794,26794,4996039,2807725,35.856002,63.801826,0.342172,0.342172,63.801826,35.856002,na,na,na,na,na,na,na,na,na,na,na,na,,
KQKQ-capture,11,2,2,armed,armed,17713821,na,0,0,na,na,31,30,na,na,5920147,11739328,54346,54346,11739328,5920147,33.421061,66.272139,0.306800,0.306800,66.272139,33.421061,na,na,na,na,na,na,na,na,na,na,na,na,,
KQKQ-capture,12,2,2,armed,armed,37093441,na,0,0,na,na,35,34,na,na,11610644,25379869,102928,102928,25379869,11610644,31.301070,68.421447,0.277483,0.277483,68.421447,31.301070,na,na,na,na,na,na,na,na,na,na,na,na,,
KQKN,3,2,2,armed,armed,43,na,0,0,na,na,3,0,na,na,38,5,0,67,65,0,88.372093,11.627907,0.000000,50.757576,49.242424,0.000000,na,na,na,na,na,na,na,na,na,na,na,na,,
KQKN,4,2,2,armed,armed,1419,na,0,0,na,na,17,0,na,na,1384,35,0,1611,1291,0,97.533474,2.466526,0.000000,55.513439,44.486561,0.000000,na,na,na,na,na,na,na,na,na,na,na,na,,
KQKN,5,2,2,armed,armed,14287,na,0,0,na,na,25,0,na,na,13991,296,0,15330,9148,0,97.928186,2.071814,0.000000,62.627666,37.372334,0.000000,na,na,na,na,na,na,na,na,na,na,na,na,,
KQKN,6,2,2,armed,armed,82173,na,0,0,na,na,31,0,na,na,80999,1174,0,89473,38429,0,98.571307,1.428693,0.000000,69.954340,30.045660,0.000000,na,na,na,na,na,na,na,na,na,na,na,na,,
KQKN,7,2,2,armed,armed,339098,na,0,0,na,na,35,0,na,na,335837,3261,0,376664,119654,0,99.038331,0.961669,0.000000,75.891666,24.108334,0.000000,na,na,na,na,na,na,na,na,na,na,na,na,,
KQKN,8,2,2,armed,armed,1119216,na,0,0,na,na,41,0,na,na,1111906,7310,0,1261326,305896,0,99.346864,0.653136,0.000000,80.481642,19.518358,0.000000,na,na,na,na,na,na,na,na,na,na,na,na,,
KQKN,9,2,2,armed,armed,3146458,na,0,0,na,na,45,0,na,na,3132217,14241,0,3577648,682172,0,99.547396,0.452604,0.000000,83.985896,16.014104,0.000000,na,na,na,na,na,na,na,na,na,na,na,na,,
KQKN,10,2,2,armed,armed,7830558,na,0,0,na,na,51,0,na,na,7805416,25142,0,8943855,1374655,0,99.678925,0.321075,0.000000,86.677776,13.322224,0.000000,na,na,na,na,na,na,na,na,na,na,na,na,,
KQKN,11,2,2,armed,armed,17713821,na,0,0,na,na,57,0,na,na,17672552,41269,0,20265510,2564122,0,99.767024,0.232976,0.000000,88.768448,11.231552,0.000000,na,na,na,na,na,na,na,na,na,na,na,na,,
KQKN,12,2,2,armed,armed,37093441,na,0,0,na,na,61,0,na,na,37029395,64046,0,42422884,4496354,0,99.827339,0.172661,0.000000,90.416822,9.583178,0.000000,na,na,na,na,na,na,na,na,na,na,na,na,,
KQKN-capture,3,2,2,armed,armed,43,na,0,0,na,na,3,0,na,na,40,3,0,71,27,34,93.023256,6.976744,0.000000,53.787879,20.454545,25.757576,na,na,na,na,na,na,na,na,na,na,na,na,,
KQKN-capture,4,2,2,armed,armed,1419,na,0,0,na,na,17,24,na,na,1384,25,10,1613,420,869,97.533474,1.761804,0.704722,55.582357,14.472777,29.944866,na,na,na,na,na,na,na,na,na,na,na,na,,
KQKN-capture,5,2,2,armed,armed,14287,na,0,0,na,na,23,36,na,na,13991,166,130,15333,2586,6559,97.928186,1.161895,0.909918,62.639922,10.564589,26.795490,na,na,na,na,na,na,na,na,na,na,na,na,,
KQKN-capture,6,2,2,armed,armed,82173,na,0,0,na,na,31,68,na,na,80999,542,632,89477,8457,29968,98.571307,0.659584,0.769109,69.957467,6.612094,23.430439,na,na,na,na,na,na,na,na,na,na,na,na,,
KQKN-capture,7,2,2,armed,armed,339098,na,0,0,na,na,35,0,na,na,335837,3261,0,376669,118848,801,99.038331,0.961669,0.000000,75.892674,23.945938,0.161388,na,na,na,na,na,na,na,na,na,na,na,na,,
KQKN-capture,8,2,2,armed,armed,1119216,na,0,0,na,na,41,0,na,na,1111906,7310,0,1261332,305178,712,99.346864,0.653136,0.000000,80.482025,19.472544,0.045431,na,na,na,na,na,na,na,na,na,na,na,na,,
KQKN-capture,9,2,2,armed,armed,3146458,na,0,0,na,na,45,0,na,na,3132217,14241,0,3577655,681443,722,99.547396,0.452604,0.000000,83.986060,15.996990,0.016949,na,na,na,na,na,na,na,na,na,na,na,na,,
KQKN-capture,10,2,2,armed,armed,7830558,na,0,0,na,na,51,0,na,na,7805416,25142,0,8943863,1373922,725,99.678925,0.321075,0.000000,86.677854,13.315120,0.007026,na,na,na,na,na,na,na,na,na,na,na,na,,
KQKN-capture,11,2,2,armed,armed,17713821,na,0,0,na,na,55,0,na,na,17672552,41269,0,20265519,2563388,725,99.767024,0.232976,0.000000,88.768487,11.228337,0.003176,na,na,na,na,na,na,na,na,na,na,na,na,,
KQKN-capture,12,2,2,armed,armed,37093441,na,0,0,na,na,61,0,na,na,37029395,64046,0,42422894,4495619,725,99.827339,0.172661,0.000000,90.416844,9.581611,0.001545,na,na,na,na,na,na,na,na,na,na,na,na,,
KRKR,3,2,2,armed,armed,86,na,0,0,na,na,7,0,na,na,40,43,3,3,43,40,46.511628,50.000000,3.488372,3.488372,50.000000,46.511628,na,na,na,na,na,na,na,na,na,na,na,na,,
KRKR,4,2,2,armed,armed,2206,na,0,0,na,na,17,16,na,na,963,1212,31,31,1212,963,43.653672,54.941070,1.405258,1.405258,54.941070,43.653672,na,na,na,na,na,na,na,na,na,na,na,na,,
KRKR,5,2,2,armed,armed,19804,na,0,0,na,na,23,22,na,na,7973,11614,217,217,11614,7973,40.259544,58.644718,1.095738,1.095738,58.644718,40.259544,na,na,na,na,na,na,na,na,na,na,na,na,,
KRKR,6,2,2,armed,armed,106610,na,0,0,na,na,29,30,na,na,38513,67124,973,973,67124,38513,36.125129,62.962199,0.912672,0.912672,62.962199,36.125129,na,na,na,na,na,na,na,na,na,na,na,na,,
KRKR,7,2,2,armed,armed,421180,na,0,0,na,na,33,34,na,na,136208,281683,3289,3289,281683,136208,32.339617,66.879481,0.780901,0.780901,66.879481,32.339617,na,na,na,na,na,na,na,na,na,na,na,na,,
KRKR,8,2,2,armed,armed,1347906,na,0,0,na,na,37,38,na,na,392459,946389,9058,9058,946389,392459,29.116199,70.211795,0.672005,0.672005,70.211795,29.116199,na,na,na,na,na,na,na,na,na,na,na,na,,
KRKR,9,2,2,armed,armed,3702832,na,0,0,na,na,41,42,na,na,978121,2703209,21502,21502,2703209,978121,26.415484,73.003825,0.580691,0.580691,73.003825,26.415484,na,na,na,na,na,na,na,na,na,na,na,na,,
KRKR,10,2,2,armed,armed,9051492,na,0,0,na,na,45,46,na,na,2184862,6821085,45545,45545,6821085,2184862,24.138142,75.358681,0.503177,0.503177,75.358681,24.138142,na,na,na,na,na,na,na,na,na,na,na,na,,
KRKR,11,2,2,armed,armed,20183970,na,0,0,na,na,49,50,na,na,4482473,15612991,88506,88506,15612991,4482473,22.208084,77.353420,0.438496,0.438496,77.353420,22.208084,na,na,na,na,na,na,na,na,na,na,na,na,,
KRKR,12,2,2,armed,armed,41772830,na,0,0,na,na,55,54,na,na,8584830,33027683,160317,160317,33027683,8584830,20.551229,79.064988,0.383783,0.383783,79.064988,20.551229,na,na,na,na,na,na,na,na,na,na,na,na,,
KRKR-capture,3,2,2,armed,armed,86,na,0,0,na,na,11,10,na,na,55,24,7,7,24,55,63.953488,27.906977,8.139535,8.139535,27.906977,63.953488,na,na,na,na,na,na,na,na,na,na,na,na,,
KRKR-capture,4,2,2,armed,armed,2206,na,0,0,na,na,15,14,na,na,982,1192,32,32,1192,982,44.514959,54.034451,1.450589,1.450589,54.034451,44.514959,na,na,na,na,na,na,na,na,na,na,na,na,,
KRKR-capture,5,2,2,armed,armed,19804,na,0,0,na,na,21,20,na,na,8006,11581,217,217,11581,8006,40.426177,58.478085,1.095738,1.095738,58.478085,40.426177,na,na,na,na,na,na,na,na,na,na,na,na,,
KRKR-capture,6,2,2,armed,armed,106610,na,0,0,na,na,27,28,na,na,38564,67073,973,973,67073,38564,36.172967,62.914361,0.912672,0.912672,62.914361,36.172967,na,na,na,na,na,na,na,na,na,na,na,na,,
KRKR-capture,7,2,2,armed,armed,421180,na,0,0,na,na,31,32,na,na,136281,281610,3289,3289,281610,136281,32.356950,66.862149,0.780901,0.780901,66.862149,32.356950,na,na,na,na,na,na,na,na,na,na,na,na,,
KRKR-capture,8,2,2,armed,armed,1347906,na,0,0,na,na,37,38,na,na,392558,946290,9058,9058,946290,392558,29.123544,70.204450,0.672005,0.672005,70.204450,29.123544,na,na,na,na,na,na,na,na,na,na,na,na,,
KRKR-capture,9,2,2,armed,armed,3702832,na,0,0,na,na,39,40,na,na,978250,2703080,21502,21502,2703080,978250,26.418968,73.000341,0.580691,0.580691,73.000341,26.418968,na,na,na,na,na,na,na,na,na,na,na,na,,
KRKR-capture,10,2,2,armed,armed,9051492,na,0,0,na,na,43,44,na,na,2185025,6820922,45545,45545,6820922,2185025,24.139943,75.356880,0.503177,0.503177,75.356880,24.139943,na,na,na,na,na,na,na,na,na,na,na,na,,
KRKR-capture,11,2,2,armed,armed,20183970,na,0,0,na,na,47,48,na,na,4482674,15612790,88506,88506,15612790,4482674,22.209080,77.352424,0.438496,0.438496,77.352424,22.209080,na,na,na,na,na,na,na,na,na,na,na,na,,
KRKR-capture,12,2,2,armed,armed,41772830,na,0,0,na,na,53,52,na,na,8585073,33027440,160317,160317,33027440,8585073,20.551811,79.064406,0.383783,0.383783,79.064406,20.551811,na,na,na,na,na,na,na,na,na,na,na,na,,
KRKB,3,2,2,armed,armed,86,na,0,0,na,na,13,0,na,na,60,26,0,31,94,0,69.767442,30.232558,0.000000,24.800000,75.200000,0.000000,na,na,na,na,na,na,na,na,na,na,na,na,,
KRKB,4,2,2,armed,armed,2206,na,0,0,na,na,51,0,na,na,2093,113,0,1393,1372,0,94.877607,5.122393,0.000000,50.379747,49.620253,0.000000,na,na,na,na,na,na,na,na,na,na,na,na,,
KRKB,5,2,2,armed,armed,19804,na,0,0,na,na,61,0,na,na,19206,598,0,14313,9048,0,96.980408,3.019592,0.000000,61.268781,38.731219,0.000000,na,na,na,na,na,na,na,na,na,na,na,na,,
KRKB,6,2,2,armed,armed,106610,na,0,0,na,na,95,0,na,na,104005,2605,0,81900,39583,0,97.556514,2.443486,0.000000,67.416840,32.583160,0.000000,na,na,na,na,na,na,na,na,na,na,na,na,,
KRKB,7,2,2,armed,armed,421180,na,0,0,na,na,103,0,na,na,174716,246464,0,25365,444163,0,41.482502,58.517498,0.000000,5.402234,94.597766,0.000000,na,na,na,na,na,na,na,na,na,na,na,na,,
KRKB,8,2,2,armed,armed,1347906,na,0,0,na,na,57,0,na,na,473447,874459,0,47736,1431462,0,35.124630,64.875370,0.000000,3.227154,96.772846,0.000000,na,na,na,na,na,na,na,na,na,na,na,na,,
KRKB,9,2,2,armed,armed,3702832,na,0,0,na,na,55,0,na,na,1192314,2510518,0,107337,3909669,0,32.200057,67.799943,0.000000,2.672065,97.327935,0.000000,na,na,na,na,na,na,na,na,na,na,na,na,,
KRKB,10,2,2,armed,armed,9051492,na,0,0,na,na,61,0,na,na,2701963,6349529,0,222560,9508426,0,29.851023,70.148977,0.000000,2.287127,97.712873,0.000000,na,na,na,na,na,na,na,na,na,na,na,na,,
KRKB,11,2,2,armed,armed,20183970,na,0,0,na,na,61,0,na,na,5619871,14564099,0,428234,21116677,0,27.843239,72.156761,0.000000,1.987634,98.012366,0.000000,na,na,na,na,na,na,na,na,na,na,na,na,,
KRKB,12,2,2,armed,armed,41772830,na,0,0,na,na,63,0,na,na,10899877,30872953,0,772557,43554374,0,26.093221,73.906779,0.000000,1.742861,98.257139,0.000000,na,na,na,na,na,na,na,na,na,na,na,na,,
KRKB-capture,3,2,2,armed,armed,86,na,0,0,na,na,9,4,na,na,70,14,2,43,42,40,81.395349,16.279070,2.325581,34.400000,33.600000,32.000000,na,na,na,na,na,na,na,na,na,na,na,na,,
KRKB-capture,4,2,2,armed,armed,2206,na,0,0,na,na,51,18,na,na,2096,76,34,1397,453,915,95.013599,3.445150,1.541251,50.524412,16.383363,33.092224,na,na,na,na,na,na,na,na,na,na,na,na,,
KRKB-capture,5,2,2,armed,armed,19804,na,0,0,na,na,61,30,na,na,19209,343,252,14319,1929,7113,96.995556,1.731973,1.272470,61.294465,8.257352,30.448183,na,na,na,na,na,na,na,na,na,na,na,na,,
KRKB-capture,6,2,2,armed,armed,106610,na,0,0,na,na,93,42,na,na,104008,1391,1211,81908,6572,33003,97.559328,1.304756,1.135916,67.423425,5.409810,27.166764,na,na,na,na,na,na,na,na,na,na,na,na,,
KRKB-capture,7,2,2,armed,armed,421180,na,0,0,na,na,101,30,na,na,192344,228791,45,36563,428695,4270,45.667885,54.321430,0.010684,7.787182,91.303394,0.909424,na,na,na,na,na,na,na,na,na,na,na,na,,
KRKB-capture,8,2,2,armed,armed,1347906,na,0,0,na,na,69,10,na,na,500597,847295,14,62712,1413293,3193,37.138866,62.860096,0.001039,4.239595,95.544545,0.215860,na,na,na,na,na,na,na,na,na,na,na,na,,
KRKB-capture,9,2,2,armed,armed,3702832,na,0,0,na,na,99,10,na,na,1231512,2471303,17,128296,3884481,4229,33.258652,66.740889,0.000459,3.193821,96.700901,0.105277,na,na,na,na,na,na,na,na,na,na,na,na,,
KRKB-capture,10,2,2,armed,armed,9051492,na,0,0,na,na,77,10,na,na,2722931,6328541,20,232688,9492804,5494,30.082676,69.917103,0.000221,2.391207,97.552334,0.056459,na,na,na,na,na,na,na,na,na,na,na,na,,
KRKB-capture,11,2,2,armed,armed,20183970,na,0,0,na,na,79,10,na,na,5640191,14543756,23,436469,21101496,6946,27.943913,72.055973,0.000114,2.025857,97.941904,0.032240,na,na,na,na,na,na,na,na,na,na,na,na,,
KRKB-capture,12,2,2,armed,armed,41772830,na,0,0,na,na,81,10,na,na,10927597,30845207,26,783454,43534814,8663,26.159580,73.840357,0.000062,1.767445,98.213012,0.019543,na,na,na,na,na,na,na,na,na,na,na,na,,
KRKN,3,2,2,armed,armed,86,na,0,0,na,na,11,0,na,na,68,17,1,57,75,0,79.069767,19.767442,1.162791,43.181818,56.818182,0.000000,na,na,na,na,na,na,na,na,na,na,na,na,,
KRKN,4,2,2,armed,armed,2206,na,0,0,na,na,27,0,na,na,1610,595,1,735,2165,2,72.982774,26.971895,0.045331,25.327360,74.603722,0.068918,na,na,na,na,na,na,na,na,na,na,na,na,,
KRKN,5,2,2,armed,armed,19804,na,0,0,na,na,43,0,na,na,11982,7821,1,3767,20707,4,60.502929,39.492022,0.005049,15.389329,84.594330,0.016341,na,na,na,na,na,na,na,na,na,na,na,na,,
KRKN,6,2,2,armed,armed,106610,na,0,0,na,na,57,0,na,na,56992,49617,1,15354,112544,4,53.458400,46.540662,0.000938,12.004503,87.992369,0.003127,na,na,na,na,na,na,na,na,na,na,na,na,,
KRKN,7,2,2,armed,armed,421180,na,0,0,na,na,85,0,na,na,215463,205716,1,57897,438417,4,51.156988,48.842775,0.000237,11.665303,88.333891,0.000806,na,na,na,na,na,na,na,na,na,na,na,na,,
KRKN,8,2,2,armed,armed,1347906,na,0,0,na,na,79,0,na,na,651492,696413,1,170672,1396546,4,48.333638,51.666288,0.000074,10.890097,89.109648,0.000255,na,na,na,na,na,na,na,na,na,na,na,na,,
KRKN,9,2,2,armed,armed,3702832,na,0,0,na,na,101,0,na,na,1718740,1984091,1,454822,3804994,4,46.416905,53.583068,0.000027,10.677024,89.322882,0.000094,na,na,na,na,na,na,na,na,na,na,na,na,,
KRKN,10,2,2,armed,armed,9051492,na,0,0,na,na,189,0,na,na,4038756,5012735,1,1085142,9233364,4,44.619782,55.380207,0.000011,10.516460,89.483501,0.000039,na,na,na,na,na,na,na,na,na,na,na,na,,
KRKN,11,2,2,armed,armed,20183970,na,0,0,na,na,157,0,na,na,7685629,12498340,1,1447339,21382289,4,38.077886,61.922109,0.000005,6.339739,93.660244,0.000018,na,na,na,na,na,na,na,na,na,na,na,na,,
KRKN,12,2,2,armed,armed,41772830,na,0,0,na,na,141,0,na,na,14559789,27213040,1,2445720,44473514,4,34.854687,65.145311,0.000002,5.212617,94.787375,0.000009,na,na,na,na,na,na,na,na,na,na,na,na,,
KRKN-capture,3,2,2,armed,armed,86,na,0,0,na,na,7,10,na,na,69,15,2,59,39,34,80.232558,17.441860,2.325581,44.696970,29.545455,25.757576,na,na,na,na,na,na,na,na,na,na,na,na,,
KRKN-capture,4,2,2,armed,armed,2206,na,0,0,na,na,25,24,na,na,1617,554,35,743,1273,886,73.300091,25.113327,1.586582,25.603032,43.866299,30.530669,na,na,na,na,na,na,na,na,na,na,na,na,,
KRKN-capture,5,2,2,armed,armed,19804,na,0,0,na,na,41,36,na,na,11992,7551,261,3778,13958,6742,60.553424,38.128661,1.317916,15.434268,57.022633,27.543100,na,na,na,na,na,na,na,na,na,na,na,na,,
KRKN-capture,6,2,2,armed,armed,106610,na,0,0,na,na,55,68,na,na,57003,48604,1003,15367,81854,30681,53.468718,45.590470,0.940812,12.014667,63.997436,23.987897,na,na,na,na,na,na,na,na,na,na,na,na,,
KRKN-capture,7,2,2,armed,armed,421180,na,0,0,na,na,83,0,na,na,215475,205704,1,57913,437600,805,51.159837,48.839926,0.000237,11.668527,88.169279,0.162194,na,na,na,na,na,na,na,na,na,na,na,na,,
KRKN-capture,8,2,2,armed,armed,1347906,na,0,0,na,na,79,0,na,na,651505,696400,1,170691,1395815,716,48.334602,51.665324,0.000074,10.891310,89.063004,0.045686,na,na,na,na,na,na,na,na,na,na,na,na,,
KRKN-capture,9,2,2,armed,armed,3702832,na,0,0,na,na,99,0,na,na,1718754,1984077,1,454844,3804250,726,46.417283,53.582690,0.000027,10.677540,89.305417,0.017043,na,na,na,na,na,na,na,na,na,na,na,na,,
KRKN-capture,10,2,2,armed,armed,9051492,na,0,0,na,na,187,0,na,na,4038771,5012720,1,1085167,9232614,729,44.619948,55.380041,0.000011,10.516703,89.476233,0.007065,na,na,na,na,na,na,na,na,na,na,na,na,,
KRKN-capture,11,2,2,armed,armed,20183970,na,0,0,na,na,155,0,na,na,7685645,12498324,1,1447367,21381536,729,38.077965,61.922030,0.000005,6.339861,93.656945,0.003193,na,na,na,na,na,na,na,na,na,na,na,na,,
KRKN-capture,12,2,2,armed,armed,41772830,na,0,0,na,na,139,0,na,na,14559806,27213023,1,2445751,44472758,729,34.854727,65.145270,0.000002,5.212683,94.785764,0.001554,na,na,na,na,na,na,na,na,na,na,na,na,,
KBKB,3,2,2,armed,armed,125,na,0,0,na,na,1,0,na,na,3,118,4,4,118,3,2.400000,94.400000,3.200000,3.200000,94.400000,2.400000,na,na,na,na,na,na,na,na,na,na,na,na,,
KBKB,4,2,2,armed,armed,2765,na,0,0,na,na,1,0,na,na,8,2751,6,6,2751,8,0.289331,99.493671,0.216998,0.216998,99.493671,0.289331,na,na,na,na,na,na,na,na,na,na,na,na,,
KBKB,5,2,2,armed,armed,23361,na,0,0,na,na,1,0,na,na,17,23336,8,8,23336,17,0.072771,99.892984,0.034245,0.034245,99.892984,0.072771,na,na,na,na,na,na,na,na,na,na,na,na,,
KBKB,6,2,2,armed,armed,121483,na,0,0,na,na,1,0,na,na,26,121447,10,10,121447,26,0.021402,99.970366,0.008232,0.008232,99.970366,0.021402,na,na,na,na,na,na,na,na,na,na,na,na,,
KBKB,7,2,2,armed,armed,469528,na,0,0,na,na,1,0,na,na,39,469477,12,12,469477,39,0.008306,99.989138,0.002556,0.002556,99.989138,0.008306,na,na,na,na,na,na,na,na,na,na,na,na,,
KBKB,8,2,2,armed,armed,1479198,na,0,0,na,na,1,0,na,na,52,1479132,14,14,1479132,52,0.003515,99.995538,0.000946,0.000946,99.995538,0.003515,na,na,na,na,na,na,na,na,na,na,na,na,,
KBKB,9,2,2,armed,armed,4017006,na,0,0,na,na,1,0,na,na,69,4016921,16,16,4016921,69,0.001718,99.997884,0.000398,0.000398,99.997884,0.001718,na,na,na,na,na,na,na,na,na,na,na,na,,
KBKB,10,2,2,armed,armed,9730986,na,0,0,na,na,1,0,na,na,86,9730882,18,18,9730882,86,0.000884,99.998931,0.000185,0.000185,99.998931,0.000884,na,na,na,na,na,na,na,na,na,na,na,na,,
KBKB,11,2,2,armed,armed,21544911,na,0,0,na,na,1,0,na,na,107,21544784,20,20,21544784,107,0.000497,99.999411,0.000093,0.000093,99.999411,0.000497,na,na,na,na,na,na,na,na,na,na,na,na,,
KBKB,12,2,2,armed,armed,44326931,na,0,0,na,na,1,0,na,na,128,44326781,22,22,44326781,128,0.000289,99.999662,0.000050,0.000050,99.999662,0.000289,na,na,na,na,na,na,na,na,na,na,na,na,,
KBKB-capture,3,2,2,armed,armed,125,na,0,0,na,na,11,12,na,na,69,22,34,34,22,69,55.200000,17.600000,27.200000,27.200000,17.600000,55.200000,na,na,na,na,na,na,na,na,na,na,na,na,,
KBKB-capture,4,2,2,armed,armed,2765,na,0,0,na,na,17,16,na,na,919,1801,45,45,1801,919,33.236890,65.135624,1.627486,1.627486,65.135624,33.236890,na,na,na,na,na,na,na,na,na,na,na,na,,
KBKB-capture,5,2,2,armed,armed,23361,na,0,0,na,na,31,30,na,na,7000,16142,219,219,16142,7000,29.964471,69.098069,0.937460,0.937460,69.098069,29.964471,na,na,na,na,na,na,na,na,na,na,na,na,,
KBKB-capture,6,2,2,armed,armed,121483,na,0,0,na,na,49,48,na,na,32229,88354,900,900,88354,32229,26.529638,72.729518,0.740844,0.740844,72.729518,26.529638,na,na,na,na,na,na,na,na,na,na,na,na,,
KBKB-capture,7,2,2,armed,armed,469528,na,0,0,na,na,31,26,na,na,4227,465282,19,19,465282,4227,0.900266,99.095688,0.004047,0.004047,99.095688,0.900266,na,na,na,na,na,na,na,na,na,na,na,na,,
KBKB-capture,8,2,2,armed,armed,1479198,na,0,0,na,na,17,12,na,na,3223,1475958,17,17,1475958,3223,0.217888,99.780962,0.001149,0.001149,99.780962,0.217888,na,na,na,na,na,na,na,na,na,na,na,na,,
KBKB-capture,9,2,2,armed,armed,4017006,na,0,0,na,na,17,12,na,na,4268,4012719,19,19,4012719,4268,0.106248,99.893279,0.000473,0.000473,99.893279,0.106248,na,na,na,na,na,na,na,na,na,na,na,na,,
KBKB-capture,10,2,2,armed,armed,9730986,na,0,0,na,na,17,12,na,na,5542,9725423,21,21,9725423,5542,0.056952,99.942832,0.000216,0.000216,99.942832,0.056952,na,na,na,na,na,na,na,na,na,na,na,na,,
KBKB-capture,11,2,2,armed,armed,21544911,na,0,0,na,na,17,12,na,na,7005,21537883,23,23,21537883,7005,0.032513,99.967380,0.000107,0.000107,99.967380,0.032513,na,na,na,na,na,na,na,na,na,na,na,na,,
KBKB-capture,12,2,2,armed,armed,44326931,na,0,0,na,na,17,12,na,na,8733,44318173,25,25,44318173,8733,0.019701,99.980242,0.000056,0.000056,99.980242,0.019701,na,na,na,na,na,na,na,na,na,na,na,na,,
KBKN,3,2,2,armed,armed,125,na,0,0,na,na,1,0,na,na,2,122,1,1,130,1,1.600000,97.600000,0.800000,0.757576,98.484848,0.757576,na,na,na,na,na,na,na,na,na,na,na,na,,
KBKN,4,2,2,armed,armed,2765,na,0,0,na,na,1,0,na,na,2,2762,1,1,2898,3,0.072333,99.891501,0.036166,0.034459,99.862164,0.103377,na,na,na,na,na,na,na,na,na,na,na,na,,
KBKN,5,2,2,armed,armed,23361,na,0,0,na,na,1,0,na,na,2,23358,1,1,24472,5,0.008561,99.987158,0.004281,0.004085,99.975488,0.020427,na,na,na,na,na,na,na,na,na,na,na,na,,
KBKN,6,2,2,armed,armed,121483,na,0,0,na,na,1,0,na,na,2,121480,1,1,127896,5,0.001646,99.997531,0.000823,0.000782,99.995309,0.003909,na,na,na,na,na,na,na,na,na,na,na,na,,
KBKN,7,2,2,armed,armed,469528,na,0,0,na,na,1,0,na,na,2,469525,1,1,496312,5,0.000426,99.999361,0.000213,0.000201,99.998791,0.001007,na,na,na,na,na,na,na,na,na,na,na,na,,
KBKN,8,2,2,armed,armed,1479198,na,0,0,na,na,1,0,na,na,2,1479195,1,1,1567216,5,0.000135,99.999797,0.000068,0.000064,99.999617,0.000319,na,na,na,na,na,na,na,na,na,na,na,na,,
KBKN,9,2,2,armed,armed,4017006,na,0,0,na,na,1,0,na,na,2,4017003,1,1,4259814,5,0.000050,99.999925,0.000025,0.000023,99.999859,0.000117,na,na,na,na,na,na,na,na,na,na,na,na,,
KBKN,10,2,2,armed,armed,9730986,na,0,0,na,na,1,0,na,na,2,9730983,1,1,10318504,5,0.000021,99.999969,0.000010,0.000010,99.999942,0.000048,na,na,na,na,na,na,na,na,na,na,na,na,,
KBKN,11,2,2,armed,armed,21544911,na,0,0,na,na,1,0,na,na,2,21544908,1,1,22829626,5,0.000009,99.999986,0.000005,0.000004,99.999974,0.000022,na,na,na,na,na,na,na,na,na,na,na,na,,
KBKN,12,2,2,armed,armed,44326931,na,0,0,na,na,1,0,na,na,2,44326928,1,1,46919232,5,0.000005,99.999993,0.000002,0.000002,99.999987,0.000011,na,na,na,na,na,na,na,na,na,na,na,na,,
KBKN-capture,3,2,2,armed,armed,125,na,0,0,na,na,7,16,na,na,57,54,14,25,59,48,45.600000,43.200000,11.200000,18.939394,44.696970,36.363636,na,na,na,na,na,na,na,na,na,na,na,na,,
KBKN-capture,4,2,2,armed,armed,2765,na,0,0,na,na,27,26,na,na,1112,1576,77,164,1782,956,40.216998,56.998192,2.784810,5.651275,61.405927,32.942798,na,na,na,na,na,na,na,na,na,na,na,na,,
KBKN-capture,5,2,2,armed,armed,23361,na,0,0,na,na,37,36,na,na,8558,14447,356,1109,16375,6994,36.633706,61.842387,1.523907,4.530599,66.896805,28.572596,na,na,na,na,na,na,na,na,na,na,na,na,,
KBKN-capture,6,2,2,armed,armed,121483,na,0,0,na,na,55,68,na,na,39489,80789,1205,4798,91806,31298,32.505783,66.502309,0.991908,3.751310,71.778393,24.470298,na,na,na,na,na,na,na,na,na,na,na,na,,
KBKN-capture,7,2,2,armed,armed,469528,na,0,0,na,na,31,24,na,na,4471,465055,2,85,495423,810,0.952233,99.047341,0.000426,0.017126,99.819672,0.163202,na,na,na,na,na,na,na,na,na,na,na,na,,
KBKN-capture,8,2,2,armed,armed,1479198,na,0,0,na,na,17,24,na,na,3410,1475786,2,47,1566454,721,0.230530,99.769334,0.000135,0.002999,99.950996,0.046005,na,na,na,na,na,na,na,na,na,na,na,na,,
KBKN-capture,9,2,2,armed,armed,4017006,na,0,0,na,na,17,24,na,na,4489,4012515,2,54,4259035,731,0.111750,99.888200,0.000050,0.001268,99.981572,0.017160,na,na,na,na,na,na,na,na,na,na,na,na,,
KBKN-capture,10,2,2,armed,armed,9730986,na,0,0,na,na,17,24,na,na,5801,9725183,2,61,10317715,734,0.059614,99.940366,0.000021,0.000591,99.992295,0.007113,na,na,na,na,na,na,na,na,na,na,na,na,,
KBKN-capture,11,2,2,armed,armed,21544911,na,0,0,na,na,17,24,na,na,7302,21537607,2,68,22828830,734,0.033892,99.966099,0.000009,0.000298,99.996487,0.003215,na,na,na,na,na,na,na,na,na,na,na,na,,
KBKN-capture,12,2,2,armed,armed,44326931,na,0,0,na,na,17,24,na,na,9072,44317857,2,75,46918429,734,0.020466,99.979529,0.000005,0.000160,99.998276,0.001564,na,na,na,na,na,na,na,na,na,na,na,na,,
KNKN,3,2,2,armed,armed,132,na,0,0,na,na,1,0,na,na,1,130,1,1,130,1,0.757576,98.484848,0.757576,0.757576,98.484848,0.757576,na,na,na,na,na,na,na,na,na,na,na,na,,
KNKN,4,2,2,armed,armed,2902,na,0,0,na,na,1,0,na,na,3,2898,1,1,2898,3,0.103377,99.862164,0.034459,0.034459,99.862164,0.103377,na,na,na,na,na,na,na,na,na,na,na,na,,
KNKN,5,2,2,armed,armed,24478,na,0,0,na,na,1,0,na,na,5,24472,1,1,24472,5,0.020427,99.975488,0.004085,0.004085,99.975488,0.020427,na,na,na,na,na,na,na,na,na,na,na,na,,
KNKN,6,2,2,armed,armed,127902,na,0,0,na,na,1,0,na,na,5,127896,1,1,127896,5,0.003909,99.995309,0.000782,0.000782,99.995309,0.003909,na,na,na,na,na,na,na,na,na,na,na,na,,
KNKN,7,2,2,armed,armed,496318,na,0,0,na,na,1,0,na,na,5,496312,1,1,496312,5,0.001007,99.998791,0.000201,0.000201,99.998791,0.001007,na,na,na,na,na,na,na,na,na,na,na,na,,
KNKN,8,2,2,armed,armed,1567222,na,0,0,na,na,1,0,na,na,5,1567216,1,1,1567216,5,0.000319,99.999617,0.000064,0.000064,99.999617,0.000319,na,na,na,na,na,na,na,na,na,na,na,na,,
KNKN,9,2,2,armed,armed,4259820,na,0,0,na,na,1,0,na,na,5,4259814,1,1,4259814,5,0.000117,99.999859,0.000023,0.000023,99.999859,0.000117,na,na,na,na,na,na,na,na,na,na,na,na,,
KNKN,10,2,2,armed,armed,10318510,na,0,0,na,na,1,0,na,na,5,10318504,1,1,10318504,5,0.000048,99.999942,0.000010,0.000010,99.999942,0.000048,na,na,na,na,na,na,na,na,na,na,na,na,,
KNKN,11,2,2,armed,armed,22829632,na,0,0,na,na,1,0,na,na,5,22829626,1,1,22829626,5,0.000022,99.999974,0.000004,0.000004,99.999974,0.000022,na,na,na,na,na,na,na,na,na,na,na,na,,
KNKN,12,2,2,armed,armed,46919238,na,0,0,na,na,1,0,na,na,5,46919232,1,1,46919232,5,0.000011,99.999987,0.000002,0.000002,99.999987,0.000011,na,na,na,na,na,na,na,na,na,na,na,na,,
KNKN-capture,3,2,2,armed,armed,132,na,0,0,na,na,15,16,na,na,75,24,33,33,24,75,56.818182,18.181818,25.000000,25.000000,18.181818,56.818182,na,na,na,na,na,na,na,na,na,na,na,na,,
KNKN-capture,4,2,2,armed,armed,2902,na,0,0,na,na,35,34,na,na,1019,1792,91,91,1792,1019,35.113715,61.750517,3.135768,3.135768,61.750517,35.113715,na,na,na,na,na,na,na,na,na,na,na,na,,
KNKN-capture,5,2,2,armed,armed,24478,na,0,0,na,na,41,40,na,na,6642,17556,280,280,17556,6642,27.134570,71.721546,1.143884,1.143884,71.721546,27.134570,na,na,na,na,na,na,na,na,na,na,na,na,,
KNKN-capture,6,2,2,armed,armed,127902,na,0,0,na,na,77,76,na,na,30158,96681,1063,1063,96681,30158,23.578990,75.589905,0.831105,0.831105,75.589905,23.578990,na,na,na,na,na,na,na,na,na,na,na,na,,
KNKN-capture,7,2,2,armed,armed,496318,na,0,0,na,na,29,26,na,na,820,495495,3,3,495495,820,0.165217,99.834179,0.000604,0.000604,99.834179,0.165217,na,na,na,na,na,na,na,na,na,na,na,na,,
KNKN-capture,8,2,2,armed,armed,1567222,na,0,0,na,na,27,14,na,na,728,1566492,2,2,1566492,728,0.046452,99.953421,0.000128,0.000128,99.953421,0.046452,na,na,na,na,na,na,na,na,na,na,na,na,,
KNKN-capture,9,2,2,armed,armed,4259820,na,0,0,na,na,27,14,na,na,738,4259080,2,2,4259080,738,0.017325,99.982628,0.000047,0.000047,99.982628,0.017325,na,na,na,na,na,na,na,na,na,na,na,na,,
KNKN-capture,10,2,2,armed,armed,10318510,na,0,0,na,na,27,14,na,na,741,10317767,2,2,10317767,741,0.007181,99.992799,0.000019,0.000019,99.992799,0.007181,na,na,na,na,na,na,na,na,na,na,na,na,,
KNKN-capture,11,2,2,armed,armed,22829632,na,0,0,na,na,27,14,na,na,741,22828889,2,2,22828889,741,0.003246,99.996745,0.000009,0.000009,99.996745,0.003246,na,na,na,na,na,na,na,na,na,na,na,na,,
KNKN-capture,12,2,2,armed,armed,46919238,na,0,0,na,na,27,14,na,na,741,46918495,2,2,46918495,741,0.001579,99.998416,0.000004,0.000004,99.998416,0.001579,na,na,na,na,na,na,na,na,na,na,na,na,,
KQQK,3,3,1,shared,king,16,16,0,0,1,0,1,0,1,na,16,0,0,656,16,0,100.000000,0.000000,0.000000,97.619048,2.380952,0.000000,16,0,0,0,16,0,100.000000,0.000000,0.000000,0.000000,100.000000,0.000000,"wKa1,wQa2,wQb3,bKc1","wKa1,wQa2,wQb3,bKc1"
KQQK-capture,3,3,1,shared,king,16,16,0,1,0,1,1,0,1,na,16,0,0,672,0,0,100.000000,0.000000,0.000000,100.000000,0.000000,0.000000,16,0,0,16,0,0,100.000000,0.000000,0.000000,100.000000,0.000000,0.000000,"wKa1,wQa2,wQb3,bKc1","wKa1,wQa2,wQb3,bKc1"
KQQK,4,3,1,shared,king,1800,1800,0,0,0,0,3,0,3,na,1800,0,0,12908,1288,0,100.000000,0.000000,0.000000,90.927022,9.072978,0.000000,1800,0,0,512,1288,0,100.000000,0.000000,0.000000,28.444444,71.555556,0.000000,"wKa1,wQa2,wQa3,bKd1","wKa1,wQa2,wQa3,bKd1"
KQQK-capture,4,3,1,shared,king,1800,1800,0,1,0,1,3,0,3,na,1800,0,0,14196,0,0,100.000000,0.000000,0.000000,100.000000,0.000000,0.000000,1800,0,0,1800,0,0,100.000000,0.000000,0.000000,100.000000,0.000000,0.000000,"wKa1,wQb1,wQa2,bKc3","wKa1,wQb1,wQa2,bKc3"
KQQK,5,3,1,shared,king,25152,25152,0,0,0,0,5,0,5,na,25152,0,0,107136,8232,0,100.000000,0.000000,0.000000,92.864572,7.135428,0.000000,25152,0,0,16920,8232,0,100.000000,0.000000,0.000000,67.270992,32.729008,0.000000,"wKa1,wQb1,wQa2,bKc3","wKa1,wQb1,wQa2,bKc3"
KQQK-capture,5,3,1,shared,king,25152,25152,0,1,0,1,3,0,3,na,25152,0,0,115368,0,0,100.000000,0.000000,0.000000,100.000000,0.000000,0.000000,25152,0,0,25152,0,0,100.000000,0.000000,0.000000,100.000000,0.000000,0.000000,"wKa1,wQb4,wQe5,bKc2","wKa1,wQb4,wQe5,bKc2"
KQQK,6,3,1,shared,king,172168,172168,0,0,0,0,5,0,5,na,172168,0,0,555600,27840,0,100.000000,0.000000,0.000000,95.228301,4.771699,0.000000,172168,0,0,144328,27840,0,100.000000,0.000000,0.000000,83.829748,16.170252,0.000000,"wKa1,wQa4,wQb5,bKd2","wKc3,wQa1,wQb1,bKe3"
KQQK-capture,6,3,1,shared,king,172168,172168,0,1,0,1,5,0,5,na,172168,0,0,583440,0,0,100.000000,0.000000,0.000000,100.000000,0.000000,0.000000,172168,0,0,172168,0,0,100.000000,0.000000,0.000000,100.000000,0.000000,0.000000,"wKb1,wQf1,wQf6,bKc5","wKc3,wQa1,wQc1,bKe4"
KQQK,7,3,1,shared,king,793240,793240,0,0,0,0,7,0,7,na,793240,0,0,2136528,68712,0,100.000000,0.000000,0.000000,96.884149,3.115851,0.000000,793240,0,0,724528,68712,0,100.000000,0.000000,0.000000,91.337804,8.662196,0.000000,"wKb2,wQa1,wQc1,bKe5","wKd3,wQd1,wQd2,bKc5"
KQQK-capture,7,3,1,shared,king,793240,793240,0,1,0,1,5,0,5,na,793240,0,0,2205240,0,0,100.000000,0.000000,0.000000,100.000000,0.000000,0.000000,793240,0,0,793240,0,0,100.000000,0.000000,0.000000,100.000000,0.000000,0.000000,"wKa1,wQb1,wQa7,bKe2","wKd3,wQd1,wQf1,bKb6"
KQQK,8,3,1,shared,king,2828560,2828560,0,0,0,0,7,0,7,na,2828560,0,0,6689116,141176,0,100.000000,0.000000,0.000000,97.933090,2.066910,0.000000,2828560,0,0,2687384,141176,0,100.000000,0.000000,0.000000,95.008909,4.991091,0.000000,"wKa1,wQa7,wQb8,bKf3","wKd4,wQa4,wQb4,bKg3"
KQQK-capture,8,3,1,shared,king,2828560,2828560,0,1,0,1,7,0,7,na,2828560,0,0,6830292,0,0,100.000000,0.000000,0.000000,100.000000,0.000000,0.000000,2828560,0,0,2828560,0,0,100.000000,0.000000,0.000000,100.000000,0.000000,0.000000,"wKd3,wQd1,wQd2,bKe6","wKd3,wQd1,wQd2,bKe6"
KQRK,3,3,1,shared,king,136,136,0,0,1,0,1,0,1,na,136,0,0,1208,136,0,100.000000,0.000000,0.000000,89.880952,10.119048,0.000000,136,0,0,0,136,0,100.000000,0.000000,0.000000,0.000000,100.000000,0.000000,"wKa1,wQa2,wRb2,bKc1","wKa1,wQa2,wRb2,bKc1"
KQRK-capture,3,3,1,shared,king,136,136,0,1,0,1,1,0,1,na,136,0,0,1344,0,0,100.000000,0.000000,0.000000,100.000000,0.000000,0.000000,136,0,0,136,0,0,100.000000,0.000000,0.000000,100.000000,0.000000,0.000000,"wKa1,wQa2,wRb2,bKc1","wKa1,wQa2,wRb2,bKc1"
KQRK,4,3,1,shared,king,6304,5960,0,0,0,0,5,0,5,na,6304,0,0,25792,2600,0,100.000000,0.000000,0.000000,90.842491,9.157509,0.000000,5960,0,0,3360,2600,0,100.000000,0.000000,0.000000,56.375839,43.624161,0.000000,"wKa1,wQa3,wRb1,bKd2","wKa1,wQa3,wRb1,bKd2"
KQRK-capture,4,3,1,shared,king,6304,5960,0,1,0,1,3,0,3,na,6304,0,0,28392,0,0,100.000000,0.000000,0.000000,100.000000,0.000000,0.000000,5960,0,0,5960,0,0,100.000000,0.000000,0.000000,100.000000,0.000000,0.000000,"wKa1,wQb4,wRa3,bKc1","wKa1,wQb4,wRa3,bKc1"
KQRK,5,3,1,shared,king,73520,68984,0,0,0,0,7,0,7,na,73520,0,0,218796,11940,0,100.000000,0.000000,0.000000,94.825255,5.174745,0.000000,68984,0,0,57044,11940,0,100.000000,0.000000,0.000000,82.691639,17.308361,0.000000,"wKa1,wQe1,wRb1,bKc2","wKa1,wQe1,wRb1,bKc2"
KQRK-capture,5,3,1,shared,king,73520,68984,0,1,0,1,5,0,5,na,73520,0,0,230736,0,0,100.000000,0.000000,0.000000,100.000000,0.000000,0.000000,68984,0,0,68984,0,0,100.000000,0.000000,0.000000,100.000000,0.000000,0.000000,"wKa1,wQb5,wRa5,bKc2","wKa1,wQb5,wRa5,bKc2"
KQRK,6,3,1,shared,king,460640,435408,0,0,0,0,7,0,7,na,460640,0,0,1133236,33644,0,100.000000,0.000000,0.000000,97.116756,2.883244,0.000000,435408,0,0,401764,33644,0,100.000000,0.000000,0.000000,92.272995,7.727005,0.000000,"wKa1,wQe1,wRb1,bKc2","wKc3,wQa3,wRb3,bKe3"
KQRK-capture,6,3,1,shared,king,460640,435408,0,1,0,1,7,0,7,na,460640,0,0,1166880,0,0,100.000000,0.000000,0.000000,100.000000,0.000000,0.000000,435408,0,0,435408,0,0,100.000000,0.000000,0.000000,100.000000,0.000000,0.000000,"wKa1,wQf1,wRe2,bKd3","wKa1,wQf1,wRe2,bKd3"
KQRK,7,3,1,shared,king,2010680,1917272,0,0,0,0,9,0,9,na,2010680,0,0,4336256,74224,0,100.000000,0.000000,0.000000,98.317099,1.682901,0.000000,1917272,0,0,1843048,74224,0,100.000000,0.000000,0.000000,96.128666,3.871334,0.000000,"wKa1,wQg1,wRc1,bKd3","wKc1,wQa7,wRa1,bKc4"
KQRK-capture,7,3,1,shared,king,2010680,1917272,0,1,0,1,9,0,9,na,2010680,0,0,4410480,0,0,100.000000,0.000000,0.000000,100.000000,0.000000,0.000000,1917272,0,0,1917272,0,0,100.000000,0.000000,0.000000,100.000000,0.000000,0.000000,"wKa1,wQg7,wRf6,bKe5","wKa1,wQg7,wRf6,bKe5"
KQRK,8,3,1,shared,king,6911296,6640936,0,0,0,0,11,0,11,na,6911296,0,0,13519192,141392,0,100.000000,0.000000,0.000000,98.964964,1.035036,0.000000,6640936,0,0,6499544,141392,0,100.000000,0.000000,0.000000,97.870903,2.129097,0.000000,"wKa1,wQh1,wRc3,bKd4","wKa1,wQh1,wRh3,bKd4"
KQRK-capture,8,3,1,shared,king,6911296,6640936,0,1,0,1,9,0,9,na,6911296,0,0,13660584,0,0,100.000000,0.000000,0.000000,100.000000,0.000000,0.000000,6640936,0,0,6640936,0,0,100.000000,0.000000,0.000000,100.000000,0.000000,0.000000,"wKa1,wQc8,wRd2,bKe3","wKb2,wQa1,wRb1,bKe4"
KQBK,3,3,1,shared,king,240,240,0,0,1,0,3,0,3,na,240,0,0,864,480,0,100.000000,0.000000,0.000000,64.285714,35.714286,0.000000,240,0,0,0,240,0,100.000000,0.000000,0.000000,0.000000,100.000000,0.000000,"wKa1,wQa2,wBb2,bKc2","wKa1,wQa2,wBb2,bKc2"
KQBK-capture,3,3,1,shared,king,240,240,0,0,0,1,1,0,1,na,240,0,0,1320,24,0,100.000000,0.000000,0.000000,98.214286,1.785714,0.000000,240,0,0,240,0,0,100.000000,0.000000,0.000000,100.000000,0.000000,0.000000,"wKa1,wQa2,wBb1,bKc1","wKa1,wQa2,wBb1,bKc1"
KQBK,4,3,1,shared,king,8640,7984,0,0,0,0,7,0,7,na,8640,0,0,19888,8504,0,100.000000,0.000000,0.000000,70.047901,29.952099,0.000000,7984,0,0,5208,2776,0,100.000000,0.000000,0.000000,65.230461,34.769539,0.000000,"wKb1,wQb2,wBd4,bKa4","wKb1,wQb2,wBd4,bKa4"
KQBK-capture,4,3,1,shared,king,8640,7984,0,0,0,1,5,0,5,na,8640,0,0,28256,136,0,100.000000,0.000000,0.000000,99.520992,0.479008,0.000000,7984,0,0,7984,0,0,100.000000,0.000000,0.000000,100.000000,0.000000,0.000000,"wKa1,wQb1,wBc1,bKc3","wKa1,wQb1,wBc1,bKc3"
KQBK,5,3,1,shared,king,90968,84160,0,0,0,0,9,0,9,na,90968,0,0,181620,49116,0,100.000000,0.000000,0.000000,78.713335,21.286665,0.000000,84160,0,0,73052,11108,0,100.000000,0.000000,0.000000,86.801331,13.198669,0.000000,"wKa1,wQb1,wBc2,bKc3","wKa1,wQb1,wBc2,bKc3"
KQBK-capture,5,3,1,shared,king,90968,84160,0,1,0,1,5,0,5,na,90968,0,0,230736,0,0,100.000000,0.000000,0.000000,100.000000,0.000000,0.000000,84160,0,0,84160,0,0,100.000000,0.000000,0.000000,100.000000,0.000000,0.000000,"wKa1,wQa4,wBa2,bKc1","wKa1,wQa4,wBa2,bKc1"
KQBK,6,3,1,shared,king,540880,506512,0,0,0,0,11,0,11,na,540880,0,0,984976,181904,0,100.000000,0.000000,0.000000,84.411079,15.588921,0.000000,506512,0,0,477240,29272,0,100.000000,0.000000,0.000000,94.220867,5.779133,0.000000,"wKa1,wQa5,wBe1,bKe2","wKa1,wQa5,wBe1,bKe2"
KQBK-capture,6,3,1,shared,king,540880,506512,0,1,0,1,7,0,7,na,540880,0,0,1166880,0,0,100.000000,0.000000,0.000000,100.000000,0.000000,0.000000,506512,0,0,506512,0,0,100.000000,0.000000,0.000000,100.000000,0.000000,0.000000,"wKa1,wQa5,wBf2,bKc2","wKc3,wQa3,wBb4,bKe3"
KQBK,7,3,1,shared,king,2287544,2167464,0,0,0,0,13,0,13,na,2287544,0,0,3886100,524380,0,100.000000,0.000000,0.000000,88.110591,11.889409,0.000000,2167464,0,0,2105452,62012,0,100.000000,0.000000,0.000000,97.138961,2.861039,0.000000,"wKa1,wQa2,wBb3,bKd3","wKc1,wQa2,wBa6,bKd6"
KQBK-capture,7,3,1,shared,king,2287544,2167464,0,0,0,1,9,0,9,na,2287544,0,0,3978616,431864,0,100.000000,0.000000,0.000000,90.208231,9.791769,0.000000,2167464,0,0,2167464,0,0,100.000000,0.000000,0.000000,100.000000,0.000000,0.000000,"wKa1,wQb1,wBd3,bKc3","wKc2,wQc1,wBb1,bKc7"
KQBK,8,3,1,shared,king,7698432,7364272,0,0,0,0,15,0,15,na,7698432,0,0,12379568,1281016,0,100.000000,0.000000,0.000000,90.622539,9.377461,0.000000,7364272,0,0,7249416,114856,0,100.000000,0.000000,0.000000,98.440362,1.559638,0.000000,"wKa1,wQb1,wBf7,bKf6","wKa1,wQg1,wBg6,bKf6"
KQBK-capture,8,3,1,shared,king,7698432,7364272,0,0,0,1,11,0,11,na,7698432,0,0,12517372,1143212,0,100.000000,0.000000,0.000000,91.631309,8.368691,0.000000,7364272,0,0,7364272,0,0,100.000000,0.000000,0.000000,100.000000,0.000000,0.000000,"wKa1,wQg1,wBg3,bKf3","wKb2,wQb1,wBe4,bKd4"
KQNK,3,3,1,shared,king,312,312,0,0,0,0,5,0,5,na,312,0,0,864,480,0,100.000000,0.000000,0.000000,64.285714,35.714286,0.000000,312,0,0,88,224,0,100.000000,0.000000,0.000000,28.205128,71.794872,0.000000,"wKa1,wQb1,wNb2,bKc3","wKa1,wQb1,wNb2,bKc3"
KQNK-capture,3,3,1,shared,king,312,312,0,0,0,1,3,0,3,na,312,0,0,1264,80,0,100.000000,0.000000,0.000000,94.047619,5.952381,0.000000,312,0,0,312,0,0,100.000000,0.000000,0.000000,100.000000,0.000000,0.000000,"wKa1,wQa2,wNb2,bKc2","wKa1,wQa2,wNb2,bKc2"
KQNK,4,3,1,shared,king,9696,8696,0,0,0,0,7,0,7,na,9696,0,0,20016,8376,0,100.000000,0.000000,0.000000,70.498732,29.501268,0.000000,8696,0,0,6200,2496,0,100.000000,0.000000,0.000000,71.297148,28.702852,0.000000,"wKa1,wQb1,wNd1,bKd2","wKa1,wQb1,wNd1,bKd2"
KQNK-capture,4,3,1,shared,king,9696,8696,0,0,0,1,5,0,5,na,9696,0,0,28272,120,0,100.000000,0.000000,0.000000,99.577346,0.422654,0.000000,8696,0,0,8696,0,0,100.000000,0.000000,0.000000,100.000000,0.000000,0.000000,"wKa1,wQa3,wNc3,bKd2","wKa1,wQa3,wNc3,bKd2"
KQNK,5,3,1,shared,king,98896,87552,0,0,0,0,9,0,9,na,98896,0,0,181872,48864,0,100.000000,0.000000,0.000000,78.822550,21.177450,0.000000,87552,0,0,77856,9696,0,100.000000,0.000000,0.000000,88.925439,11.074561,0.000000,"wKa1,wQb1,wNd4,bKc3","wKa1,wQb2,wNd1,bKd3"
KQNK-capture,5,3,1,shared,king,98896,87552,0,0,0,1,7,0,7,na,98896,0,0,230112,624,0,100.000000,0.000000,0.000000,99.729561,0.270439,0.000000,87552,0,0,87552,0,0,100.000000,0.000000,0.000000,100.000000,0.000000,0.000000,"wKa1,wQb1,wNd4,bKc3","wKa1,wQe5,wNd4,bKc3"
KQNK,6,3,1,shared,king,582464,522864,0,0,0,0,11,0,11,na,582464,0,0,983408,183472,0,100.000000,0.000000,0.000000,84.276704,15.723296,0.000000,522864,0,0,498312,24552,0,100.000000,0.000000,0.000000,95.304324,4.695676,0.000000,"wKa1,wQb6,wNa6,bKd2","wKa1,wQb6,wNa6,bKd2"
KQNK-capture,6,3,1,shared,king,582464,522864,0,0,0,1,9,0,9,na,582464,0,0,1165688,1192,0,100.000000,0.000000,0.000000,99.897847,0.102153,0.000000,522864,0,0,522864,0,0,100.000000,0.000000,0.000000,100.000000,0.000000,0.000000,"wKa1,wQb1,wNd3,bKc3","wKa1,wQb1,wNd3,bKc3"
KQNK,7,3,1,shared,king,2454896,2241408,0,0,0,0,13,0,13,na,2454896,0,0,3875840,534640,0,100.000000,0.000000,0.000000,87.877963,12.122037,0.000000,2241408,0,0,2192048,49360,0,100.000000,0.000000,0.000000,97.797813,2.202187,0.000000,"wKa1,wQd7,wNa7,bKe2","wKd1,wQb1,wNg1,bKc6"
KQNK-capture,7,3,1,shared,king,2454896,2241408,0,0,0,1,11,0,11,na,2454896,0,0,3933896,476584,0,100.000000,0.000000,0.000000,89.194283,10.805717,0.000000,2241408,0,0,2241408,0,0,100.000000,0.000000,0.000000,100.000000,0.000000,0.000000,"wKa1,wQa7,wNd7,bKd3","wKd2,wQd1,wNa1,bKd4"
KQNK,8,3,1,shared,king,8245296,7640776,0,0,0,0,17,0,17,na,8245296,0,0,12343856,1316728,0,100.000000,0.000000,0.000000,90.361115,9.638885,0.000000,7640776,0,0,7553928,86848,0,100.000000,0.000000,0.000000,98.863362,1.136638,0.000000,"wKa1,wQg1,wNb1,bKf6","wKa1,wQg1,wNb1,bKf6"
KQNK-capture,8,3,1,shared,king,8245296,7640776,0,0,0,1,13,0,13,na,8245296,0,0,12438092,1222492,0,100.000000,0.000000,0.000000,91.050954,8.949046,0.000000,7640776,0,0,7640776,0,0,100.000000,0.000000,0.000000,100.000000,0.000000,0.000000,"wKa1,wQb7,wNa8,bKe3","wKb2,wQa1,wNa2,bKe4"
KRRK,3,3,1,shared,king,132,132,0,0,0,0,5,0,5,na,132,0,0,572,100,0,100.000000,0.000000,0.000000,85.119048,14.880952,0.000000,132,0,0,32,100,0,100.000000,0.000000,0.000000,24.242424,75.757576,0.000000,"wKa1,wRb1,wRa2,bKc3","wKa1,wRb1,wRa2,bKc3"
KRRK-capture,3,3,1,shared,king,132,132,0,1,0,1,1,0,1,na,132,0,0,672,0,0,100.000000,0.000000,0.000000,100.000000,0.000000,0.000000,132,0,0,132,0,0,100.000000,0.000000,0.000000,100.000000,0.000000,0.000000,"wKa1,wRa2,wRb2,bKc1","wKa1,wRa2,wRb2,bKc1"
KRRK,4,3,1,shared,king,4896,4196,0,0,0,0,7,0,7,na,4896,0,0,13400,796,0,100.000000,0.000000,0.000000,94.392787,5.607213,0.000000,4196,0,0,3400,796,0,100.000000,0.000000,0.000000,81.029552,18.970448,0.000000,"wKa1,wRb1,wRa4,bKc2","wKa1,wRb1,wRa4,bKc2"
KRRK-capture,4,3,1,shared,king,4896,4196,0,1,0,1,5,0,5,na,4896,0,0,14196,0,0,100.000000,0.000000,0.000000,100.000000,0.000000,0.000000,4196,0,0,4196,0,0,100.000000,0.000000,0.000000,100.000000,0.000000,0.000000,"wKa1,wRb1,wRd1,bKc2","wKa1,wRb1,wRd1,bKc2"
KRRK,5,3,1,shared,king,50980,43540,0,0,0,0,9,0,9,na,50980,0,0,112852,2516,0,100.000000,0.000000,0.000000,97.819153,2.180847,0.000000,43540,0,0,41024,2516,0,100.000000,0.000000,0.000000,94.221406,5.778594,0.000000,"wKa1,wRb1,wRa2,bKc3","wKa1,wRb1,wRa2,bKc3"
KRRK-capture,5,3,1,shared,king,50980,43540,0,1,0,1,9,0,9,na,50980,0,0,115368,0,0,100.000000,0.000000,0.000000,100.000000,0.000000,0.000000,43540,0,0,43540,0,0,100.000000,0.000000,0.000000,100.000000,0.000000,0.000000,"wKa1,wRb1,wRa2,bKc3","wKa1,wRb1,wRa2,bKc3"
KRRK,6,3,1,shared,king,298920,261476,0,0,0,0,11,0,11,na,298920,0,0,577652,5788,0,100.000000,0.000000,0.000000,99.007953,0.992047,0.000000,261476,0,0,255688,5788,0,100.000000,0.000000,0.000000,97.786413,2.213587,0.000000,"wKa1,wRb1,wRc1,bKd2","wKa1,wRb1,wRc1,bKd2"
KRRK-capture,6,3,1,shared,king,298920,261476,0,1,0,1,11,0,11,na,298920,0,0,583440,0,0,100.000000,0.000000,0.000000,100.000000,0.000000,0.000000,261476,0,0,261476,0,0,100.000000,0.000000,0.000000,100.000000,0.000000,0.000000,"wKa1,wRb1,wRc2,bKd3","wKa1,wRa2,wRc2,bKd3"
KRRK,7,3,1,shared,king,1249080,1119176,0,0,0,0,13,0,13,na,1249080,0,0,2194004,11236,0,100.000000,0.000000,0.000000,99.490486,0.509514,0.000000,1119176,0,0,1107940,11236,0,100.000000,0.000000,0.000000,98.996047,1.003953,0.000000,"wKa1,wRb2,wRc2,bKd3","wKa1,wRb2,wRc2,bKd3"
KRRK-capture,7,3,1,shared,king,1249080,1119176,0,1,0,1,13,0,13,na,1249080,0,0,2205240,0,0,100.000000,0.000000,0.000000,100.000000,0.000000,0.000000,1119176,0,0,1119176,0,0,100.000000,0.000000,0.000000,100.000000,0.000000,0.000000,"wKa1,wRb2,wRc2,bKd3","wKa1,wRb2,wRc2,bKd3"
KRRK,8,3,1,shared,king,4162592,3803652,0,0,0,0,13,0,13,na,4162592,0,0,6810712,19580,0,100.000000,0.000000,0.000000,99.713336,0.286664,0.000000,3803652,0,0,3784072,19580,0,100.000000,0.000000,0.000000,99.485232,0.514768,0.000000,"wKa1,wRb1,wRc2,bKd3","wKd1,wRd3,wRf3,bKe7"
KRRK-capture,8,3,1,shared,king,4162592,3803652,0,1,0,1,13,0,13,na,4162592,0,0,6830292,0,0,100.000000,0.000000,0.000000,100.000000,0.000000,0.000000,3803652,0,0,3803652,0,0,100.000000,0.000000,0.000000,100.000000,0.000000,0.000000,"wKa1,wRb1,wRc2,bKd3","wKb2,wRc3,wRd3,bKe4"
KRBK,3,3,1,shared,king,560,456,0,0,0,0,7,0,7,na,560,0,0,832,512,0,100.000000,0.000000,0.000000,61.904762,38.095238,0.000000,456,0,0,184,272,0,100.000000,0.000000,0.000000,40.350877,59.649123,0.000000,"wKa1,wRa2,wBc3,bKc1","wKa1,wRa2,wBc3,bKc1"
KRBK-capture,3,3,1,shared,king,560,456,0,0,0,1,3,0,3,na,560,0,0,1320,24,0,100.000000,0.000000,0.000000,98.214286,1.785714,0.000000,456,0,0,456,0,0,100.000000,0.000000,0.000000,100.000000,0.000000,0.000000,"wKa1,wRb1,wBc1,bKc2","wKa1,wRb1,wBc1,bKc2"
KRBK,4,3,1,shared,king,14136,10448,0,0,0,0,15,0,9,na,14136,0,0,21184,7208,0,100.000000,0.000000,0.000000,74.612567,25.387433,0.000000,10448,0,0,8968,1480,0,100.000000,0.000000,0.000000,85.834609,14.165391,0.000000,"wKa1,wRd3,wBc3,bKc2","wKa1,wRa2,wBc4,bKc1"
KRBK-capture,4,3,1,shared,king,14136,10448,0,0,0,1,9,0,9,na,14136,0,0,28256,136,0,100.000000,0.000000,0.000000,99.520992,0.479008,0.000000,10448,0,0,10448,0,0,100.000000,0.000000,0.000000,100.000000,0.000000,0.000000,"wKa1,wRb1,wBc1,bKc2","wKa1,wRb1,wBc1,bKc2"
KRBK,5,3,1,shared,king,129792,102232,0,0,0,0,17,0,13,na,129792,0,0,188268,42468,0,100.000000,0.000000,0.000000,81.594550,18.405450,0.000000,102232,0,0,97772,4460,0,100.000000,0.000000,0.000000,95.637374,4.362626,0.000000,"wKa1,wRd1,wBc3,bKc2","wKa1,wRb1,wBc1,bKc2"
KRBK-capture,5,3,1,shared,king,129792,102232,0,1,0,1,15,0,11,na,129792,0,0,230736,0,0,100.000000,0.000000,0.000000,100.000000,0.000000,0.000000,102232,0,0,102232,0,0,100.000000,0.000000,0.000000,100.000000,0.000000,0.000000,"wKa1,wRe2,wBc3,bKd3","wKa1,wRb1,wBc1,bKc2"
KRBK,6,3,1,shared,king,715200,596656,0,0,0,0,23,0,17,na,715200,0,0,1004004,162876,0,100.000000,0.000000,0.000000,86.041752,13.958248,0.000000,596656,0,0,586412,10244,0,100.000000,0.000000,0.000000,98.283098,1.716902,0.000000,"wKa1,wRe2,wBc3,bKd3","wKa1,wRb1,wBc1,bKc2"
KRBK-capture,6,3,1,shared,king,715200,596656,0,1,0,1,21,0,15,na,715200,0,0,1166880,0,0,100.000000,0.000000,0.000000,100.000000,0.000000,0.000000,596656,0,0,596656,0,0,100.000000,0.000000,0.000000,100.000000,0.000000,0.000000,"wKa1,wRd1,wBc3,bKc2","wKa1,wRb1,wBc1,bKc2"
KRBK,7,3,1,shared,king,2880240,2504696,0,0,0,0,27,0,21,na,2880240,0,0,3928008,482472,0,100.000000,0.000000,0.000000,89.060782,10.939218,0.000000,2504696,0,0,2484592,20104,0,100.000000,0.000000,0.000000,99.197348,0.802652,0.000000,"wKa1,wRe2,wBc3,bKd3","wKa1,wRf6,wBf5,bKf4"
KRBK-capture,7,3,1,shared,king,2880240,2504696,0,0,0,1,25,0,17,na,2880240,0,0,3978616,431864,0,100.000000,0.000000,0.000000,90.208231,9.791769,0.000000,2504696,0,0,2504696,0,0,100.000000,0.000000,0.000000,100.000000,0.000000,0.000000,"wKa1,wRe2,wBc3,bKd3","wKb1,wRb7,wBc7,bKd7"
KRBK,8,3,1,shared,king,9366840,8389456,0,0,0,0,31,0,23,na,9366840,0,0,12458920,1201664,0,100.000000,0.000000,0.000000,91.203421,8.796579,0.000000,8389456,0,0,8353952,35504,0,100.000000,0.000000,0.000000,99.576802,0.423198,0.000000,"wKa1,wRc2,wBd4,bKd3","wKa1,wRg2,wBf2,bKe2"
KRBK-capture,8,3,1,shared,king,9366840,8389456,0,0,0,1,31,0,21,na,9366840,0,0,12517372,1143212,0,100.000000,0.000000,0.000000,91.631309,8.368691,0.000000,8389456,0,0,8389456,0,0,100.000000,0.000000,0.000000,100.000000,0.000000,0.000000,"wKa1,wRf2,wBe4,bKe3","wKa1,wRc3,wBd3,bKe3"
KRNK,3,3,1,shared,king,568,456,0,0,0,0,5,0,5,na,568,0,0,896,448,0,100.000000,0.000000,0.000000,66.666667,33.333333,0.000000,456,0,0,264,192,0,100.000000,0.000000,0.000000,57.894737,42.105263,0.000000,"wKa1,wRa2,wNb2,bKc1","wKa1,wRa2,wNb2,bKc1"
KRNK-capture,3,3,1,shared,king,568,456,0,0,0,1,5,0,5,na,568,0,0,1264,80,0,100.000000,0.000000,0.000000,94.047619,5.952381,0.000000,456,0,0,456,0,0,100.000000,0.000000,0.000000,100.000000,0.000000,0.000000,"wKa1,wRa2,wNb2,bKc1","wKa1,wRa2,wNb2,bKc1"
KRNK,4,3,1,shared,king,14648,10272,0,0,0,0,13,0,11,na,14648,0,0,21140,7252,0,100.000000,0.000000,0.000000,74.457594,25.542406,0.000000,10272,0,0,8900,1372,0,100.000000,0.000000,0.000000,86.643302,13.356698,0.000000,"wKa1,wRd3,wNc3,bKc2","wKa1,wRb4,wNb2,bKc1"
KRNK-capture,4,3,1,shared,king,14648,10272,0,0,0,1,11,0,7,na,14648,0,0,28272,120,0,100.000000,0.000000,0.000000,99.577346,0.422654,0.000000,10272,0,0,10272,0,0,100.000000,0.000000,0.000000,100.000000,0.000000,0.000000,"wKa1,wRd3,wNc3,bKc2","wKa1,wRd3,wNd1,bKc1"
KRNK,5,3,1,shared,king,135144,99824,0,0,0,0,17,0,13,na,135144,0,0,187728,43008,0,100.000000,0.000000,0.000000,81.360516,18.639484,0.000000,99824,0,0,95984,3840,0,100.000000,0.000000,0.000000,96.153230,3.846770,0.000000,"wKa1,wRe1,wNc3,bKd2","wKa1,wRe1,wNd1,bKc1"
KRNK-capture,5,3,1,shared,king,135144,99824,0,0,0,1,17,0,11,na,135144,0,0,230112,624,0,100.000000,0.000000,0.000000,99.729561,0.270439,0.000000,99824,0,0,99824,0,0,100.000000,0.000000,0.000000,100.000000,0.000000,0.000000,"wKa1,wRe5,wNc3,bKd4","wKa1,wRb1,wNb3,bKc2"
KRNK,6,3,1,shared,king,750016,591112,0,0,0,0,23,0,17,na,750016,0,0,999916,166964,0,100.000000,0.000000,0.000000,85.691416,14.308584,0.000000,591112,0,0,583068,8044,0,100.000000,0.000000,0.000000,98.639175,1.360825,0.000000,"wKa1,wRe5,wNc3,bKd4","wKc1,wRb6,wNc6,bKd5"
KRNK-capture,6,3,1,shared,king,750016,591112,0,0,0,1,21,0,17,na,750016,0,0,1165688,1192,0,100.000000,0.000000,0.000000,99.897847,0.102153,0.000000,591112,0,0,591112,0,0,100.000000,0.000000,0.000000,100.000000,0.000000,0.000000,"wKa1,wRe1,wNc3,bKd2","wKa1,wRf4,wNe4,bKd4"
KRNK,7,3,1,shared,king,3036416,2518288,0,0,0,0,27,0,21,na,3036416,0,0,3910720,499760,0,100.000000,0.000000,0.000000,88.668807,11.331193,0.000000,2518288,0,0,2503808,14480,0,100.000000,0.000000,0.000000,99.425006,0.574994,0.000000,"wKa1,wRe5,wNc3,bKd4","wKd1,wRb7,wNg1,bKd6"
KRNK-capture,7,3,1,shared,king,3036416,2518288,0,0,0,1,25,0,19,na,3036416,0,0,3933896,476584,0,100.000000,0.000000,0.000000,89.194283,10.805717,0.000000,2518288,0,0,2518288,0,0,100.000000,0.000000,0.000000,100.000000,0.000000,0.000000,"wKa1,wRf2,wNd4,bKe3","wKb1,wRb7,wNc7,bKd7"
KRNK,8,3,1,shared,king,9905048,8530368,0,0,0,0,31,0,27,na,9905048,0,0,12406892,1253692,0,100.000000,0.000000,0.000000,90.822559,9.177441,0.000000,8530368,0,0,8506556,23812,0,100.000000,0.000000,0.000000,99.720856,0.279144,0.000000,"wKa1,wRc2,wNd4,bKd3","wKa1,wRg3,wNa2,bKe5"
KRNK-capture,8,3,1,shared,king,9905048,8530368,0,0,0,1,31,0,23,na,9905048,0,0,12438092,1222492,0,100.000000,0.000000,0.000000,91.050954,8.949046,0.000000,8530368,0,0,8530368,0,0,100.000000,0.000000,0.000000,100.000000,0.000000,0.000000,"wKa1,wRf3,wNd5,bKe4","wKa1,wRg1,wNa8,bKe3"
KBNK-capture,3,3,1,shared,king,800,544,0,0,0,0,3,0,3,na,704,96,0,1152,192,0,88.000000,12.000000,0.000000,85.714286,14.285714,0.000000,472,72,0,464,80,0,86.764706,13.235294,0.000000,85.294118,14.705882,0.000000,"wKa1,wBc1,wNb1,bKc2","wKa1,wBc1,wNa2,bKc2"
KBNK-capture,4,3,1,shared,king,18240,11880,0,0,0,1,13,0,11,na,18240,0,0,28136,256,0,100.000000,0.000000,0.000000,99.098338,0.901662,0.000000,11880,0,0,11880,0,0,100.000000,0.000000,0.000000,100.000000,0.000000,0.000000,"wKa1,wBc1,wNd1,bKc2","wKa1,wBa3,wNb2,bKc2"
KBNK-capture,5,3,1,shared,king,159288,113456,0,0,0,1,23,0,17,na,159288,0,0,230112,624,0,100.000000,0.000000,0.000000,99.729561,0.270439,0.000000,113456,0,0,113456,0,0,100.000000,0.000000,0.000000,100.000000,0.000000,0.000000,"wKa1,wBc1,wNd1,bKc2","wKa1,wBe3,wNd2,bKc2"
KBNK-capture,6,3,1,shared,king,855184,660096,0,0,0,1,49,0,29,na,855184,0,0,1165688,1192,0,100.000000,0.000000,0.000000,99.897847,0.102153,0.000000,660096,0,0,660096,0,0,100.000000,0.000000,0.000000,100.000000,0.000000,0.000000,"wKa1,wBf6,wNe5,bKf5","wKc1,wBa5,wNb6,bKc5"
KBNK-capture,7,3,1,shared,king,3386624,2772240,0,0,0,0,33,0,33,na,3365516,21108,0,3484368,926112,0,99.376724,0.623276,0.000000,79.002013,20.997987,0.000000,2771824,416,0,2738944,33296,0,99.984994,0.015006,0.000000,98.798950,1.201050,0.000000,"wKa1,wBb1,wNg1,bKe3","wKc1,wBa2,wNa7,bKc5"
KBNK-capture,8,3,1,shared,king,10875504,9284408,0,0,0,0,37,0,37,na,10828496,47008,0,11241584,2419000,0,99.567763,0.432237,0.000000,82.292119,17.707881,0.000000,9283400,1008,0,9205152,79256,0,99.989143,0.010857,0.000000,99.146354,0.853646,0.000000,"wKa1,wBe2,wNh8,bKc2","wKa1,wBe2,wNh8,bKc2"
KBNK-capture,9,3,1,shared,king,29958264,26366544,0,0,0,0,45,0,45,na,29872416,85848,0,31191372,5386260,0,99.713441,0.286559,0.000000,85.274443,14.725557,0.000000,26364960,1584,0,26216976,149568,0,99.993992,0.006008,0.000000,99.432736,0.567264,0.000000,"wKa1,wBe2,wNc1,bKc2","wKa1,wBb1,wNi1,bKg3"
KBNK-capture,10,3,1,shared,king,73396192,66073680,0,0,0,0,51,0,51,na,73252984,143208,0,76764560,10842736,0,99.804884,0.195116,0.000000,87.623478,12.376522,0.000000,66071424,2256,0,65817608,256072,0,99.996586,0.003414,0.000000,99.612445,0.387555,0.000000,"wKa1,wBe2,wNi1,bKc1","wKa1,wBe2,wNi1,bKc1"
KBNK-capture,11,3,1,shared,king,163918368,150119600,0,0,0,0,59,0,59,na,163695008,223360,0,171886412,20208148,0,99.863737,0.136263,0.000000,89.480104,10.519896,0.000000,150116600,3000,0,149712720,406880,0,99.998002,0.001998,0.000000,99.728963,0.271037,0.000000,"wKa1,wBf1,wNb11,bKc1","wKb1,wBi11,wNj10,bKi9"
KBNK-capture,12,3,1,shared,king,339633248,315210504,0,0,0,0,69,0,69,na,339300960,332288,0,356592920,35437840,0,99.902163,0.097837,0.000000,90.960444,9.039556,0.000000,315206656,3848,0,314595632,614872,0,99.998779,0.001221,0.000000,99.804933,0.195067,0.000000,"wKa1,wBl3,wNk2,bKj3","wKa1,wBl3,wNk2,bKj3"
KQQQK,3,4,1,shared,king,0,0,0,1,na,na,0,0,0,na,0,0,0,1120,0,0,0.000000,0.000000,0.000000,100.000000,0.000000,0.000000,0,0,0,0,0,0,0.000000,0.000000,0.000000,0.000000,0.000000,0.000000,"",""
KQQQK-capture,3,4,1,shared,king,0,0,0,1,na,na,0,0,0,na,0,0,0,1120,0,0,0.000000,0.000000,0.000000,100.000000,0.000000,0.000000,0,0,0,0,0,0,0.000000,0.000000,0.000000,0.000000,0.000000,0.000000,"",""
KQQQK,4,4,1,shared,king,2204,2204,0,0,0,0,1,0,1,na,2204,0,0,54644,2140,0,100.000000,0.000000,0.000000,96.231333,3.768667,0.000000,2204,0,0,64,2140,0,100.000000,0.000000,0.000000,2.903811,97.096189,0.000000,"wKa1,wQa2,wQb3,wQd3,bKc1","wKa1,wQa2,wQb3,wQd3,bKc1"
KQQQK-capture,4,4,1,shared,king,2204,2204,0,1,0,1,1,0,1,na,2204,0,0,56784,0,0,100.000000,0.000000,0.000000,100.000000,0.000000,0.000000,2204,0,0,2204,0,0,100.000000,0.000000,0.000000,100.000000,0.000000,0.000000,"wKa1,wQa2,wQb3,wQd3,bKc1","wKa1,wQa2,wQb3,wQd3,bKc1"
KQQQK,5,4,1,shared,king,78104,78104,0,0,0,0,3,0,3,na,78104,0,0,757964,49612,0,100.000000,0.000000,0.000000,93.856677,6.143323,0.000000,78104,0,0,28492,49612,0,100.000000,0.000000,0.000000,36.479566,63.520434,0.000000,"wKa1,wQb4,wQb5,wQe5,bKc1","wKa1,wQb4,wQb5,wQe5,bKc1"
KQQQK-capture,5,4,1,shared,king,78104,78104,0,1,0,1,3,0,3,na,78104,0,0,807576,0,0,100.000000,0.000000,0.000000,100.000000,0.000000,0.000000,78104,0,0,78104,0,0,100.000000,0.000000,0.000000,100.000000,0.000000,0.000000,"wKa1,wQb3,wQa4,wQb5,bKd2","wKa1,wQb3,wQa4,wQb5,bKd2"
KQQQK,6,4,1,shared,king,973584,973584,0,0,0,0,5,0,5,na,973584,0,0,5848620,374740,0,100.000000,0.000000,0.000000,93.978494,6.021506,0.000000,973584,0,0,598844,374740,0,100.000000,0.000000,0.000000,61.509228,38.490772,0.000000,"wKb2,wQa1,wQb1,wQc1,bKd4","wKc3,wQb2,wQa3,wQb3,bKe4"
KQQQK-capture,6,4,1,shared,king,973584,973584,0,1,0,1,3,0,3,na,973584,0,0,6223360,0,0,100.000000,0.000000,0.000000,100.000000,0.000000,0.000000,973584,0,0,973584,0,0,100.000000,0.000000,0.000000,100.000000,0.000000,0.000000,"wKa1,wQb4,wQb6,wQf6,bKc1","wKc3,wQa1,wQb1,wQa3,bKe3"
KQQQK,7,4,1,shared,king,7040144,7040144,0,0,0,0,5,0,5,na,7040144,0,0,31414056,1664544,0,100.000000,0.000000,0.000000,94.967913,5.032087,0.000000,7040144,0,0,5375600,1664544,0,100.000000,0.000000,0.000000,76.356393,23.643607,0.000000,"wKa1,wQb5,wQa6,wQb7,bKe3","wKd3,wQd1,wQe1,wQf1,bKb6"
KQQQK-capture,7,4,1,shared,king,7040144,7040144,0,1,0,1,5,0,5,na,7040144,0,0,33078600,0,0,100.000000,0.000000,0.000000,100.000000,0.000000,0.000000,7040144,0,0,7040144,0,0,100.000000,0.000000,0.000000,100.000000,0.000000,0.000000,"wKb2,wQa1,wQa2,wQa6,bKf3","wKd3,wQd1,wQf1,wQd2,bKc6"
KQQQK,8,4,1,shared,king,36103328,36103328,0,0,0,0,5,0,5,na,36103328,0,0,131190092,5415748,0,100.000000,0.000000,0.000000,96.035493,3.964507,0.000000,36103328,0,0,30687580,5415748,0,100.000000,0.000000,0.000000,84.999311,15.000689,0.000000,"wKa1,wQb4,wQa5,wQb6,bKf1","wKd4,wQa1,wQb1,wQa4,bKg3"
KQQQK-capture,8,4,1,shared,king,36103328,36103328,0,1,0,1,5,0,5,na,36103328,0,0,136605840,0,0,100.000000,0.000000,0.000000,100.000000,0.000000,0.000000,36103328,0,0,36103328,0,0,100.000000,0.000000,0.000000,100.000000,0.000000,0.000000,"wKa1,wQb8,wQg8,wQh8,bKd3","wKd4,wQa4,wQb4,wQc4,bKg3"
KQQRK,3,4,1,shared,king,52,52,0,0,1,0,1,0,1,na,52,0,0,3308,52,0,100.000000,0.000000,0.000000,98.452381,1.547619,0.000000,52,0,0,0,52,0,100.000000,0.000000,0.000000,0.000000,100.000000,0.000000,"wKa1,wQa2,wQa3,wRb2,bKc1","wKa1,wQa2,wQa3,wRb2,bKc1"
KQQRK-capture,3,4,1,shared,king,52,52,0,1,0,1,1,0,1,na,52,0,0,3360,0,0,100.000000,0.000000,0.000000,100.000000,0.000000,0.000000,52,0,0,52,0,0,100.000000,0.000000,0.000000,100.000000,0.000000,0.000000,"wKa1,wQa2,wQa3,wRb2,bKc1","wKa1,wQa2,wQa3,wRb2,bKc1"
KQQRK,4,4,1,shared,king,13088,12952,0,0,0,0,3,0,3,na,13088,0,0,159848,10504,0,100.000000,0.000000,0.000000,93.833944,6.166056,0.000000,12952,0,0,2448,10504,0,100.000000,0.000000,0.000000,18.900556,81.099444,0.000000,"wKa1,wQa3,wQb4,wRb3,bKd1","wKa1,wQa3,wQb4,wRb3,bKd1"
KQQRK-capture,4,4,1,shared,king,13088,12952,0,1,0,1,3,0,3,na,13088,0,0,170352,0,0,100.000000,0.000000,0.000000,100.000000,0.000000,0.000000,12952,0,0,12952,0,0,100.000000,0.000000,0.000000,100.000000,0.000000,0.000000,"wKa1,wQa4,wQb4,wRb3,bKc2","wKa1,wQa4,wQb4,wRb3,bKc2"
KQQRK,5,4,1,shared,king,356888,347144,0,0,0,0,5,0,5,na,356888,0,0,2258244,164484,0,100.000000,0.000000,0.000000,93.210794,6.789206,0.000000,347144,0,0,182660,164484,0,100.000000,0.000000,0.000000,52.617934,47.382066,0.000000,"wKa1,wQb1,wQa2,wRb2,bKc3","wKa1,wQb1,wQa2,wRb2,bKc3"
KQQRK-capture,5,4,1,shared,king,356888,347144,0,1,0,1,3,0,3,na,356888,0,0,2422728,0,0,100.000000,0.000000,0.000000,100.000000,0.000000,0.000000,347144,0,0,347144,0,0,100.000000,0.000000,0.000000,100.000000,0.000000,0.000000,"wKa1,wQb4,wQe5,wRe3,bKc1","wKa1,wQb4,wQe5,wRe3,bKc1"
KQQRK,6,4,1,shared,king,3990248,3869168,0,0,0,0,5,0,5,na,3990248,0,0,17631376,1038704,0,100.000000,0.000000,0.000000,94.436532,5.563468,0.000000,3869168,0,0,2830464,1038704,0,100.000000,0.000000,0.000000,73.154332,26.845668,0.000000,"wKa1,wQa6,wQc6,wRb6,bKd2","wKc3,wQa1,wQb2,wRb1,bKe3"
KQQRK-capture,6,4,1,shared,king,3990248,3869168,0,1,0,1,5,0,5,na,3990248,0,0,18670080,0,0,100.000000,0.000000,0.000000,100.000000,0.000000,0.000000,3869168,0,0,3869168,0,0,100.000000,0.000000,0.000000,100.000000,0.000000,0.000000,"wKb2,wQa1,wQc1,wRb1,bKf3","wKc3,wQa1,wQc1,wRb1,bKe4"
KQQRK,7,4,1,shared,king,27112156,26327436,0,0,0,0,5,0,5,na,27112156,0,0,95096428,4139372,0,100.000000,0.000000,0.000000,95.828751,4.171249,0.000000,26327436,0,0,22188064,4139372,0,100.000000,0.000000,0.000000,84.277345,15.722655,0.000000,"wKa1,wQa4,wQa5,wRc3,bKe1","wKd3,wQa1,wQd1,wRe3,bKb6"
KQQRK-capture,7,4,1,shared,king,27112156,26327436,0,1,0,1,5,0,5,na,27112156,0,0,99235800,0,0,100.000000,0.000000,0.000000,100.000000,0.000000,0.000000,26327436,0,0,26327436,0,0,100.000000,0.000000,0.000000,100.000000,0.000000,0.000000,"wKa1,wQa5,wQb6,wRc5,bKe2","wKd3,wQd1,wQe1,wRe2,bKb6"
KQQRK,8,4,1,shared,king,133468848,129961488,0,0,0,0,7,0,7,na,133468848,0,0,397285032,12532488,0,100.000000,0.000000,0.000000,96.941935,3.058065,0.000000,129961488,0,0,117429000,12532488,0,100.000000,0.000000,0.000000,90.356768,9.643232,0.000000,"wKb2,wQa1,wQd1,wRb1,bKe4","wKd4,wQa4,wQb4,wRc4,bKf5"
KQQRK-capture,8,4,1,shared,king,133468848,129961488,0,1,0,1,5,0,5,na,133468848,0,0,409817520,0,0,100.000000,0.000000,0.000000,100.000000,0.000000,0.000000,129961488,0,0,129961488,0,0,100.000000,0.000000,0.000000,100.000000,0.000000,0.000000,"wKa1,wQd7,wQd8,wRd3,bKg1","wKd4,wQa1,wQf1,wRd1,bKg3"
KQQBK,3,4,1,shared,king,108,108,0,0,1,0,1,0,1,na,108,0,0,3252,108,0,100.000000,0.000000,0.000000,96.785714,3.214286,0.000000,108,0,0,0,108,0,100.000000,0.000000,0.000000,0.000000,100.000000,0.000000,"wKa1,wQa2,wQb3,wBb1,bKc1","wKa1,wQa2,wQb3,wBb1,bKc1"
KQQBK-capture,3,4,1,shared,king,108,108,0,1,0,1,1,0,1,na,108,0,0,3360,0,0,100.000000,0.000000,0.000000,100.000000,0.000000,0.000000,108,0,0,108,0,0,100.000000,0.000000,0.000000,100.000000,0.000000,0.000000,"wKa1,wQa2,wQb3,wBb1,bKc1","wKa1,wQa2,wQb3,wBb1,bKc1"
KQQBK,4,4,1,shared,king,19476,19092,0,0,0,0,3,0,3,na,19476,0,0,155860,14492,0,100.000000,0.000000,0.000000,91.492909,8.507091,0.000000,19092,0,0,4600,14492,0,100.000000,0.000000,0.000000,24.093861,75.906139,0.000000,"wKa1,wQa2,wQb3,wBc2,bKc1","wKa1,wQa2,wQb3,wBc2,bKc1"
KQQBK-capture,4,4,1,shared,king,19476,19092,0,1,0,1,3,0,3,na,19476,0,0,170352,0,0,100.000000,0.000000,0.000000,100.000000,0.000000,0.000000,19092,0,0,19092,0,0,100.000000,0.000000,0.000000,100.000000,0.000000,0.000000,"wKa1,wQa2,wQa3,wBb2,bKc2","wKa1,wQa2,wQa3,wBb2,bKc2"
KQQBK,5,4,1,shared,king,459656,443264,0,0,0,0,5,0,5,na,459656,0,0,2243504,179224,0,100.000000,0.000000,0.000000,92.602389,7.397611,0.000000,443264,0,0,264040,179224,0,100.000000,0.000000,0.000000,59.567211,40.432789,0.000000,"wKa1,wQa2,wQa4,wBc2,bKc1","wKa1,wQa2,wQa4,wBc2,bKc1"
KQQBK-capture,5,4,1,shared,king,459656,443264,0,1,0,1,3,0,3,na,459656,0,0,2422728,0,0,100.000000,0.000000,0.000000,100.000000,0.000000,0.000000,443264,0,0,443264,0,0,100.000000,0.000000,0.000000,100.000000,0.000000,0.000000,"wKa1,wQb5,wQc5,wBc4,bKc1","wKa1,wQb5,wQc5,wBc4,bKc1"
KQQBK,6,4,1,shared,king,4795048,4617976,0,0,0,0,7,0,7,na,4795048,0,0,17657956,1012124,0,100.000000,0.000000,0.000000,94.578898,5.421102,0.000000,4617976,0,0,3605852,1012124,0,100.000000,0.000000,0.000000,78.082952,21.917048,0.000000,"wKc2,wQb1,wQc1,wBb2,bKc4","wKc2,wQb1,wQc1,wBb2,bKc4"
KQQBK-capture,6,4,1,shared,king,4795048,4617976,0,1,0,1,5,0,5,na,4795048,0,0,18670080,0,0,100.000000,0.000000,0.000000,100.000000,0.000000,0.000000,4617976,0,0,4617976,0,0,100.000000,0.000000,0.000000,100.000000,0.000000,0.000000,"wKa1,wQa5,wQd6,wBd4,bKd1","wKc3,wQa3,wQa5,wBb2,bKe3"
KQQBK,7,4,1,shared,king,31311100,30245908,0,0,0,0,7,0,7,na,31311100,0,0,95460980,3774820,0,100.000000,0.000000,0.000000,96.196111,3.803889,0.000000,30245908,0,0,26471088,3774820,0,100.000000,0.000000,0.000000,87.519568,12.480432,0.000000,"wKb1,wQa1,wQa3,wBc3,bKf4","wKd3,wQc1,wQd1,wBc6,bKd6"
KQQBK-capture,7,4,1,shared,king,31311100,30245908,0,1,0,1,5,0,5,na,31311100,0,0,99235800,0,0,100.000000,0.000000,0.000000,100.000000,0.000000,0.000000,30245908,0,0,30245908,0,0,100.000000,0.000000,0.000000,100.000000,0.000000,0.000000,"wKa1,wQa5,wQa7,wBd4,bKd1","wKd3,wQa1,wQc1,wBc2,bKb6"
KQQBK,8,4,1,shared,king,150233536,145696864,0,0,0,0,7,0,7,na,150233536,0,0,398884908,10932612,0,100.000000,0.000000,0.000000,97.332322,2.667678,0.000000,145696864,0,0,134764252,10932612,0,100.000000,0.000000,0.000000,92.496330,7.503670,0.000000,"wKa1,wQd8,wQh8,wBd4,bKe2","wKd4,wQa3,wQa4,wBb3,bKg3"
KQQBK-capture,8,4,1,shared,king,150233536,145696864,0,1,0,1,7,0,7,na,150233536,0,0,409817520,0,0,100.000000,0.000000,0.000000,100.000000,0.000000,0.000000,145696864,0,0,145696864,0,0,100.000000,0.000000,0.000000,100.000000,0.000000,0.000000,"wKb1,wQa1,wQa4,wBd4,bKe4","wKd4,wQa4,wQb4,wBc4,bKg4"
KQQNK,3,4,1,shared,king,160,160,0,0,0,0,1,0,1,na,160,0,0,3216,144,0,100.000000,0.000000,0.000000,95.714286,4.285714,0.000000,160,0,0,16,144,0,100.000000,0.000000,0.000000,10.000000,90.000000,0.000000,"wKa1,wQa2,wQa3,wNb2,bKc1","wKa1,wQa2,wQa3,wNb2,bKc1"
KQQNK-capture,3,4,1,shared,king,160,160,0,1,0,1,1,0,1,na,160,0,0,3360,0,0,100.000000,0.000000,0.000000,100.000000,0.000000,0.000000,160,0,0,160,0,0,100.000000,0.000000,0.000000,100.000000,0.000000,0.000000,"wKa1,wQa2,wQa3,wNb2,bKc1","wKa1,wQa2,wQa3,wNb2,bKc1"
KQQNK,4,4,1,shared,king,23120,22600,0,0,0,0,3,0,3,na,23120,0,0,155768,14584,0,100.000000,0.000000,0.000000,91.438903,8.561097,0.000000,22600,0,0,8016,14584,0,100.000000,0.000000,0.000000,35.469027,64.530973,0.000000,"wKa1,wQa2,wQb3,wNc2,bKc1","wKa1,wQa2,wQb3,wNc2,bKc1"
KQQNK-capture,4,4,1,shared,king,23120,22600,0,1,0,1,3,0,3,na,23120,0,0,170352,0,0,100.000000,0.000000,0.000000,100.000000,0.000000,0.000000,22600,0,0,22600,0,0,100.000000,0.000000,0.000000,100.000000,0.000000,0.000000,"wKa1,wQa2,wQb3,wNc2,bKd1","wKa1,wQa2,wQb3,wNc2,bKd1"
KQQNK,5,4,1,shared,king,514856,488720,0,0,0,0,5,0,5,na,514856,0,0,2248024,174704,0,100.000000,0.000000,0.000000,92.788955,7.211045,0.000000,488720,0,0,314016,174704,0,100.000000,0.000000,0.000000,64.252742,35.747258,0.000000,"wKa1,wQa4,wQb5,wNd2,bKe1","wKb1,wQa1,wQa3,wNc3,bKd2"
KQQNK-capture,5,4,1,shared,king,514856,488720,0,1,0,1,5,0,5,na,514856,0,0,2422728,0,0,100.000000,0.000000,0.000000,100.000000,0.000000,0.000000,488720,0,0,488720,0,0,100.000000,0.000000,0.000000,100.000000,0.000000,0.000000,"wKb2,wQa1,wQa3,wNd4,bKe4","wKc2,wQb1,wQc1,wNb4,bKc4"
KQQNK,6,4,1,shared,king,5255280,4957128,0,0,0,0,7,0,7,na,5255280,0,0,17708100,961980,0,100.000000,0.000000,0.000000,94.847478,5.152522,0.000000,4957128,0,0,3995148,961980,0,100.000000,0.000000,0.000000,80.594005,19.405995,0.000000,"wKb2,wQa2,wQa3,wNb3,bKe3","wKb2,wQa2,wQa3,wNb3,bKe3"
KQQNK-capture,6,4,1,shared,king,5255280,4957128,0,1,0,1,5,0,5,na,5255280,0,0,18670080,0,0,100.000000,0.000000,0.000000,100.000000,0.000000,0.000000,4957128,0,0,4957128,0,0,100.000000,0.000000,0.000000,100.000000,0.000000,0.000000,"wKa1,wQa4,wQc6,wNe2,bKe1","wKc3,wQa1,wQa2,wNb1,bKe3"
KQQNK,7,4,1,shared,king,33979368,32129456,0,0,0,0,7,0,7,na,33979368,0,0,95751560,3484240,0,100.000000,0.000000,0.000000,96.488928,3.511072,0.000000,32129456,0,0,28645216,3484240,0,100.000000,0.000000,0.000000,89.155621,10.844379,0.000000,"wKb1,wQa1,wQa3,wNc3,bKf3","wKd3,wQd1,wQd2,wNc3,bKb6"
KQQNK-capture,7,4,1,shared,king,33979368,32129456,0,1,0,1,5,0,5,na,33979368,0,0,99235800,0,0,100.000000,0.000000,0.000000,100.000000,0.000000,0.000000,32129456,0,0,32129456,0,0,100.000000,0.000000,0.000000,100.000000,0.000000,0.000000,"wKa1,wQa5,wQa7,wNb6,bKd1","wKd3,wQa1,wQb1,wNb2,bKb6"
KQQNK,8,4,1,shared,king,162134976,154090944,0,0,0,0,7,0,7,na,162134976,0,0,400031312,9786208,0,100.000000,0.000000,0.000000,97.612057,2.387943,0.000000,154090944,0,0,144304736,9786208,0,100.000000,0.000000,0.000000,93.649070,6.350930,0.000000,"wKa1,wQb6,wQb8,wNc7,bKe2","wKd4,wQa3,wQa4,wNb3,bKg3"
KQQNK-capture,8,4,1,shared,king,162134976,154090944,0,1,0,1,7,0,7,na,162134976,0,0,409817520,0,0,100.000000,0.000000,0.000000,100.000000,0.000000,0.000000,154090944,0,0,154090944,0,0,100.000000,0.000000,0.000000,100.000000,0.000000,0.000000,"wKb1,wQa1,wQa2,wNb2,bKg2","wKd4,wQa1,wQb4,wNc1,bKf4"
KQRRK,3,4,1,shared,king,120,120,0,0,1,0,1,0,1,na,120,0,0,3240,120,0,100.000000,0.000000,0.000000,96.428571,3.571429,0.000000,120,0,0,0,120,0,100.000000,0.000000,0.000000,0.000000,100.000000,0.000000,"wKa1,wRa2,wRb2,wQa3,bKc1","wKa1,wRa2,wRb2,wQa3,bKc1"
KQRRK-capture,3,4,1,shared,king,120,120,0,1,0,1,1,0,1,na,120,0,0,3360,0,0,100.000000,0.000000,0.000000,100.000000,0.000000,0.000000,120,0,0,120,0,0,100.000000,0.000000,0.000000,100.000000,0.000000,0.000000,"wKa1,wRa2,wRb2,wQa3,bKc1","wKa1,wRa2,wRb2,wQa3,bKc1"
KQRRK,4,4,1,shared,king,21356,20428,0,0,0,0,3,0,3,na,21356,0,0,157208,13144,0,100.000000,0.000000,0.000000,92.284212,7.715788,0.000000,20428,0,0,7284,13144,0,100.000000,0.000000,0.000000,35.656941,64.343059,0.000000,"wKa1,wRb2,wRb3,wQa3,bKc1","wKa1,wRb2,wRb3,wQa3,bKc1"
KQRRK-capture,4,4,1,shared,king,21356,20428,0,1,0,1,3,0,3,na,21356,0,0,170352,0,0,100.000000,0.000000,0.000000,100.000000,0.000000,0.000000,20428,0,0,20428,0,0,100.000000,0.000000,0.000000,100.000000,0.000000,0.000000,"wKa1,wRa3,wRb3,wQb4,bKc1","wKa1,wRa3,wRb3,wQb4,bKc1"
KQRRK,5,4,1,shared,king,506988,471464,0,0,0,0,5,0,5,na,506988,0,0,2270048,152680,0,100.000000,0.000000,0.000000,93.698013,6.301987,0.000000,471464,0,0,318784,152680,0,100.000000,0.000000,0.000000,67.615767,32.384233,0.000000,"wKa1,wRb1,wRe5,wQa5,bKc2","wKa1,wRb1,wRe5,wQa5,bKc2"
KQRRK-capture,5,4,1,shared,king,506988,471464,0,1,0,1,5,0,5,na,506988,0,0,2422728,0,0,100.000000,0.000000,0.000000,100.000000,0.000000,0.000000,471464,0,0,471464,0,0,100.000000,0.000000,0.000000,100.000000,0.000000,0.000000,"wKb1,wRa1,wRa2,wQa3,bKd4","wKb1,wRa1,wRa2,wQa3,bKd4"
KQRRK,6,4,1,shared,king,5253644,4877528,0,0,0,0,7,0,7,na,5253644,0,0,17862028,808052,0,100.000000,0.000000,0.000000,95.671941,4.328059,0.000000,4877528,0,0,4069476,808052,0,100.000000,0.000000,0.000000,83.433165,16.566835,0.000000,"wKb1,wRa1,wRf2,wQa2,bKd4","wKb2,wRb1,wRa2,wQa1,bKd3"
KQRRK-capture,6,4,1,shared,king,5253644,4877528,0,1,0,1,7,0,7,na,5253644,0,0,18670080,0,0,100.000000,0.000000,0.000000,100.000000,0.000000,0.000000,4877528,0,0,4877528,0,0,100.000000,0.000000,0.000000,100.000000,0.000000,0.000000,"wKb2,wRb1,wRa2,wQa1,bKd3","wKb2,wRb1,wRa2,wQa1,bKd3"
KQRRK,7,4,1,shared,king,34007484,31769892,0,0,0,0,7,0,7,na,34007484,0,0,96359960,2875840,0,100.000000,0.000000,0.000000,97.102014,2.897986,0.000000,31769892,0,0,28894052,2875840,0,100.000000,0.000000,0.000000,90.947908,9.052092,0.000000,"wKb1,wRa1,wRg1,wQa6,bKe3","wKd4,wRd5,wRd6,wQd7,bKd2"
KQRRK-capture,7,4,1,shared,king,34007484,31769892,0,1,0,1,7,0,7,na,34007484,0,0,99235800,0,0,100.000000,0.000000,0.000000,100.000000,0.000000,0.000000,31769892,0,0,31769892,0,0,100.000000,0.000000,0.000000,100.000000,0.000000,0.000000,"wKb2,wRb1,wRa2,wQa1,bKd3","wKc3,wRc2,wRb3,wQb2,bKe4"
KQRRK,8,4,1,shared,king,161867048,152406976,0,0,0,0,7,0,7,na,161867048,0,0,401762016,8055504,0,100.000000,0.000000,0.000000,98.034368,1.965632,0.000000,152406976,0,0,144351472,8055504,0,100.000000,0.000000,0.000000,94.714478,5.285522,0.000000,"wKa1,wRe2,wRf7,wQf8,bKd3","wKd4,wRb4,wRc4,wQa4,bKf4"
KQRRK-capture,8,4,1,shared,king,161867048,152406976,0,1,0,1,7,0,7,na,161867048,0,0,409817520,0,0,100.000000,0.000000,0.000000,100.000000,0.000000,0.000000,152406976,0,0,152406976,0,0,100.000000,0.000000,0.000000,100.000000,0.000000,0.000000,"wKa1,wRh7,wRh8,wQg8,bKd4","wKd4,wRd3,wRc4,wQc3,bKf5"
KQRBK,3,4,1,shared,king,752,752,0,0,1,0,3,0,3,na,752,0,0,5968,752,0,100.000000,0.000000,0.000000,88.809524,11.190476,0.000000,752,0,0,0,752,0,100.000000,0.000000,0.000000,0.000000,100.000000,0.000000,"wKb1,wQc1,wRb2,wBb3,bKa3","wKb1,wQc1,wRb2,wBb3,bKa3"
KQRBK-capture,3,4,1,shared,king,752,752,0,1,0,1,1,0,1,na,752,0,0,6720,0,0,100.000000,0.000000,0.000000,100.000000,0.000000,0.000000,752,0,0,752,0,0,100.000000,0.000000,0.000000,100.000000,0.000000,0.000000,"wKa1,wQa2,wRb2,wBb1,bKc1","wKa1,wQa2,wRb2,wBb1,bKc1"
KQRBK,4,4,1,shared,king,68440,61784,0,0,0,0,5,0,5,na,68440,0,0,307072,33632,0,100.000000,0.000000,0.000000,90.128675,9.871325,0.000000,61784,0,0,28152,33632,0,100.000000,0.000000,0.000000,45.565195,54.434805,0.000000,"wKa1,wQb4,wRa4,wBd2,bKd1","wKa1,wQb4,wRa4,wBd2,bKd1"
KQRBK-capture,4,4,1,shared,king,68440,61784,0,1,0,1,3,0,3,na,68440,0,0,340704,0,0,100.000000,0.000000,0.000000,100.000000,0.000000,0.000000,61784,0,0,61784,0,0,100.000000,0.000000,0.000000,100.000000,0.000000,0.000000,"wKa1,wQa2,wRa4,wBd4,bKc1","wKa1,wQa2,wRa4,wBd4,bKc1"
KQRBK,5,4,1,shared,king,1352680,1204064,0,0,0,0,7,0,7,na,1352680,0,0,4537200,308256,0,100.000000,0.000000,0.000000,93.638246,6.361754,0.000000,1204064,0,0,895808,308256,0,100.000000,0.000000,0.000000,74.398703,25.601297,0.000000,"wKb1,wQa3,wRa1,wBb4,bKb5","wKb1,wQa3,wRa1,wBb4,bKb5"
KQRBK-capture,5,4,1,shared,king,1352680,1204064,0,1,0,1,5,0,5,na,1352680,0,0,4845456,0,0,100.000000,0.000000,0.000000,100.000000,0.000000,0.000000,1204064,0,0,1204064,0,0,100.000000,0.000000,0.000000,100.000000,0.000000,0.000000,"wKa1,wQa4,wRa5,wBb5,bKc1","wKa1,wQa4,wRa5,wBb5,bKc1"
KQRBK,6,4,1,shared,king,12903840,11621416,0,0,0,0,7,0,7,na,12903840,0,0,35854616,1485544,0,100.000000,0.000000,0.000000,96.021592,3.978408,0.000000,11621416,0,0,10135872,1485544,0,100.000000,0.000000,0.000000,87.217186,12.782814,0.000000,"wKa1,wQa6,wRa5,wBa4,bKc1","wKc3,wQc1,wRc2,wBe1,bKf3"
KQRBK-capture,6,4,1,shared,king,12903840,11621416,0,1,0,1,7,0,7,na,12903840,0,0,37340160,0,0,100.000000,0.000000,0.000000,100.000000,0.000000,0.000000,11621416,0,0,11621416,0,0,100.000000,0.000000,0.000000,100.000000,0.000000,0.000000,"wKb1,wQa2,wRa1,wBc4,bKc3","wKb2,wQa1,wRb1,wBe1,bKe3"
KQRBK,7,4,1,shared,king,79736184,72916064,0,0,0,0,9,0,9,na,79736184,0,0,193427888,5043712,0,100.000000,0.000000,0.000000,97.458724,2.541276,0.000000,72916064,0,0,67872352,5043712,0,100.000000,0.000000,0.000000,93.082852,6.917148,0.000000,"wKa1,wQg7,wRf2,wBe4,bKe3","wKb2,wQa1,wRb1,wBa3,bKe3"
KQRBK-capture,7,4,1,shared,king,79736184,72916064,0,1,0,1,7,0,7,na,79736184,0,0,198471600,0,0,100.000000,0.000000,0.000000,100.000000,0.000000,0.000000,72916064,0,0,72916064,0,0,100.000000,0.000000,0.000000,100.000000,0.000000,0.000000,"wKa1,wQa7,wRa6,wBd4,bKc2","wKd3,wQd1,wRd2,wBb3,bKb6"
KQRBK,8,4,1,shared,king,368454664,341622184,0,0,0,0,9,0,9,na,368454664,0,0,805887240,13747800,0,100.000000,0.000000,0.000000,98.322692,1.677308,0.000000,341622184,0,0,327874384,13747800,0,100.000000,0.000000,0.000000,95.975730,4.024270,0.000000,"wKa1,wQb8,wRc2,wBd4,bKd3","wKd1,wQb1,wRg1,wBg6,bKc7"
KQRBK-capture,8,4,1,shared,king,368454664,341622184,0,1,0,1,9,0,9,na,368454664,0,0,819635040,0,0,100.000000,0.000000,0.000000,100.000000,0.000000,0.000000,341622184,0,0,341622184,0,0,100.000000,0.000000,0.000000,100.000000,0.000000,0.000000,"wKb1,wQa5,wRa1,wBc5,bKe5","wKb2,wQa1,wRb1,wBf1,bKe4"
KQRNK,3,4,1,shared,king,808,808,0,0,0,0,5,0,5,na,808,0,0,6056,664,0,100.000000,0.000000,0.000000,90.119048,9.880952,0.000000,808,0,0,144,664,0,100.000000,0.000000,0.000000,17.821782,82.178218,0.000000,"wKa1,wQa3,wRa2,wNb2,bKc2","wKa1,wQa3,wRa2,wNb2,bKc2"
KQRNK-capture,3,4,1,shared,king,808,808,0,1,0,1,5,0,5,na,808,0,0,6720,0,0,100.000000,0.000000,0.000000,100.000000,0.000000,0.000000,808,0,0,808,0,0,100.000000,0.000000,0.000000,100.000000,0.000000,0.000000,"wKa1,wQa3,wRa2,wNb2,bKc2","wKa1,wQa3,wRa2,wNb2,bKc2"
KQRNK,4,4,1,shared,king,73696,65872,0,0,0,0,5,0,5,na,73696,0,0,309048,31656,0,100.000000,0.000000,0.000000,90.708650,9.291350,0.000000,65872,0,0,34216,31656,0,100.000000,0.000000,0.000000,51.943162,48.056838,0.000000,"wKa1,wQa2,wRd2,wNc2,bKc1","wKa1,wQb3,wRa2,wNc2,bKc1"
KQRNK-capture,4,4,1,shared,king,73696,65872,0,1,0,1,3,0,3,na,73696,0,0,340704,0,0,100.000000,0.000000,0.000000,100.000000,0.000000,0.000000,65872,0,0,65872,0,0,100.000000,0.000000,0.000000,100.000000,0.000000,0.000000,"wKa1,wQa2,wRb2,wNc2,bKc1","wKa1,wQa2,wRb2,wNc2,bKc1"
KQRNK,5,4,1,shared,king,1442192,1255704,0,0,0,0,7,0,7,na,1442192,0,0,4553168,292288,0,100.000000,0.000000,0.000000,93.967792,6.032208,0.000000,1255704,0,0,963416,292288,0,100.000000,0.000000,0.000000,76.723177,23.276823,0.000000,"wKa1,wQd1,wRb4,wNd3,bKc3","wKa1,wQd1,wRb4,wNd3,bKc3"
KQRNK-capture,5,4,1,shared,king,1442192,1255704,0,1,0,1,5,0,5,na,1442192,0,0,4845456,0,0,100.000000,0.000000,0.000000,100.000000,0.000000,0.000000,1255704,0,0,1255704,0,0,100.000000,0.000000,0.000000,100.000000,0.000000,0.000000,"wKa1,wQa4,wRa5,wNb5,bKc1","wKa1,wQa4,wRa5,wNb5,bKc1"
KQRNK,6,4,1,shared,king,13728808,12038544,0,0,0,0,7,0,7,na,13728808,0,0,35966632,1373528,0,100.000000,0.000000,0.000000,96.321580,3.678420,0.000000,12038544,0,0,10665016,1373528,0,100.000000,0.000000,0.000000,88.590580,11.409420,0.000000,"wKa1,wQa6,wRb5,wNd3,bKd1","wKc3,wQa1,wRa3,wNb1,bKe3"
KQRNK-capture,6,4,1,shared,king,13728808,12038544,0,1,0,1,7,0,7,na,13728808,0,0,37340160,0,0,100.000000,0.000000,0.000000,100.000000,0.000000,0.000000,12038544,0,0,12038544,0,0,100.000000,0.000000,0.000000,100.000000,0.000000,0.000000,"wKb1,wQa1,wRa2,wNb2,bKd2","wKc1,wQa1,wRa2,wNb2,bKe4"
KQRNK,7,4,1,shared,king,84849256,75567832,0,0,0,0,9,0,9,na,84849256,0,0,193996264,4475336,0,100.000000,0.000000,0.000000,97.745100,2.254900,0.000000,75567832,0,0,71092496,4475336,0,100.000000,0.000000,0.000000,94.077723,5.922277,0.000000,"wKa1,wQa7,wRf1,wNb6,bKe2","wKc2,wQb1,wRb2,wNb3,bKd7"
KQRNK-capture,7,4,1,shared,king,84849256,75567832,0,1,0,1,7,0,7,na,84849256,0,0,198471600,0,0,100.000000,0.000000,0.000000,100.000000,0.000000,0.000000,75567832,0,0,75567832,0,0,100.000000,0.000000,0.000000,100.000000,0.000000,0.000000,"wKa1,wQa7,wRa6,wNb6,bKc2","wKd3,wQa1,wRg3,wNg4,bKb6"
KQRNK,8,4,1,shared,king,392150824,354835720,0,0,0,0,9,0,9,na,392150824,0,0,807962392,11672648,0,100.000000,0.000000,0.000000,98.575873,1.424127,0.000000,354835720,0,0,343163072,11672648,0,100.000000,0.000000,0.000000,96.710408,3.289592,0.000000,"wKa1,wQa8,wRc1,wNa7,bKd2","wKd4,wQa1,wRa4,wNb1,bKf4"
KQRNK-capture,8,4,1,shared,king,392150824,354835720,0,1,0,1,9,0,9,na,392150824,0,0,819635040,0,0,100.000000,0.000000,0.000000,100.000000,0.000000,0.000000,354835720,0,0,354835720,0,0,100.000000,0.000000,0.000000,100.000000,0.000000,0.000000,"wKa1,wQh8,wRg2,wNa8,bKf3","wKd2,wQa1,wRb2,wNb3,bKf5"
KQBBK,3,4,1,shared,king,448,448,0,0,0,0,3,0,3,na,440,8,0,2544,816,0,98.214286,1.785714,0.000000,75.714286,24.285714,0.000000,440,8,0,0,448,0,98.214286,1.785714,0.000000,0.000000,100.000000,0.000000,"wKa1,wBc1,wBb2,wQa2,bKc2","wKa1,wBc1,wBb2,wQa2,bKc2"
KQBBK-capture,3,4,1,shared,king,448,448,0,0,0,1,3,0,3,na,448,0,0,3352,8,0,100.000000,0.000000,0.000000,99.761905,0.238095,0.000000,448,0,0,448,0,0,100.000000,0.000000,0.000000,100.000000,0.000000,0.000000,"wKa1,wBb2,wBa3,wQa2,bKc2","wKa1,wBb2,wBa3,wQa2,bKc2"
KQBBK,4,4,1,shared,king,41328,36960,0,0,0,0,5,0,5,na,41328,0,0,138376,31976,0,100.000000,0.000000,0.000000,81.229454,18.770546,0.000000,36960,0,0,18860,18100,0,100.000000,0.000000,0.000000,51.028139,48.971861,0.000000,"wKa1,wBd1,wBc2,wQd3,bKc1","wKa1,wBd1,wBc2,wQd3,bKc1"
KQBBK-capture,4,4,1,shared,king,41328,36960,0,1,0,1,3,0,3,na,41328,0,0,170352,0,0,100.000000,0.000000,0.000000,100.000000,0.000000,0.000000,36960,0,0,36960,0,0,100.000000,0.000000,0.000000,100.000000,0.000000,0.000000,"wKa1,wBb1,wBd4,wQb4,bKc1","wKa1,wBb1,wBd4,wQb4,bKc1"
KQBBK,5,4,1,shared,king,785364,697668,0,0,0,0,7,0,7,na,785364,0,0,2109724,313004,0,100.000000,0.000000,0.000000,87.080514,12.919486,0.000000,697668,0,0,550104,147564,0,100.000000,0.000000,0.000000,78.848965,21.151035,0.000000,"wKa1,wBa2,wBb3,wQa4,bKc1","wKa1,wBa2,wBb3,wQa4,bKc1"
KQBBK-capture,5,4,1,shared,king,785364,697668,0,1,0,1,5,0,5,na,785364,0,0,2422728,0,0,100.000000,0.000000,0.000000,100.000000,0.000000,0.000000,697668,0,0,697668,0,0,100.000000,0.000000,0.000000,100.000000,0.000000,0.000000,"wKa1,wBa2,wBd5,wQa4,bKc1","wKa1,wBa2,wBd5,wQa4,bKc1"
KQBBK,6,4,1,shared,king,7287672,6562552,0,0,0,0,9,0,9,na,7287672,0,0,16986728,1683352,0,100.000000,0.000000,0.000000,90.983692,9.016308,0.000000,6562552,0,0,5911524,651028,0,100.000000,0.000000,0.000000,90.079652,9.920348,0.000000,"wKa1,wBa2,wBe6,wQa6,bKd2","wKc1,wBd1,wBe2,wQf1,bKe4"
KQBBK-capture,6,4,1,shared,king,7287672,6562552,0,1,0,1,7,0,7,na,7287672,0,0,18670080,0,0,100.000000,0.000000,0.000000,100.000000,0.000000,0.000000,6562552,0,0,6562552,0,0,100.000000,0.000000,0.000000,100.000000,0.000000,0.000000,"wKa1,wBa2,wBd5,wQa6,bKc2","wKc3,wBe1,wBd2,wQc1,bKe5"
KQBBK,7,4,1,shared,king,44179412,40415236,0,0,0,0,11,0,11,na,44179412,0,0,92692732,6543068,0,100.000000,0.000000,0.000000,93.406545,6.593455,0.000000,40415236,0,0,38351008,2064228,0,100.000000,0.000000,0.000000,94.892451,5.107549,0.000000,"wKa1,wBa2,wBf7,wQc6,bKd3","wKb2,wBf1,wBa6,wQa1,bKd4"
KQBBK-capture,7,4,1,shared,king,44179412,40415236,0,1,0,1,9,0,9,na,44179412,0,0,99235800,0,0,100.000000,0.000000,0.000000,100.000000,0.000000,0.000000,40415236,0,0,40415236,0,0,100.000000,0.000000,0.000000,100.000000,0.000000,0.000000,"wKa1,wBc1,wBg3,wQg1,bKc3","wKb2,wBc1,wBg5,wQa1,bKd4"
KQBBK,8,4,1,shared,king,201323028,186746996,0,0,0,0,11,0,11,na,201323028,0,0,389207392,20610128,0,100.000000,0.000000,0.000000,94.970901,5.029099,0.000000,186746996,0,0,181414400,5332596,0,100.000000,0.000000,0.000000,97.144481,2.855519,0.000000,"wKa1,wBc2,wBb3,wQa2,bKe2","wKd4,wBg1,wBa7,wQa1,bKf6"
KQBBK-capture,8,4,1,shared,king,201323028,186746996,0,1,0,1,11,0,11,na,201323028,0,0,409817520,0,0,100.000000,0.000000,0.000000,100.000000,0.000000,0.000000,186746996,0,0,186746996,0,0,100.000000,0.000000,0.000000,100.000000,0.000000,0.000000,"wKb2,wBh1,wBa8,wQa1,bKf6","wKb2,wBh1,wBa8,wQa1,bKf6"
KQBNK,3,4,1,shared,king,1272,1176,0,0,0,0,15,0,13,na,1272,0,0,5200,1520,0,100.000000,0.000000,0.000000,77.380952,22.619048,0.000000,1176,0,0,152,1024,0,100.000000,0.000000,0.000000,12.925170,87.074830,0.000000,"wKa1,wQa2,wBc3,wNb2,bKc2","wKa1,wQa3,wBc3,wNb2,bKc1"
KQBNK-capture,3,4,1,shared,king,1272,1176,0,0,0,1,5,0,5,na,1272,0,0,6560,160,0,100.000000,0.000000,0.000000,97.619048,2.380952,0.000000,1176,0,0,1176,0,0,100.000000,0.000000,0.000000,100.000000,0.000000,0.000000,"wKa1,wQa2,wBa3,wNb2,bKc2","wKa1,wQa2,wBa3,wNb2,bKc2"
KQBNK,4,4,1,shared,king,96160,82216,0,0,0,0,7,0,7,na,96152,8,0,303488,37216,0,99.991681,0.008319,0.000000,89.076735,10.923265,0.000000,82208,8,0,47544,34672,0,99.990270,0.009730,0.000000,57.828160,42.171840,0.000000,"wKb1,wQa3,wBc1,wNb3,bKd1","wKb1,wQa3,wBc1,wNb3,bKd1"
KQBNK-capture,4,4,1,shared,king,96160,82216,0,1,0,1,5,0,5,na,96160,0,0,340704,0,0,100.000000,0.000000,0.000000,100.000000,0.000000,0.000000,82216,0,0,82216,0,0,100.000000,0.000000,0.000000,100.000000,0.000000,0.000000,"wKa1,wQa3,wBb4,wNc3,bKd2","wKa1,wQa3,wBb4,wNc3,bKd2"
KQBNK,5,4,1,shared,king,1744120,1477744,0,0,0,0,7,0,7,na,1744112,8,0,4247872,597584,0,99.999541,0.000459,0.000000,87.667126,12.332874,0.000000,1477736,8,0,1206336,271408,0,99.999459,0.000541,0.000000,81.633625,18.366375,0.000000,"wKa1,wQe2,wBd1,wNc2,bKc1","wKa1,wQe2,wBd1,wNc2,bKc1"
KQBNK-capture,5,4,1,shared,king,1744120,1477744,0,1,0,1,5,0,5,na,1744120,0,0,4845456,0,0,100.000000,0.000000,0.000000,100.000000,0.000000,0.000000,1477744,0,0,1477744,0,0,100.000000,0.000000,0.000000,100.000000,0.000000,0.000000,"wKa1,wQa4,wBa2,wNd1,bKc1","wKa1,wQa4,wBa2,wNd1,bKc1"
KQBNK,6,4,1,shared,king,15911296,13715008,0,0,0,0,9,0,9,na,15911288,8,0,36124792,1215368,0,99.999950,0.000050,0.000000,96.745145,3.254855,0.000000,13715000,8,0,12552848,1162160,0,99.999942,0.000058,0.000000,91.526363,8.473637,0.000000,"wKa1,wQa3,wBe1,wNa6,bKf1","wKc1,wQa1,wBd1,wNb1,bKe4"
KQBNK-capture,6,4,1,shared,king,15911296,13715008,0,1,0,1,7,0,7,na,15911296,0,0,37340160,0,0,100.000000,0.000000,0.000000,100.000000,0.000000,0.000000,13715008,0,0,13715008,0,0,100.000000,0.000000,0.000000,100.000000,0.000000,0.000000,"wKa1,wQa5,wBc5,wNa6,bKc2","wKc3,wQa3,wBb4,wNa1,bKe3"
KQBNK,7,4,1,shared,king,95706968,84263400,0,0,0,0,11,0,11,na,95706960,8,0,185755476,12716124,0,99.999992,0.000008,0.000000,93.592976,6.407024,0.000000,84263392,8,0,80708556,3554844,0,99.999991,0.000009,0.000000,95.781272,4.218728,0.000000,"wKa1,wQb1,wBf3,wNa7,bKf2","wKc2,wQc1,wBb1,wNa1,bKc7"
KQBNK-capture,7,4,1,shared,king,95706968,84263400,0,0,0,1,9,0,9,na,95706968,0,0,198365256,106344,0,100.000000,0.000000,0.000000,99.946419,0.053581,0.000000,84263400,0,0,84263400,0,0,100.000000,0.000000,0.000000,100.000000,0.000000,0.000000,"wKa1,wQg1,wBg3,wNg7,bKc3","wKc2,wQc1,wBb1,wNa1,bKc7"
KQBNK,8,4,1,shared,king,434124768,389645480,0,0,0,0,13,0,13,na,434124760,8,0,810501344,9133696,0,99.999998,0.000002,0.000000,98.885639,1.114361,0.000000,389645472,8,0,380779544,8865936,0,99.999998,0.000002,0.000000,97.724615,2.275385,0.000000,"wKa1,wQa2,wBe3,wNe4,bKd3","wKd2,wQh2,wBe1,wNf1,bKc6"
KQBNK-capture,8,4,1,shared,king,434124768,389645480,0,0,0,1,11,0,11,na,434124768,0,0,819389496,245544,0,100.000000,0.000000,0.000000,99.970042,0.029958,0.000000,389645480,0,0,389645480,0,0,100.000000,0.000000,0.000000,100.000000,0.000000,0.000000,"wKa1,wQa7,wBh8,wNg7,bKd3","wKb2,wQa4,wBa1,wNb4,bKe4"
KQNNK,3,4,1,shared,king,760,664,0,0,0,0,5,0,5,na,760,0,0,2424,936,0,100.000000,0.000000,0.000000,72.142857,27.857143,0.000000,664,0,0,176,488,0,100.000000,0.000000,0.000000,26.506024,73.493976,0.000000,"wKa1,wNb2,wNc2,wQa3,bKc1","wKa1,wNb2,wNc2,wQb3,bKc1"
KQNNK-capture,3,4,1,shared,king,760,664,0,0,0,1,3,0,3,na,760,0,0,3336,24,0,100.000000,0.000000,0.000000,99.285714,0.714286,0.000000,664,0,0,664,0,0,100.000000,0.000000,0.000000,100.000000,0.000000,0.000000,"wKa1,wNb1,wNb2,wQa2,bKc2","wKa1,wNb1,wNb2,wQa2,bKc2"
KQNNK,4,4,1,shared,king,52052,42456,0,0,0,0,5,0,5,na,52052,0,0,126820,43532,0,100.000000,0.000000,0.000000,74.445853,25.554147,0.000000,42456,0,0,26000,16456,0,100.000000,0.000000,0.000000,61.239872,38.760128,0.000000,"wKa1,wNb1,wNc2,wQa4,bKc1","wKa1,wNb1,wNc2,wQa4,bKc1"
KQNNK-capture,4,4,1,shared,king,52052,42456,0,1,0,1,5,0,5,na,52052,0,0,170352,0,0,100.000000,0.000000,0.000000,100.000000,0.000000,0.000000,42456,0,0,42456,0,0,100.000000,0.000000,0.000000,100.000000,0.000000,0.000000,"wKa1,wNc2,wNc3,wQb1,bKd2","wKa1,wNc2,wNb4,wQa4,bKd2"
KQNNK,5,4,1,shared,king,930024,755024,0,0,0,0,7,0,7,na,930024,0,0,1960724,462004,0,100.000000,0.000000,0.000000,80.930422,19.069578,0.000000,755024,0,0,630296,124728,0,100.000000,0.000000,0.000000,83.480260,16.519740,0.000000,"wKa1,wNd1,wNe1,wQd4,bKc1","wKa1,wNd1,wNe1,wQd4,bKc1"
KQNNK-capture,5,4,1,shared,king,930024,755024,0,1,0,1,5,0,5,na,930024,0,0,2422728,0,0,100.000000,0.000000,0.000000,100.000000,0.000000,0.000000,755024,0,0,755024,0,0,100.000000,0.000000,0.000000,100.000000,0.000000,0.000000,"wKa1,wNd1,wNc2,wQa4,bKc1","wKa1,wNd1,wNb5,wQa4,bKc1"
KQNNK,6,4,1,shared,king,8466132,7008872,0,0,0,0,11,0,9,na,8466132,0,0,15968604,2701476,0,100.000000,0.000000,0.000000,85.530453,14.469547,0.000000,7008872,0,0,6490432,518440,0,100.000000,0.000000,0.000000,92.603089,7.396911,0.000000,"wKa1,wNd4,wNe4,wQf1,bKe3","wKc1,wNa1,wNb1,wQf1,bKe4"
KQNNK-capture,6,4,1,shared,king,8466132,7008872,0,1,0,1,7,0,7,na,8466132,0,0,18670080,0,0,100.000000,0.000000,0.000000,100.000000,0.000000,0.000000,7008872,0,0,7008872,0,0,100.000000,0.000000,0.000000,100.000000,0.000000,0.000000,"wKa1,wNd2,wNe2,wQa5,bKc2","wKc3,wNa1,wNb4,wQa3,bKe3"
KQNNK,7,4,1,shared,king,50936904,43234664,0,0,0,0,13,0,11,na,50936904,0,0,88025292,11210508,0,100.000000,0.000000,0.000000,88.703162,11.296838,0.000000,43234664,0,0,41711864,1522800,0,100.000000,0.000000,0.000000,96.477826,3.522174,0.000000,"wKa1,wNd5,wNe5,wQf2,bKe4","wKc2,wNa1,wNb1,wQc1,bKc7"
KQNNK-capture,7,4,1,shared,king,50936904,43234664,0,0,0,1,11,0,11,na,50936904,0,0,99148788,87012,0,100.000000,0.000000,0.000000,99.912318,0.087682,0.000000,43234664,0,0,43234664,0,0,100.000000,0.000000,0.000000,100.000000,0.000000,0.000000,"wKd2,wNa1,wNg1,wQd1,bKd6","wKd2,wNa1,wNg1,wQd1,bKd6"
KQNNK,8,4,1,shared,king,231093136,200817604,0,0,0,0,15,0,15,na,231093136,0,0,372649332,37168188,0,100.000000,0.000000,0.000000,90.930552,9.069448,0.000000,200817604,0,0,197176172,3641432,0,100.000000,0.000000,0.000000,98.186697,1.813303,0.000000,"wKa1,wNa7,wNa8,wQc1,bKf3","wKd1,wNg1,wNh1,wQe1,bKd7"
KQNNK-capture,8,4,1,shared,king,231093136,200817604,0,0,0,1,13,0,13,na,231093136,0,0,409607440,210080,0,100.000000,0.000000,0.000000,99.948738,0.051262,0.000000,200817604,0,0,200817604,0,0,100.000000,0.000000,0.000000,100.000000,0.000000,0.000000,"wKa1,wNa7,wNb8,wQa8,bKe3","wKb2,wNb1,wNa2,wQa1,bKe4"
KRRRK,3,4,1,shared,king,68,68,0,0,1,0,1,0,1,na,68,0,0,1052,68,0,100.000000,0.000000,0.000000,93.928571,6.071429,0.000000,68,0,0,0,68,0,100.000000,0.000000,0.000000,0.000000,100.000000,0.000000,"wKa1,wRa2,wRb2,wRa3,bKc1","wKa1,wRa2,wRb2,wRa3,bKc1"
KRRRK-capture,3,4,1,shared,king,68,68,0,1,0,1,1,0,1,na,68,0,0,1120,0,0,100.000000,0.000000,0.000000,100.000000,0.000000,0.000000,68,0,0,68,0,0,100.000000,0.000000,0.000000,100.000000,0.000000,0.000000,"wKa1,wRa2,wRb2,wRa3,bKc1","wKa1,wRa2,wRb2,wRa3,bKc1"
KRRRK,4,4,1,shared,king,10656,9760,0,0,0,0,7,0,7,na,10656,0,0,52400,4384,0,100.000000,0.000000,0.000000,92.279515,7.720485,0.000000,9760,0,0,5376,4384,0,100.000000,0.000000,0.000000,55.081967,44.918033,0.000000,"wKa1,wRb2,wRc2,wRb4,bKd3","wKa1,wRb2,wRc2,wRb4,bKd3"
KRRRK-capture,4,4,1,shared,king,10656,9760,0,1,0,1,3,0,3,na,10656,0,0,56784,0,0,100.000000,0.000000,0.000000,100.000000,0.000000,0.000000,9760,0,0,9760,0,0,100.000000,0.000000,0.000000,100.000000,0.000000,0.000000,"wKa1,wRa3,wRb3,wRa4,bKc1","wKa1,wRa3,wRb3,wRa4,bKc1"
KRRRK,5,4,1,shared,king,230000,201584,0,0,0,0,7,0,7,na,230000,0,0,772060,35516,0,100.000000,0.000000,0.000000,95.602148,4.397852,0.000000,201584,0,0,166068,35516,0,100.000000,0.000000,0.000000,82.381538,17.618462,0.000000,"wKa1,wRc1,wRc3,wRd3,bKe2","wKa1,wRc1,wRc3,wRd3,bKe2"
KRRRK-capture,5,4,1,shared,king,230000,201584,0,1,0,1,5,0,5,na,230000,0,0,807576,0,0,100.000000,0.000000,0.000000,100.000000,0.000000,0.000000,201584,0,0,201584,0,0,100.000000,0.000000,0.000000,100.000000,0.000000,0.000000,"wKa1,wRb3,wRb4,wRb5,bKc1","wKa1,wRb3,wRb4,wRb5,bKc1"
KRRRK,6,4,1,shared,king,2246224,1971728,0,0,0,0,7,0,7,na,2246224,0,0,6070208,153152,0,100.000000,0.000000,0.000000,97.539079,2.460921,0.000000,1971728,0,0,1818576,153152,0,100.000000,0.000000,0.000000,92.232600,7.767400,0.000000,"wKa1,wRd2,wRd3,wRf3,bKe1","wKc3,wRd4,wRe4,wRd6,bKf5"
KRRRK-capture,6,4,1,shared,king,2246224,1971728,0,1,0,1,7,0,7,na,2246224,0,0,6223360,0,0,100.000000,0.000000,0.000000,100.000000,0.000000,0.000000,1971728,0,0,1971728,0,0,100.000000,0.000000,0.000000,100.000000,0.000000,0.000000,"wKa1,wRe1,wRf1,wRd2,bKc3","wKc1,wRa1,wRb1,wRa2,bKe4"
KRRRK,7,4,1,shared,king,13969788,12432268,0,0,0,0,9,0,9,na,13969788,0,0,32600196,478404,0,100.000000,0.000000,0.000000,98.553736,1.446264,0.000000,12432268,0,0,11953864,478404,0,100.000000,0.000000,0.000000,96.151917,3.848083,0.000000,"wKb1,wRa1,wRa2,wRf3,bKe4","wKc1,wRa1,wRa2,wRa3,bKd5"
KRRRK-capture,7,4,1,shared,king,13969788,12432268,0,1,0,1,9,0,9,na,13969788,0,0,33078600,0,0,100.000000,0.000000,0.000000,100.000000,0.000000,0.000000,12432268,0,0,12432268,0,0,100.000000,0.000000,0.000000,100.000000,0.000000,0.000000,"wKb1,wRa1,wRa2,wRa3,bKd5","wKc1,wRa1,wRa2,wRa3,bKe5"
KRRRK,8,4,1,shared,king,64603840,58380160,0,0,0,0,9,0,9,na,64603840,0,0,135381952,1223888,0,100.000000,0.000000,0.000000,99.104073,0.895927,0.000000,58380160,0,0,57156272,1223888,0,100.000000,0.000000,0.000000,97.903589,2.096411,0.000000,"wKb1,wRa1,wRa2,wRf3,bKe4","wKd2,wRh2,wRh3,wRh4,bKd6"
KRRRK-capture,8,4,1,shared,king,64603840,58380160,0,1,0,1,9,0,9,na,64603840,0,0,136605840,0,0,100.000000,0.000000,0.000000,100.000000,0.000000,0.000000,58380160,0,0,58380160,0,0,100.000000,0.000000,0.000000,100.000000,0.000000,0.000000,"wKb1,wRa1,wRa2,wRf3,bKe4","wKb2,wRb1,wRc1,wRd1,bKf4"
KRRBK,3,4,1,shared,king,704,656,0,0,0,0,7,0,7,na,696,8,0,2776,584,0,98.863636,1.136364,0.000000,82.619048,17.380952,0.000000,648,8,0,72,584,0,98.780488,1.219512,0.000000,10.975610,89.024390,0.000000,"wKa1,wRb2,wRa3,wBc3,bKc1","wKa1,wRb2,wRa3,wBc3,bKc1"
KRRBK-capture,3,4,1,shared,king,704,656,0,1,0,1,1,0,1,na,704,0,0,3360,0,0,100.000000,0.000000,0.000000,100.000000,0.000000,0.000000,656,0,0,656,0,0,100.000000,0.000000,0.000000,100.000000,0.000000,0.000000,"wKa1,wRa2,wRb2,wBb1,bKc1","wKa1,wRa2,wRb2,wBb1,bKc1"
KRRBK,4,4,1,shared,king,52972,41644,0,0,0,0,7,0,7,na,52956,16,0,156208,14144,0,99.969795,0.030205,0.000000,91.697192,8.302808,0.000000,41628,16,0,27500,14144,0,99.961579,0.038421,0.000000,66.035924,33.964076,0.000000,"wKa1,wRd2,wRd3,wBc2,bKc1","wKa1,wRd2,wRd3,wBc2,bKc1"
KRRBK-capture,4,4,1,shared,king,52972,41644,0,1,0,1,5,0,5,na,52972,0,0,170352,0,0,100.000000,0.000000,0.000000,100.000000,0.000000,0.000000,41644,0,0,41644,0,0,100.000000,0.000000,0.000000,100.000000,0.000000,0.000000,"wKa1,wRa3,wRa4,wBa2,bKc1","wKa1,wRa3,wRa4,wBa2,bKc1"
KRRBK,5,4,1,shared,king,940456,745748,0,0,0,0,11,0,9,na,940432,24,0,2325036,97692,0,99.997448,0.002552,0.000000,95.967686,4.032314,0.000000,745724,24,0,648056,97692,0,99.996782,0.003218,0.000000,86.900132,13.099868,0.000000,"wKa1,wRd3,wRd5,wBd4,bKe4","wKa1,wRb1,wRb2,wBc2,bKd2"
KRRBK-capture,5,4,1,shared,king,940456,745748,0,1,0,1,9,0,7,na,940456,0,0,2422728,0,0,100.000000,0.000000,0.000000,100.000000,0.000000,0.000000,745748,0,0,745748,0,0,100.000000,0.000000,0.000000,100.000000,0.000000,0.000000,"wKa1,wRb2,wRe3,wBc4,bKd4","wKa1,wRb1,wRc4,wBc3,bKc2"
KRRBK,6,4,1,shared,king,8402948,6914504,0,0,0,0,13,0,11,na,8402916,32,0,18267836,402244,0,99.999619,0.000381,0.000000,97.845515,2.154485,0.000000,6914472,32,0,6512260,402244,0,99.999537,0.000463,0.000000,94.182605,5.817395,0.000000,"wKa1,wRd2,wRf2,wBe2,bKe1","wKa1,wRb1,wRc1,wBd1,bKd2"
KRRBK-capture,6,4,1,shared,king,8402948,6914504,0,1,0,1,11,0,9,na,8402948,0,0,18670080,0,0,100.000000,0.000000,0.000000,100.000000,0.000000,0.000000,6914504,0,0,6914504,0,0,100.000000,0.000000,0.000000,100.000000,0.000000,0.000000,"wKa1,wRb1,wRc2,wBd4,bKd3","wKc1,wRa1,wRa2,wBa4,bKe4"
KRRBK,7,4,1,shared,king,49694912,42352608,0,0,0,0,15,0,11,na,49694872,40,0,97994248,1241552,0,99.999920,0.000080,0.000000,98.748887,1.251113,0.000000,42352568,40,0,41111056,1241552,0,99.999906,0.000094,0.000000,97.068535,2.931465,0.000000,"wKa1,wRf3,wRf5,wBf4,bKg4","wKc2,wRb2,wRb4,wBb5,bKe7"
KRRBK-capture,7,4,1,shared,king,49694912,42352608,0,1,0,1,13,0,11,na,49694912,0,0,99235800,0,0,100.000000,0.000000,0.000000,100.000000,0.000000,0.000000,42352608,0,0,42352608,0,0,100.000000,0.000000,0.000000,100.000000,0.000000,0.000000,"wKa1,wRb2,wRc3,wBe4,bKd4","wKb2,wRb1,wRc1,wBe1,bKd4"
KRRBK,8,4,1,shared,king,222543104,195128224,0,0,0,0,19,0,13,na,222543056,48,0,406639288,3178232,0,99.999978,0.000022,0.000000,99.224476,0.775524,0.000000,195128176,48,0,191949992,3178232,0,99.999975,0.000025,0.000000,98.371208,1.628792,0.000000,"wKa1,wRg5,wRg7,wBg6,bKh6","wKd1,wRc1,wRc3,wBc4,bKe7"
KRRBK-capture,8,4,1,shared,king,222543104,195128224,0,1,0,1,13,0,11,na,222543104,0,0,409817520,0,0,100.000000,0.000000,0.000000,100.000000,0.000000,0.000000,195128224,0,0,195128224,0,0,100.000000,0.000000,0.000000,100.000000,0.000000,0.000000,"wKa1,wRf2,wRg7,wBf5,bKe3","wKd2,wRb1,wRb2,wBb5,bKf5"
KRRNK,3,4,1,shared,king,692,644,0,0,0,0,7,0,7,na,684,8,0,2896,464,0,98.843931,1.156069,0.000000,86.190476,13.809524,0.000000,636,8,0,180,464,0,98.757764,1.242236,0.000000,27.950311,72.049689,0.000000,"wKa1,wRb1,wRa2,wNb2,bKc2","wKa1,wRb1,wRa2,wNb2,bKc2"
KRRNK-capture,3,4,1,shared,king,692,644,0,1,0,1,5,0,5,na,692,0,0,3360,0,0,100.000000,0.000000,0.000000,100.000000,0.000000,0.000000,644,0,0,644,0,0,100.000000,0.000000,0.000000,100.000000,0.000000,0.000000,"wKa1,wRa2,wRa3,wNb2,bKc2","wKa1,wRa2,wRa3,wNb2,bKc2"
KRRNK,4,4,1,shared,king,53912,42088,0,0,0,0,9,0,7,na,53912,0,0,156924,13428,0,100.000000,0.000000,0.000000,92.117498,7.882502,0.000000,42088,0,0,28660,13428,0,100.000000,0.000000,0.000000,68.095419,31.904581,0.000000,"wKa1,wRb1,wRc3,wNb2,bKd2","wKa1,wRd2,wRd3,wNb2,bKc1"
KRRNK-capture,4,4,1,shared,king,53912,42088,0,1,0,1,5,0,5,na,53912,0,0,170352,0,0,100.000000,0.000000,0.000000,100.000000,0.000000,0.000000,42088,0,0,42088,0,0,100.000000,0.000000,0.000000,100.000000,0.000000,0.000000,"wKa1,wRa3,wRa4,wNc2,bKc1","wKa1,wRa4,wRc4,wNc2,bKc1"
KRRNK,5,4,1,shared,king,967932,746556,0,0,0,0,11,0,9,na,967932,0,0,2328504,94224,0,100.000000,0.000000,0.000000,96.110830,3.889170,0.000000,746556,0,0,652332,94224,0,100.000000,0.000000,0.000000,87.378844,12.621156,0.000000,"wKa1,wRd3,wRd5,wNd4,bKe4","wKa1,wRc2,wRd2,wNe2,bKe1"
KRRNK-capture,5,4,1,shared,king,967932,746556,0,1,0,1,7,0,7,na,967932,0,0,2422728,0,0,100.000000,0.000000,0.000000,100.000000,0.000000,0.000000,746556,0,0,746556,0,0,100.000000,0.000000,0.000000,100.000000,0.000000,0.000000,"wKa1,wRa5,wRb5,wNd2,bKd1","wKa1,wRe2,wRa5,wNd2,bKc2"
KRRNK,6,4,1,shared,king,8737432,6954112,0,0,0,0,13,0,13,na,8737432,0,0,18300592,369488,0,100.000000,0.000000,0.000000,98.020962,1.979038,0.000000,6954112,0,0,6584624,369488,0,100.000000,0.000000,0.000000,94.686769,5.313231,0.000000,"wKa1,wRd2,wRe2,wNf2,bKf1","wKc1,wRb4,wRb5,wNb6,bKa6"
KRRNK-capture,6,4,1,shared,king,8737432,6954112,0,1,0,1,9,0,9,na,8737432,0,0,18670080,0,0,100.000000,0.000000,0.000000,100.000000,0.000000,0.000000,6954112,0,0,6954112,0,0,100.000000,0.000000,0.000000,100.000000,0.000000,0.000000,"wKa1,wRb3,wRa5,wNc3,bKc2","wKc1,wRa1,wRa2,wNa3,bKe4"
KRRNK,7,4,1,shared,king,52050056,42949896,0,0,0,0,17,0,13,na,52050056,0,0,98166568,1069232,0,100.000000,0.000000,0.000000,98.922534,1.077466,0.000000,42949896,0,0,41880664,1069232,0,100.000000,0.000000,0.000000,97.510513,2.489487,0.000000,"wKa1,wRf4,wRf6,wNf5,bKg5","wKc2,wRf5,wRf6,wNf7,bKg7"
KRRNK-capture,7,4,1,shared,king,52050056,42949896,0,1,0,1,11,0,11,na,52050056,0,0,99235800,0,0,100.000000,0.000000,0.000000,100.000000,0.000000,0.000000,42949896,0,0,42949896,0,0,100.000000,0.000000,0.000000,100.000000,0.000000,0.000000,"wKa1,wRb1,wRd2,wNd3,bKc3","wKb2,wRb1,wRc1,wNe1,bKd4"
KRRNK,8,4,1,shared,king,234130160,199384184,0,0,0,0,19,0,17,na,234130160,0,0,407242852,2574668,0,100.000000,0.000000,0.000000,99.371753,0.628247,0.000000,199384184,0,0,196809516,2574668,0,100.000000,0.000000,0.000000,98.708690,1.291310,0.000000,"wKa1,wRg4,wRg6,wNg5,bKh5","wKd1,wRb6,wRb7,wNb8,bKa8"
KRRNK-capture,8,4,1,shared,king,234130160,199384184,0,1,0,1,13,0,13,na,234130160,0,0,409817520,0,0,100.000000,0.000000,0.000000,100.000000,0.000000,0.000000,199384184,0,0,199384184,0,0,100.000000,0.000000,0.000000,100.000000,0.000000,0.000000,"wKa1,wRb1,wRc3,wNe5,bKd4","wKb1,wRa1,wRa2,wNa3,bKd3"
KRBBK,3,4,1,shared,king,1148,932,0,0,0,0,9,0,9,na,1056,92,0,2212,1148,0,91.986063,8.013937,0.000000,65.833333,34.166667,0.000000,848,84,0,160,772,0,90.987124,9.012876,0.000000,17.167382,82.832618,0.000000,"wKa1,wBc1,wBb2,wRa2,bKc2","wKa1,wBc1,wBb2,wRa2,bKc2"
KRBBK-capture,3,4,1,shared,king,1148,932,0,0,0,1,5,0,5,na,1148,0,0,3352,8,0,100.000000,0.000000,0.000000,99.761905,0.238095,0.000000,932,0,0,932,0,0,100.000000,0.000000,0.000000,100.000000,0.000000,0.000000,"wKa1,wBb2,wBa3,wRa2,bKc2","wKa1,wBb2,wBa3,wRa2,bKc2"
KRBBK,4,4,1,shared,king,69160,49712,0,0,0,0,11,0,9,na,68968,192,0,142964,27388,0,99.722383,0.277617,0.000000,83.922701,16.077299,0.000000,49628,84,0,36296,13416,0,99.831027,0.168973,0.000000,73.012552,26.987448,0.000000,"wKa1,wBc1,wBa2,wRc2,bKd1","wKa1,wBd1,wBc2,wRb2,bKc1"
KRBBK-capture,4,4,1,shared,king,69160,49712,0,1,0,1,7,0,7,na,69160,0,0,170352,0,0,100.000000,0.000000,0.000000,100.000000,0.000000,0.000000,49712,0,0,49712,0,0,100.000000,0.000000,0.000000,100.000000,0.000000,0.000000,"wKa1,wBb2,wBa3,wRa2,bKc2","wKa1,wBb2,wBa3,wRa2,bKc2"
KRBBK,5,4,1,shared,king,1133820,855452,0,0,0,0,13,0,11,na,1133480,340,0,2174988,247740,0,99.970013,0.029987,0.000000,89.774337,10.225663,0.000000,855360,92,0,773480,81972,0,99.989245,0.010755,0.000000,90.417697,9.582303,0.000000,"wKa1,wBb2,wBd2,wRe2,bKd1","wKa1,wBb1,wBd1,wRd3,bKc1"
KRBBK-capture,5,4,1,shared,king,1133820,855452,0,1,0,1,11,0,11,na,1133820,0,0,2422728,0,0,100.000000,0.000000,0.000000,100.000000,0.000000,0.000000,855452,0,0,855452,0,0,100.000000,0.000000,0.000000,100.000000,0.000000,0.000000,"wKa1,wBc1,wBb2,wRb1,bKd3","wKa1,wBc1,wBb2,wRb1,bKd3"
KRBBK,6,4,1,shared,king,9711224,7759800,0,0,0,0,17,0,15,na,9710712,512,0,17321292,1348788,0,99.994728,0.005272,0.000000,92.775671,7.224329,0.000000,7759700,100,0,7443944,315856,0,99.998711,0.001289,0.000000,95.929586,4.070414,0.000000,"wKa1,wBb2,wBd2,wRd1,bKc2","wKa1,wBc2,wBf3,wRf2,bKc1"
KRBBK-capture,6,4,1,shared,king,9711224,7759800,0,1,0,1,13,0,13,na,9711224,0,0,18670080,0,0,100.000000,0.000000,0.000000,100.000000,0.000000,0.000000,7759800,0,0,7759800,0,0,100.000000,0.000000,0.000000,100.000000,0.000000,0.000000,"wKa1,wBa3,wBc3,wRb3,bKc2","wKa1,wBc1,wBb2,wRb1,bKd3"
KRBBK,7,4,1,shared,king,55936072,46793520,0,0,0,0,19,0,19,na,55935364,708,0,93820844,5414956,0,99.998734,0.001266,0.000000,94.543344,5.456656,0.000000,46793412,108,0,45858340,935180,0,99.999769,0.000231,0.000000,98.001475,1.998525,0.000000,"wKa1,wBd1,wBd3,wRc1,bKd2","wKa1,wBf1,wBe2,wRg7,bKe5"
KRBBK-capture,7,4,1,shared,king,55936072,46793520,0,1,0,1,17,0,15,na,55936072,0,0,99235800,0,0,100.000000,0.000000,0.000000,100.000000,0.000000,0.000000,46793520,0,0,46793520,0,0,100.000000,0.000000,0.000000,100.000000,0.000000,0.000000,"wKa1,wBa2,wBf3,wRg3,bKf2","wKa1,wBd1,wBc2,wRc1,bKc3"
KRBBK,8,4,1,shared,king,245990320,213012944,0,0,0,0,23,0,21,na,245989392,928,0,392212604,17604916,0,99.999623,0.000377,0.000000,95.704206,4.295794,0.000000,213012828,116,0,210686872,2326072,0,99.999946,0.000054,0.000000,98.908014,1.091986,0.000000,"wKa1,wBd2,wBd4,wRc2,bKd3","wKa1,wBc1,wBb2,wRb1,bKd3"
KRBBK-capture,8,4,1,shared,king,245990320,213012944,0,1,0,1,23,0,17,na,245990320,0,0,409817520,0,0,100.000000,0.000000,0.000000,100.000000,0.000000,0.000000,213012944,0,0,213012944,0,0,100.000000,0.000000,0.000000,100.000000,0.000000,0.000000,"wKa1,wBh5,wBe8,wRh8,bKg7","wKa1,wBd7,wBe8,wRd8,bKd2"
KRBNK,3,4,1,shared,king,2408,1824,0,0,0,0,9,0,9,na,2264,144,0,4856,1864,0,94.019934,5.980066,0.000000,72.261905,27.738095,0.000000,1696,128,0,480,1344,0,92.982456,7.017544,0.000000,26.315789,73.684211,0.000000,"wKa1,wRa2,wBc3,wNb2,bKc1","wKa1,wRa2,wBc3,wNb2,bKc1"
KRBNK-capture,3,4,1,shared,king,2408,1824,0,0,0,0,9,0,9,na,2336,72,0,6464,256,0,97.009967,2.990033,0.000000,96.190476,3.809524,0.000000,1768,56,0,1744,80,0,96.929825,3.070175,0.000000,95.614035,4.385965,0.000000,"wKa1,wRa2,wBc3,wNb2,bKc1","wKa1,wRa2,wBc3,wNb2,bKc1"
KRBNK,4,4,1,shared,king,146848,99928,0,0,0,0,23,0,23,na,146808,40,0,312624,28080,0,99.972761,0.027239,0.000000,91.758242,8.241758,0.000000,99888,40,0,74392,25536,0,99.959971,0.040029,0.000000,74.445601,25.554399,0.000000,"wKb1,wRc2,wBc1,wNd2,bKd1","wKb1,wRc2,wBc1,wNd2,bKd1"
KRBNK-capture,4,4,1,shared,king,146848,99928,0,1,0,1,9,0,7,na,146848,0,0,340704,0,0,100.000000,0.000000,0.000000,100.000000,0.000000,0.000000,99928,0,0,99928,0,0,100.000000,0.000000,0.000000,100.000000,0.000000,0.000000,"wKa1,wRd3,wBd4,wNc3,bKc2","wKa1,wRa4,wBb4,wNc3,bKc2"
KRBNK,5,4,1,shared,king,2400872,1705816,0,0,0,0,19,0,13,na,2400600,272,0,4368952,476504,0,99.988671,0.011329,0.000000,90.165962,9.834038,0.000000,1705760,56,0,1556008,149808,0,99.996717,0.003283,0.000000,91.217810,8.782190,0.000000,"wKb1,wRe2,wBe1,wNd2,bKd1","wKa1,wRd3,wBd1,wNc3,bKe1"
KRBNK-capture,5,4,1,shared,king,2400872,1705816,0,1,0,1,11,0,9,na,2400872,0,0,4845456,0,0,100.000000,0.000000,0.000000,100.000000,0.000000,0.000000,1705816,0,0,1705816,0,0,100.000000,0.000000,0.000000,100.000000,0.000000,0.000000,"wKa1,wRe2,wBe3,wNd2,bKd1","wKa1,wRb1,wBc1,wNb2,bKc2"
KRBNK,6,4,1,shared,king,20598744,15576488,0,0,0,0,37,0,35,na,20598704,40,0,36742784,597376,0,99.999806,0.000194,0.000000,98.400178,1.599822,0.000000,15576448,40,0,15032320,544168,0,99.999743,0.000257,0.000000,96.506478,3.493522,0.000000,"wKa1,wRf1,wBe1,wNf2,bKe2","wKc2,wRb2,wBb1,wNa2,bKa1"
KRBNK-capture,6,4,1,shared,king,20598744,15576488,0,1,0,1,17,0,13,na,20598744,0,0,37340160,0,0,100.000000,0.000000,0.000000,100.000000,0.000000,0.000000,15576488,0,0,15576488,0,0,100.000000,0.000000,0.000000,100.000000,0.000000,0.000000,"wKa1,wRf2,wBe2,wNf3,bKe3","wKa1,wRb1,wBd1,wNb2,bKd2"
KRBNK,7,4,1,shared,king,118869032,94845296,0,0,0,0,37,0,19,na,118868480,552,0,187794972,10676628,0,99.999536,0.000464,0.000000,94.620576,5.379424,0.000000,94845240,56,0,93331324,1513972,0,99.999941,0.000059,0.000000,98.403746,1.596254,0.000000,"wKa1,wRf7,wBe7,wNf6,bKg6","wKd1,wRb5,wBb7,wNc5,bKa7"
KRBNK-capture,7,4,1,shared,king,118869032,94845296,0,0,0,1,25,0,15,na,118869032,0,0,198365256,106344,0,100.000000,0.000000,0.000000,99.946419,0.053581,0.000000,94845296,0,0,94845296,0,0,100.000000,0.000000,0.000000,100.000000,0.000000,0.000000,"wKa1,wRg2,wBg3,wNf2,bKf1","wKd1,wRb4,wBe6,wNg1,bKc6"
KRBNK,8,4,1,shared,king,523238280,435404080,0,0,0,0,57,0,51,na,523238240,40,0,815812992,3822048,0,99.999992,0.000008,0.000000,99.533689,0.466311,0.000000,435404040,40,0,431849792,3554288,0,99.999991,0.000009,0.000000,99.183681,0.816319,0.000000,"wKa1,wRh1,wBh2,wNg1,bKg2","wKc2,wRb2,wBb1,wNa2,bKa1"
KRBNK-capture,8,4,1,shared,king,523238280,435404080,0,0,0,1,27,0,19,na,523238280,0,0,819389496,245544,0,100.000000,0.000000,0.000000,99.970042,0.029958,0.000000,435404080,0,0,435404080,0,0,100.000000,0.000000,0.000000,100.000000,0.000000,0.000000,"wKa1,wRh2,wBh3,wNg2,bKg1","wKa1,wRh3,wBg3,wNb1,bKf3"
KRNNK,3,4,1,shared,king,1192,824,0,0,0,0,9,0,9,na,1176,16,0,2392,968,0,98.657718,1.342282,0.000000,71.190476,28.809524,0.000000,808,16,0,304,520,0,98.058252,1.941748,0.000000,36.893204,63.106796,0.000000,"wKa1,wNb1,wNc3,wRa2,bKc1","wKa1,wNb1,wNc3,wRa2,bKc1"
KRNNK-capture,3,4,1,shared,king,1192,824,0,0,0,1,5,0,5,na,1192,0,0,3336,24,0,100.000000,0.000000,0.000000,99.285714,0.714286,0.000000,824,0,0,824,0,0,100.000000,0.000000,0.000000,100.000000,0.000000,0.000000,"wKa1,wNb2,wNa3,wRa2,bKc1","wKa1,wNb2,wNa3,wRa2,bKc1"
KRNNK,4,4,1,shared,king,74248,49024,0,0,0,0,11,0,11,na,74172,76,0,130856,39496,0,99.897640,0.102360,0.000000,76.815065,23.184935,0.000000,49008,16,0,36652,12372,0,99.967363,0.032637,0.000000,74.763381,25.236619,0.000000,"wKa1,wNc2,wNc4,wRd2,bKc1","wKa1,wNc2,wNc4,wRd2,bKc1"
KRNNK-capture,4,4,1,shared,king,74248,49024,0,1,0,1,7,0,7,na,74248,0,0,170352,0,0,100.000000,0.000000,0.000000,100.000000,0.000000,0.000000,49024,0,0,49024,0,0,100.000000,0.000000,0.000000,100.000000,0.000000,0.000000,"wKa1,wNd1,wNc2,wRd2,bKc1","wKa1,wNc1,wNb3,wRb1,bKc3"
KRNNK,5,4,1,shared,king,1232572,840108,0,0,0,0,17,0,13,na,1232460,112,0,2015064,407664,0,99.990913,0.009087,0.000000,83.173348,16.826652,0.000000,840092,16,0,769876,70232,0,99.998095,0.001905,0.000000,91.640122,8.359878,0.000000,"wKa1,wNd3,wNc4,wRd4,bKc3","wKa1,wNc1,wNe2,wRe1,bKc2"
KRNNK-capture,5,4,1,shared,king,1232572,840108,0,1,0,1,13,0,9,na,1232572,0,0,2422728,0,0,100.000000,0.000000,0.000000,100.000000,0.000000,0.000000,840108,0,0,840108,0,0,100.000000,0.000000,0.000000,100.000000,0.000000,0.000000,"wKa1,wNe3,wNd4,wRe4,bKd3","wKa1,wNc1,wNe2,wRe1,bKc2"
KRNNK,6,4,1,shared,king,10701200,7729976,0,0,0,0,23,0,15,na,10701044,156,0,16245912,2424168,0,99.998542,0.001458,0.000000,87.015760,12.984240,0.000000,7729960,16,0,7489132,240844,0,99.999793,0.000207,0.000000,96.884285,3.115715,0.000000,"wKa1,wNe4,wNd5,wRe5,bKd4","wKc1,wNa1,wNf5,wRf6,bKe4"
KRNNK-capture,6,4,1,shared,king,10701200,7729976,0,1,0,1,23,0,13,na,10701200,0,0,18670080,0,0,100.000000,0.000000,0.000000,100.000000,0.000000,0.000000,7729976,0,0,7729976,0,0,100.000000,0.000000,0.000000,100.000000,0.000000,0.000000,"wKa1,wNf5,wNe6,wRf6,bKe5","wKa1,wNf2,wNa3,wRf1,bKd2"
KRNNK,7,4,1,shared,king,62240132,47567980,0,0,0,0,27,0,19,na,62239924,208,0,88918528,10317272,0,99.999666,0.000334,0.000000,89.603276,10.396724,0.000000,47567964,16,0,46938860,629120,0,99.999966,0.000034,0.000000,98.677430,1.322570,0.000000,"wKa1,wNf5,wNe6,wRf6,bKe5","wKd1,wNa1,wNe7,wRf7,bKd6"
KRNNK-capture,7,4,1,shared,king,62240132,47567980,0,0,0,1,27,0,17,na,62240132,0,0,99148788,87012,0,100.000000,0.000000,0.000000,99.912318,0.087682,0.000000,47567980,0,0,47567980,0,0,100.000000,0.000000,0.000000,100.000000,0.000000,0.000000,"wKa1,wNf1,wNg2,wRg1,bKf2","wKa1,wNf2,wNa7,wRg2,bKe3"
KRNNK,8,4,1,shared,king,275254976,220491208,0,0,0,0,29,0,23,na,275254708,268,0,374893904,34923616,0,99.999903,0.000097,0.000000,91.478252,8.521748,0.000000,220491192,16,0,219094972,1396236,0,99.999993,0.000007,0.000000,99.366761,0.633239,0.000000,"wKa1,wNg6,wNf7,wRg7,bKf6","wKa1,wNh3,wNa8,wRh2,bKf3"
KRNNK-capture,8,4,1,shared,king,275254976,220491208,0,0,0,1,39,0,19,na,275254976,0,0,409607440,210080,0,100.000000,0.000000,0.000000,99.948738,0.051262,0.000000,220491208,0,0,220491208,0,0,100.000000,0.000000,0.000000,100.000000,0.000000,0.000000,"wKa1,wNh7,wNg8,wRh8,bKg7","wKd2,wNa1,wNb1,wRg8,bKf5"
KBBBK,3,4,1,shared,king,360,288,0,0,0,0,1,0,1,na,136,224,0,396,724,0,37.777778,62.222222,0.000000,35.357143,64.642857,0.000000,136,152,0,0,288,0,47.222222,52.777778,0.000000,0.000000,100.000000,0.000000,"wKa1,wBb1,wBa2,wBc3,bKc1","wKa1,wBb1,wBa2,wBc3,bKc1"
KBBBK-capture,3,4,1,shared,king,360,288,0,0,0,1,3,0,3,na,360,0,0,1112,8,0,100.000000,0.000000,0.000000,99.285714,0.714286,0.000000,288,0,0,288,0,0,100.000000,0.000000,0.000000,100.000000,0.000000,0.000000,"wKa1,wBc1,wBa2,wBb2,bKc2","wKa1,wBc1,wBa2,wBb2,bKc2"
KBBBK,4,4,1,shared,king,24760,18408,0,0,0,0,13,0,13,na,17136,7624,0,30300,26484,0,69.208401,30.791599,0.000000,53.360101,46.639899,0.000000,12360,6048,0,8884,9524,0,67.144720,32.855280,0.000000,48.261625,51.738375,0.000000,"wKa1,wBb3,wBc3,wBa4,bKc1","wKa1,wBb3,wBc3,wBa4,bKc1"
KBBBK-capture,4,4,1,shared,king,24760,18408,0,1,0,1,7,0,5,na,24760,0,0,56784,0,0,100.000000,0.000000,0.000000,100.000000,0.000000,0.000000,18408,0,0,18408,0,0,100.000000,0.000000,0.000000,100.000000,0.000000,0.000000,"wKa1,wBc1,wBb4,wBd4,bKc2","wKa1,wBc3,wBb4,wBd4,bKc1"
KBBBK,5,4,1,shared,king,409892,317332,0,0,0,0,17,0,17,na,294304,115588,0,481612,325964,0,71.800377,28.199623,0.000000,59.636740,40.363260,0.000000,223876,93456,0,204368,112964,0,70.549456,29.450544,0.000000,64.401951,35.598049,0.000000,"wKa1,wBd1,wBe1,wBb3,bKc1","wKa1,wBd1,wBe1,wBb3,bKc1"
KBBBK-capture,5,4,1,shared,king,409892,317332,0,1,0,1,11,0,11,na,409892,0,0,807576,0,0,100.000000,0.000000,0.000000,100.000000,0.000000,0.000000,317332,0,0,317332,0,0,100.000000,0.000000,0.000000,100.000000,0.000000,0.000000,"wKa1,wBe1,wBb4,wBa5,bKc1","wKa1,wBe1,wBb4,wBa5,bKc1"
KBBBK,6,4,1,shared,king,3496408,2843432,0,0,0,0,21,0,19,na,2552192,944216,0,3981644,2241716,0,72.994685,27.005315,0.000000,63.979008,36.020992,0.000000,2055512,787920,0,1992284,851148,0,72.289824,27.710176,0.000000,70.066174,29.933826,0.000000,"wKb1,wBb2,wBb4,wBb5,bKb3","wKa1,wBe1,wBf1,wBa5,bKe3"
KBBBK-capture,6,4,1,shared,king,3496408,2843432,0,1,0,1,15,0,15,na,3496408,0,0,6223360,0,0,100.000000,0.000000,0.000000,100.000000,0.000000,0.000000,2843432,0,0,2843432,0,0,100.000000,0.000000,0.000000,100.000000,0.000000,0.000000,"wKa1,wBe1,wBf2,wBa5,bKc1","wKa1,wBe1,wBf2,wBa5,bKc1"
KBBBK,7,4,1,shared,king,20017796,16951292,0,0,0,0,25,0,23,na,14725944,5291852,0,22024736,11053864,0,73.564263,26.435737,0.000000,66.583036,33.416964,0.000000,12399768,4551524,0,12238016,4713276,0,73.149398,26.850602,0.000000,72.195181,27.804819,0.000000,"wKc1,wBc2,wBc4,wBc5,bKc3","wKa1,wBd1,wBe1,wBa5,bKd3"
KBBBK-capture,7,4,1,shared,king,20017796,16951292,0,1,0,1,21,0,19,na,20017796,0,0,33078600,0,0,100.000000,0.000000,0.000000,100.000000,0.000000,0.000000,16951292,0,0,16951292,0,0,100.000000,0.000000,0.000000,100.000000,0.000000,0.000000,"wKa1,wBc1,wBg1,wBf2,bKc2","wKc1,wBg1,wBb6,wBa7,bKc3"
KBBBK,8,4,1,shared,king,87514260,76443588,0,0,0,0,31,0,25,na,64713920,22800340,0,93447268,43158572,0,73.946715,26.053285,0.000000,68.406496,31.593504,0.000000,56332960,20110628,0,55983636,20459952,0,73.692198,26.307802,0.000000,73.235228,26.764772,0.000000,"wKd1,wBd2,wBd4,wBd5,bKd3","wKa1,wBe1,wBf1,wBa4,bKe3"
KBBBK-capture,8,4,1,shared,king,87514260,76443588,0,1,0,1,25,0,25,na,87514260,0,0,136605840,0,0,100.000000,0.000000,0.000000,100.000000,0.000000,0.000000,76443588,0,0,76443588,0,0,100.000000,0.000000,0.000000,100.000000,0.000000,0.000000,"wKa1,wBe1,wBe7,wBd8,bKc1","wKa1,wBe1,wBe7,wBd8,bKc1"
KBBNK,3,4,1,shared,king,1460,1056,0,0,0,0,15,0,15,na,752,708,0,1568,1792,0,51.506849,48.493151,0.000000,46.666667,53.333333,0.000000,592,464,0,184,872,0,56.060606,43.939394,0.000000,17.424242,82.575758,0.000000,"wKa1,wBa2,wBc3,wNb1,bKc2","wKa1,wBa2,wBc3,wNb1,bKc2"
KBBNK-capture,3,4,1,shared,king,1460,1056,0,0,0,0,3,0,3,na,1332,128,0,3084,276,0,91.232877,8.767123,0.000000,91.785714,8.214286,0.000000,988,68,0,984,72,0,93.560606,6.439394,0.000000,93.181818,6.818182,0.000000,"wKa1,wBc1,wBb2,wNa2,bKc2","wKa1,wBc1,wBb2,wNa2,bKc2"
KBBNK,4,4,1,shared,king,85128,56944,0,0,0,0,25,0,23,na,84296,832,0,141184,29168,0,99.022648,0.977352,0.000000,82.877806,17.122194,0.000000,56840,104,0,44284,12660,0,99.817364,0.182636,0.000000,77.767631,22.232369,0.000000,"wKa1,wBc2,wBc4,wNb4,bKc3","wKa1,wBc2,wBb3,wNd4,bKd2"
KBBNK-capture,4,4,1,shared,king,85128,56944,0,1,0,1,9,0,9,na,85128,0,0,170352,0,0,100.000000,0.000000,0.000000,100.000000,0.000000,0.000000,56944,0,0,56944,0,0,100.000000,0.000000,0.000000,100.000000,0.000000,0.000000,"wKa1,wBd1,wBa4,wNb2,bKd2","wKa1,wBd1,wBa4,wNb2,bKd2"
KBBNK,5,4,1,shared,king,1355780,954840,0,0,0,0,29,0,29,na,1338504,17276,0,1872672,550056,0,98.725752,1.274248,0.000000,77.296007,22.703993,0.000000,953016,1824,0,883928,70912,0,99.808973,0.191027,0.000000,92.573415,7.426585,0.000000,"wKa1,wBa2,wBe2,wNe1,bKc1","wKa1,wBa2,wBe2,wNe1,bKc1"
KBBNK-capture,5,4,1,shared,king,1355780,954840,0,1,0,1,13,0,13,na,1355780,0,0,2422728,0,0,100.000000,0.000000,0.000000,100.000000,0.000000,0.000000,954840,0,0,954840,0,0,100.000000,0.000000,0.000000,100.000000,0.000000,0.000000,"wKa1,wBc1,wBc5,wNb3,bKc2","wKa1,wBd1,wBa4,wNb2,bKd2"
KBBNK,6,4,1,shared,king,11412424,8592576,0,0,0,0,43,0,37,na,11405412,7012,0,17388888,1281192,0,99.938558,0.061442,0.000000,93.137726,6.862274,0.000000,8592360,216,0,8400412,192164,0,99.997486,0.002514,0.000000,97.763604,2.236396,0.000000,"wKa1,wBd1,wBd3,wNf2,bKe3","wKa1,wBe4,wBd5,wNf6,bKd4"
KBBNK-capture,6,4,1,shared,king,11412424,8592576,0,1,0,1,17,0,17,na,11412424,0,0,18670080,0,0,100.000000,0.000000,0.000000,100.000000,0.000000,0.000000,8592576,0,0,8592576,0,0,100.000000,0.000000,0.000000,100.000000,0.000000,0.000000,"wKa1,wBd2,wBa3,wNc2,bKd1","wKa1,wBe1,wBa5,wNb2,bKe2"
KBBNK,7,4,1,shared,king,64941008,51694868,0,0,0,0,41,0,35,na,64740088,200920,0,85107220,14128580,0,99.690612,0.309388,0.000000,85.762618,14.237382,0.000000,51686596,8272,0,50988992,705876,0,99.983998,0.016002,0.000000,98.634534,1.365466,0.000000,"wKa1,wBe3,wBg3,wNf1,bKe2","wKa1,wBd1,wBa2,wNf2,bKd2"
KBBNK-capture,7,4,1,shared,king,64941008,51694868,0,0,0,1,23,0,21,na,64941008,0,0,99133696,102104,0,100.000000,0.000000,0.000000,99.897110,0.102890,0.000000,51694868,0,0,51694868,0,0,100.000000,0.000000,0.000000,100.000000,0.000000,0.000000,"wKa1,wBd2,wBa3,wNc2,bKd1","wKa1,wBe1,wBe7,wNa6,bKc1"
KBBNK,8,4,1,shared,king,282829856,235019168,0,0,0,0,65,0,61,na,282784268,45588,0,393190868,16626652,0,99.983881,0.016119,0.000000,95.942913,4.057087,0.000000,235018744,424,0,233996064,1023104,0,99.999820,0.000180,0.000000,99.564672,0.435328,0.000000,"wKa1,wBf2,wBa3,wNh1,bKg2","wKb2,wBa1,wBc1,wNh1,bKf3"
KBBNK-capture,8,4,1,shared,king,282829856,235019168,0,0,0,1,29,0,27,na,282829856,0,0,409580288,237232,0,100.000000,0.000000,0.000000,99.942113,0.057887,0.000000,235019168,0,0,235019168,0,0,100.000000,0.000000,0.000000,100.000000,0.000000,0.000000,"wKa1,wBd2,wBa3,wNc2,bKd1","wKa1,wBe1,wBf8,wNa8,bKc1"
KBNNK,3,4,1,shared,king,1568,1056,0,0,0,0,13,0,13,na,600,968,0,1284,2076,0,38.265306,61.734694,0.000000,38.214286,61.785714,0.000000,408,648,0,104,952,0,38.636364,61.363636,0.000000,9.848485,90.151515,0.000000,"wKa1,wNc1,wNa2,wBb2,bKc2","wKa1,wNc1,wNa2,wBb2,bKc2"
KBNNK-capture,3,4,1,shared,king,1568,1056,0,0,0,0,9,0,7,na,1472,96,0,3048,312,0,93.877551,6.122449,0.000000,90.714286,9.285714,0.000000,984,72,0,992,64,0,93.181818,6.818182,0.000000,93.939394,6.060606,0.000000,"wKa1,wNb2,wNc2,wBa3,bKc3","wKa1,wNb1,wNb2,wBa3,bKc1"
KBNNK,4,4,1,shared,king,89980,55744,0,0,0,0,27,0,23,na,88036,1944,0,128208,42144,0,97.839520,2.160480,0.000000,75.260637,24.739363,0.000000,55168,576,0,42848,12896,0,98.966705,1.033295,0.000000,76.865672,23.134328,0.000000,"wKa1,wNd1,wNc2,wBd2,bKd3","wKa1,wNb3,wNd4,wBc1,bKd1"
KBNNK-capture,4,4,1,shared,king,89980,55744,0,1,0,1,9,0,7,na,89980,0,0,170352,0,0,100.000000,0.000000,0.000000,100.000000,0.000000,0.000000,55744,0,0,55744,0,0,100.000000,0.000000,0.000000,100.000000,0.000000,0.000000,"wKa1,wNd1,wNa4,wBc1,bKc2","wKa1,wNd1,wNb2,wBa3,bKc1"
KBNNK,5,4,1,shared,king,1432640,933536,0,0,0,0,25,0,21,na,1399804,32836,0,1726920,695808,0,97.708008,2.291992,0.000000,71.279979,28.720021,0.000000,931732,1804,0,864060,69476,0,99.806756,0.193244,0.000000,92.557759,7.442241,0.000000,"wKa1,wNe2,wNd4,wBe1,bKd1","wKa1,wNd1,wNe4,wBd5,bKd3"
KBNNK-capture,5,4,1,shared,king,1432640,933536,0,1,0,1,15,0,11,na,1432640,0,0,2422728,0,0,100.000000,0.000000,0.000000,100.000000,0.000000,0.000000,933536,0,0,933536,0,0,100.000000,0.000000,0.000000,100.000000,0.000000,0.000000,"wKa1,wNb3,wNc3,wBc1,bKc2","wKa1,wNb2,wNe5,wBa2,bKc1"
KBNNK,6,4,1,shared,king,12095556,8494040,0,0,0,0,43,0,39,na,12078332,17224,0,16280240,2389840,0,99.857601,0.142399,0.000000,87.199626,12.800374,0.000000,8491176,2864,0,8328720,165320,0,99.966282,0.033718,0.000000,98.053694,1.946306,0.000000,"wKa1,wNc2,wNd2,wBd1,bKc1","wKa1,wNd3,wNe5,wBf6,bKe4"
KBNNK-capture,6,4,1,shared,king,12095556,8494040,0,1,0,1,21,0,17,na,12095556,0,0,18670080,0,0,100.000000,0.000000,0.000000,100.000000,0.000000,0.000000,8494040,0,0,8494040,0,0,100.000000,0.000000,0.000000,100.000000,0.000000,0.000000,"wKa1,wNd1,wNd2,wBc2,bKc1","wKa1,wNf1,wNa6,wBf3,bKc2"
KBNNK,7,4,1,shared,king,68992072,51766464,0,0,0,0,43,0,37,na,68448092,543980,0,79924512,19311288,0,99.211533,0.788467,0.000000,80.539999,19.460001,0.000000,51752800,13664,0,50860440,906024,0,99.973605,0.026395,0.000000,98.249786,1.750214,0.000000,"wKa1,wNf2,wNf4,wBg3,bKf3","wKa1,wNf2,wNg2,wBg3,bKe2"
KBNNK-capture,7,4,1,shared,king,68992072,51766464,0,0,0,1,29,0,25,na,68992072,0,0,99050932,184868,0,100.000000,0.000000,0.000000,99.813708,0.186292,0.000000,51766464,0,0,51766464,0,0,100.000000,0.000000,0.000000,100.000000,0.000000,0.000000,"wKa1,wNe1,wNd2,wBe2,bKe3","wKa1,wNf2,wNg2,wBg3,bKe2"
KBNNK,8,4,1,shared,king,300817280,237941004,0,0,0,0,67,0,61,na,300748976,68304,0,375356744,34460776,0,99.977294,0.022706,0.000000,91.591190,8.408810,0.000000,237929540,11464,0,237211292,729712,0,99.995182,0.004818,0.000000,99.693322,0.306678,0.000000,"wKa1,wNg3,wNg5,wBh4,bKg4","wKa1,wNg7,wNg8,wBf8,bKg6"
KBNNK-capture,8,4,1,shared,king,300817280,237941004,0,0,0,1,37,0,31,na,300817280,0,0,409379360,438160,0,100.000000,0.000000,0.000000,99.893084,0.106916,0.000000,237941004,0,0,237941004,0,0,100.000000,0.000000,0.000000,100.000000,0.000000,0.000000,"wKa1,wNg3,wNg5,wBh4,bKg4","wKa1,wNb1,wNg7,wBf8,bKg6"
